,Location,Year,Kilometers_Driven,Fuel_Type,Transmission,Owner_Type,Mileage,engine_capacity(cc),Power_bhp,Seats,Price,Brand_name,Model_name
0,Mumbai,2010,72000,CNG,Manual,First,35.910000000000004,998,58.16,5.0,1.75,Maruti,Wagon
1,Pune,2015,41000,Diesel,Manual,First,19.67,1582,126.2,5.0,12.5,Hyundai,Creta
2,Chennai,2011,46000,Petrol,Manual,First,18.2,1199,88.7,5.0,4.5,Honda,Jazz
3,Chennai,2012,87000,Diesel,Manual,First,20.77,1248,88.76,7.0,6.0,Maruti,Ertiga
4,Coimbatore,2013,40670,Diesel,Automatic,Second,15.2,1968,140.8,5.0,17.74,Audi,A4
5,Hyderabad,2012,75000,LPG,Manual,First,28.485000000000003,814,55.2,5.0,2.35,Hyundai,EON
6,Jaipur,2013,86999,Diesel,Manual,First,23.08,1461,63.1,5.0,3.5,Nissan,Micra
7,Mumbai,2016,36000,Diesel,Automatic,First,11.36,2755,171.5,8.0,17.5,Toyota,Innova
8,Pune,2013,64430,Diesel,Manual,First,20.54,1598,103.6,5.0,5.2,Volkswagen,Vento
9,Chennai,2012,65932,Diesel,Manual,Second,22.3,1248,74.0,5.0,1.95,Tata,Indica
10,Kochi,2018,25692,Petrol,Manual,First,21.56,1462,103.25,5.0,9.95,Maruti,Ciaz
11,Kolkata,2012,60000,Petrol,Automatic,First,16.8,1497,116.3,5.0,4.49,Honda,City
12,Jaipur,2015,64424,Diesel,Manual,First,25.2,1248,74.0,5.0,5.6,Maruti,Swift
13,Delhi,2014,72000,Diesel,Automatic,First,12.7,2179,187.7,5.0,27.0,Land,Rover
14,Delhi,2014,110000,Diesel,Manual,First,13.5,2477,175.56,7.0,15.0,Mitsubishi,Pajero
15,Kochi,2016,58950,Diesel,Manual,First,25.8,1498,98.6,5.0,5.4,Honda,Amaze
16,Jaipur,2017,25000,Diesel,Manual,First,28.4,1248,74.0,5.0,5.99,Maruti,Swift
17,Kochi,2014,77469,Diesel,Manual,First,20.45,1461,83.8,5.0,6.34,Renault,Duster
18,Bangalore,2014,78500,Diesel,Automatic,First,14.84,2143,167.62,5.0,28.0,Mercedes-Benz,New
19,Kochi,2014,32982,Diesel,Automatic,First,22.69,1995,190.0,5.0,18.55,BMW,3
20,Bangalore,2015,55392,Diesel,Manual,Second,23.65,1248,88.5,5.0,8.25,Maruti,S
21,Mumbai,2015,55985,Petrol,Automatic,First,13.53,1984,177.01,5.0,23.5,Audi,A6
22,Kolkata,2010,45807,Petrol,Manual,First,18.5,1197,80.0,5.0,1.87,Hyundai,i20
23,Kolkata,2010,33000,Petrol,Automatic,First,14.4,1598,103.6,5.0,2.85,Volkswagen,Vento
24,Mumbai,2012,51920,Petrol,Manual,First,16.8,1497,116.3,5.0,4.25,Honda,City
25,Hyderabad,2012,54000,Diesel,Manual,First,23.08,1461,63.1,5.0,4.25,Nissan,Micra
26,Hyderabad,2013,54000,Petrol,Manual,Second,20.92,998,67.1,5.0,2.75,Maruti,Alto
27,Kochi,2018,37430,Petrol,Manual,First,17.5,1199,88.7,5.0,9.9,Honda,WRV
28,Mumbai,2007,262000,Diesel,Manual,Fourth & Above,12.8,2494,102.0,7.0,4.0,Toyota,Innova
29,Bangalore,2013,62000,Diesel,Manual,First,19.01,1461,108.45,5.0,7.75,Renault,Duster
30,Delhi,2012,87615,Petrol,Manual,First,14.53,1798,138.1,5.0,6.75,Toyota,Corolla
31,Bangalore,2013,72000,Diesel,Automatic,Second,11.18,2696,184.0,7.0,12.5,Mahindra,Ssangyong
32,Kolkata,2010,35000,Diesel,Automatic,First,12.4,2698,179.5,5.0,11.5,Audi,A6
33,Coimbatore,2014,55431,Petrol,Manual,Second,16.09,1598,103.5,5.0,6.98,Volkswagen,Vento
34,Jaipur,2009,83816,Petrol,Manual,Second,14.0,1061,64.0,5.0,1.85,Maruti,Wagon
35,Kochi,2018,50075,Diesel,Manual,First,24.3,1248,88.5,5.0,8.63,Maruti,Vitara
36,Delhi,2017,52000,Petrol,Manual,First,18.15,1198,82.0,5.0,4.85,Mahindra,KUV
37,Pune,2013,85000,Diesel,Automatic,First,11.74,2987,254.8,5.0,28.0,Mercedes-Benz,M-Class
38,Chennai,2013,62000,Diesel,Manual,First,22.07,1199,73.9,5.0,5.0,Volkswagen,Polo
39,Delhi,2008,90000,Petrol,Manual,Second,19.7,796,46.3,5.0,1.25,Maruti,Alto
40,Kochi,2014,19698,Petrol,Manual,First,25.4,624,37.5,4.0,1.53,Tata,Nano
41,Coimbatore,2017,22033,Diesel,Manual,First,25.32,1198,77.0,6.0,5.58,Mahindra,KUV
42,Kochi,2014,35487,Petrol,Manual,First,18.5,1197,82.9,5.0,4.74,Hyundai,i20
43,Bangalore,2014,46374,Petrol,Automatic,First,14.62,1999,149.92,5.0,8.85,Hyundai,Elantra
44,Mumbai,2016,52001,Petrol,Automatic,First,14.28,1798,138.03,5.0,10.11,Toyota,Corolla
45,Ahmedabad,2008,58005,Diesel,Manual,Second,14.9,1991,112.2,5.0,4.25,Hyundai,Elantra
46,Bangalore,2012,70704,Petrol,Manual,First,11.25,2694,163.7,7.0,10.95,Toyota,Innova
47,Jaipur,2014,75000,Diesel,Manual,First,24.4,1120,71.0,5.0,3.85,Hyundai,Xcent
48,Jaipur,2012,75800,Diesel,Manual,Second,16.55,2498,105.0,6.0,5.5,Mahindra,Thar
49,Kochi,2015,13648,Diesel,Automatic,First,17.11,1968,174.33,5.0,21.43,Audi,A4
50,Delhi,2014,52000,Diesel,Manual,First,22.9,1248,74.0,5.0,4.25,Maruti,Swift
51,Kolkata,2014,53000,Diesel,Manual,First,17.8,1248,75.0,5.0,3.3,Maruti,Swift
52,Delhi,2013,65650,Diesel,Manual,First,28.4,1248,74.0,5.0,3.85,Maruti,Swift
53,Chennai,2015,54000,Petrol,Manual,Third,18.9,1197,82.0,5.0,3.6,Hyundai,Grand
54,Kolkata,2015,39000,Petrol,Manual,First,15.04,1598,103.2,5.0,3.99,Volkswagen,Vento
55,Kochi,2017,16542,Petrol,Manual,First,25.17,799,53.3,5.0,3.3,Renault,KWID
56,Kolkata,2010,32000,Petrol,Manual,First,20.36,1197,78.9,5.0,2.07,Hyundai,i10
57,Hyderabad,2010,121812,Diesel,Automatic,First,13.29,1995,147.6,5.0,7.75,Nissan,X-Trail
58,Hyderabad,2010,39300,Petrol,Manual,First,18.2,998,67.1,5.0,2.25,Maruti,Zen
59,Mumbai,2017,22000,Diesel,Manual,First,13.68,2393,147.8,8.0,16.5,Toyota,Innova
60,Bangalore,2010,72000,Diesel,Manual,First,20.0,1399,68.0,5.0,2.75,Ford,Figo
61,Delhi,2015,58000,Petrol,Automatic,First,11.74,1796,186.0,5.0,26.7,Mercedes-Benz,New
62,Pune,2011,65000,Diesel,Manual,Second,15.8,2148,170.0,5.0,10.0,Mercedes-Benz,New
63,Chennai,2016,178000,Diesel,Manual,First,25.0,1396,69.0,5.0,2.5,Tata,Indica
64,Jaipur,2012,65664,Diesel,Automatic,First,16.55,1968,140.0,5.0,13.5,Audi,A4
65,Mumbai,2007,63000,Petrol,Automatic,Second,16.4,1497,78.0,5.0,1.85,Honda,City
66,Pune,2016,63000,Diesel,Manual,First,24.52,1248,88.5,7.0,8.15,Maruti,Ertiga
67,Mumbai,2018,13000,Diesel,Manual,First,22.1,1396,88.7,5.0,10.5,Hyundai,Creta
68,Mumbai,2008,73000,Petrol,Automatic,First,8.5,4806,500.0,5.0,14.5,Porsche,Cayenne
69,Mumbai,2015,55729,Diesel,Manual,First,15.1,2179,140.0,7.0,9.65,Mahindra,XUV500
70,Kochi,2012,45178,Petrol,Automatic,First,16.95,1197,78.9,5.0,3.48,Hyundai,i10
71,Kochi,2015,56066,Diesel,Manual,First,19.64,1461,108.5,5.0,6.92,Nissan,Terrano
72,Coimbatore,2016,37300,Petrol,Automatic,Second,16.5,1198,86.8,5.0,6.46,Honda,Brio
73,Delhi,2014,56000,Diesel,Automatic,Second,18.53,1968,187.74,5.0,29.5,Audi,A6
74,Chennai,2006,230000,Petrol,Manual,Third,12.4,1998,132.0,8.0,4.5,Toyota,Innova
75,Hyderabad,2012,104000,Diesel,Manual,First,12.8,2494,102.0,7.0,11.75,Toyota,Innova
76,Jaipur,2012,95100,Diesel,Manual,First,22.9,1248,74.0,5.0,3.75,Maruti,Swift
77,Pune,2017,70000,Petrol,Manual,First,17.57,1193,88.7,5.0,4.5,Tata,Zest
78,Kochi,2016,54944,Petrol,Manual,First,18.0,1198,86.7,5.0,4.82,Honda,Amaze
79,Hyderabad,2012,70337,Diesel,Manual,First,20.0,1399,68.0,5.0,2.8,Ford,Figo
80,Jaipur,2013,99638,Diesel,Manual,First,23.2,1248,73.94,5.0,3.11,Maruti,Ritz
81,Delhi,2009,52000,Petrol,Manual,First,17.8,1497,117.3,5.0,3.25,Honda,City
82,Delhi,2011,75000,Diesel,Automatic,Second,16.73,1995,218.0,5.0,13.9,BMW,5
83,Pune,2009,95980,Petrol,Manual,First,20.36,1197,78.9,5.0,2.25,Hyundai,i10
84,Bangalore,2016,16000,Petrol,Manual,First,18.9,1197,82.0,5.0,5.75,Hyundai,Grand
85,Mumbai,2016,18949,Petrol,Manual,First,17.8,1198,86.7,5.0,5.0,Honda,Amaze
86,Delhi,2014,107000,Diesel,Manual,First,13.0,2982,168.5,7.0,16.5,Toyota,Fortuner
87,Coimbatore,2018,48367,Diesel,Automatic,First,17.68,1968,174.33,5.0,39.58,Audi,A6
88,Delhi,2013,57000,Diesel,Manual,First,22.7,1498,89.84,5.0,5.5,Ford,Ecosport
89,Delhi,2014,58000,Diesel,Manual,First,15.1,2179,140.0,7.0,8.1,Mahindra,XUV500
90,Kolkata,2015,30000,Diesel,Manual,First,25.8,1498,98.6,5.0,3.5,Honda,Amaze
91,Kolkata,2013,34212,Diesel,Manual,First,22.07,1199,73.9,5.0,2.79,Volkswagen,Polo
92,Ahmedabad,2010,70002,Diesel,Manual,First,16.2,1493,110.0,5.0,3.45,Hyundai,Verna
93,Bangalore,2016,62000,Petrol,Manual,First,18.9,998,67.1,5.0,4.45,Maruti,Wagon
94,Delhi,2010,62001,Petrol,Manual,First,15.26,1598,103.5,5.0,2.65,Volkswagen,Polo
95,Pune,2011,78958,Diesel,Manual,Second,23.0,1396,90.0,5.0,3.8,Hyundai,i20
96,Mumbai,2014,30180,Petrol,Manual,First,18.5,1197,82.85,5.0,4.65,Hyundai,i20
97,Pune,2017,32851,Petrol,Manual,First,19.83,1198,67.0,7.0,3.95,Datsun,GO
98,Kolkata,2010,30000,Diesel,Automatic,First,14.94,2967,241.4,5.0,9.8,Audi,A4
99,Pune,2009,66000,Petrol,Manual,Second,17.0,1197,80.0,5.0,2.7,Hyundai,i20
100,Coimbatore,2010,93850,Petrol,Manual,First,14.0,796,35.0,5.0,2.41,Maruti,Omni
101,Ahmedabad,2014,53000,Petrol,Manual,First,17.71,1197,78.9,5.0,3.9,Toyota,Etios
102,Hyderabad,2011,78000,Diesel,Automatic,Second,14.74,2993,270.9,5.0,24.0,Jaguar,XF
103,Delhi,2012,65000,Diesel,Manual,Second,16.0,2179,140.0,7.0,5.75,Mahindra,XUV500
104,Kolkata,2014,40000,Diesel,Automatic,First,22.32,1582,126.32,5.0,5.25,Hyundai,Verna
105,Mumbai,2017,30000,Diesel,Automatic,First,11.36,2755,171.5,7.0,19.25,Toyota,Innova
106,Coimbatore,2017,38053,Petrol,Manual,First,15.1,1196,73.0,5.0,3.91,Maruti,Eeco
107,Bangalore,2014,25500,Petrol,Manual,First,25.4,624,37.5,4.0,2.15,Tata,Nano
108,Mumbai,2015,56087,Diesel,Automatic,First,22.69,1995,190.0,5.0,20.75,BMW,3
109,Delhi,2010,71088,Petrol,Manual,First,13.5,1799,130.0,5.0,3.35,Honda,Civic
110,Ahmedabad,2014,55000,Diesel,Manual,First,12.99,2494,100.6,7.0,11.11,Toyota,Innova
111,Bangalore,2014,32700,Diesel,Automatic,First,23.3,1984,150.0,5.0,20.0,Volvo,V40
112,Coimbatore,2016,39882,Petrol,Automatic,First,19.15,1198,75.94,5.0,6.55,Nissan,Micra
113,Mumbai,2009,128000,Petrol,Automatic,First,10.8,2497,215.0,5.0,7.0,BMW,5
114,Mumbai,2016,55000,Diesel,Manual,First,24.3,1248,88.5,5.0,7.5,Maruti,Vitara
115,Pune,2014,53753,Diesel,Automatic,Second,15.0,2143,107.3,5.0,16.75,Mercedes-Benz,B
116,Kolkata,2018,10250,Diesel,Manual,First,22.0,1582,126.2,5.0,10.95,Hyundai,Verna
117,Pune,2011,43874,Petrol,Manual,First,18.9,998,67.1,5.0,2.45,Maruti,Wagon
118,Coimbatore,2017,32684,Petrol,Automatic,First,21.9,624,37.48,4.0,3.23,Tata,Nano
119,Kolkata,2014,42000,Diesel,Manual,First,12.05,2179,120.0,8.0,7.75,Mahindra,Scorpio
120,Kolkata,2009,28352,Petrol,Automatic,First,11.7,1796,178.0,5.0,9.35,Mercedes-Benz,New
121,Pune,2013,89900,CNG,Manual,First,35.910000000000004,998,58.16,5.0,3.25,Maruti,Wagon
122,Bangalore,2007,47700,Petrol,Manual,Second,10.8,2354,152.0,5.0,5.25,Honda,CR-V
123,Pune,2015,55000,Diesel,Automatic,First,21.21,1498,103.2,5.0,7.25,Volkswagen,Vento
124,Kochi,2017,44285,Petrol,Manual,First,20.73,1373,91.1,5.0,7.47,Maruti,Ciaz
125,Jaipur,2016,54000,Diesel,Automatic,First,16.0,2179,140.0,7.0,13.25,Mahindra,XUV500
126,Coimbatore,2016,30232,Petrol,Manual,First,21.1,1197,85.8,5.0,5.81,Maruti,Ritz
127,Hyderabad,2014,88500,Petrol,Manual,First,24.07,998,67.1,5.0,2.6,Maruti,Alto
128,Kolkata,2017,13372,Petrol,Automatic,First,19.0,2996,362.07,2.0,54.0,Mercedes-Benz,SLC
129,Kochi,2019,12645,Petrol,Automatic,First,17.0,1591,121.3,5.0,11.5,Hyundai,Verna
130,Chennai,2010,94385,Petrol,Manual,Second,19.7,796,46.3,5.0,1.6,Maruti,Alto
131,Coimbatore,2015,31821,Diesel,Automatic,First,20.58,1995,143.0,5.0,17.22,BMW,1
132,Mumbai,2015,12000,Petrol,Automatic,First,19.0,1199,88.7,5.0,6.0,Honda,Jazz
133,Delhi,2012,88578,Petrol,Manual,First,13.5,1799,130.0,5.0,3.95,Honda,Civic
134,Kochi,2014,44965,Diesel,Automatic,First,19.27,2143,170.0,5.0,17.95,Mercedes-Benz,New
135,Kolkata,2014,45044,Diesel,Manual,First,25.8,1498,98.6,5.0,3.7,Honda,Amaze
136,Kochi,2016,34204,Petrol,Manual,First,22.0,1197,81.8,5.0,5.43,Maruti,Swift
137,Coimbatore,2012,91235,Diesel,Manual,First,11.5,2982,171.0,7.0,13.49,Toyota,Fortuner
138,Pune,2014,38800,Petrol,Manual,First,18.6,1199,76.8,5.0,2.85,Chevrolet,Beat
139,Chennai,2013,83000,Diesel,Manual,First,21.14,1498,103.52,5.0,4.75,Skoda,Rapid
140,Kochi,2018,41283,Petrol,Manual,First,20.73,1373,91.1,5.0,9.9,Maruti,Ciaz
141,Mumbai,2013,23000,Petrol,Automatic,First,11.05,2894,444.0,4.0,37.0,Audi,RS5
142,Mumbai,2014,48000,Diesel,Automatic,First,21.76,1995,190.0,5.0,26.5,BMW,3
143,Coimbatore,2015,48214,Diesel,Automatic,First,17.11,1968,174.33,5.0,23.32,Audi,A4
144,Chennai,2016,35000,Diesel,Manual,First,22.9,1248,74.0,5.0,6.25,Maruti,Swift
145,Kolkata,2010,35277,Petrol,Automatic,First,7.81,5461,362.9,5.0,30.0,Mercedes-Benz,S
146,Coimbatore,2016,54620,Diesel,Automatic,First,21.66,1498,103.52,5.0,9.86,Skoda,Rapid
147,Pune,2012,136997,Diesel,Automatic,First,17.2,1968,138.1,5.0,8.5,Skoda,Superb
148,Kochi,2019,14322,Petrol,Manual,First,21.1,814,55.2,5.0,4.23,Hyundai,EON
149,Jaipur,2012,65634,Diesel,Manual,First,22.07,1199,73.9,5.0,3.5,Volkswagen,Polo
150,Kolkata,2016,6000,Petrol,Manual,First,20.63,1198,67.06,5.0,2.5,Datsun,GO
151,Kolkata,2013,33280,Petrol,Manual,First,19.4,1198,86.8,5.0,2.39,Honda,Brio
152,Delhi,2013,29000,Petrol,Automatic,First,14.8,1595,120.7,5.0,11.25,Mercedes-Benz,B
153,Kochi,2015,42831,Diesel,Manual,First,26.0,1498,98.6,5.0,7.11,Honda,City
154,Ahmedabad,2016,90000,Diesel,Manual,First,12.99,2494,100.6,7.0,10.9,Toyota,Innova
155,Ahmedabad,2017,24005,Petrol,Manual,First,20.4,1197,81.8,5.0,6.2,Maruti,Swift
156,Mumbai,2012,32792,Diesel,Manual,First,15.1,2179,140.0,7.0,7.9,Mahindra,XUV500
157,Kochi,2014,147898,Diesel,Manual,First,22.7,1498,89.84,5.0,4.42,Ford,Ecosport
158,Mumbai,2012,131765,Diesel,Manual,First,13.0,2982,168.5,7.0,13.5,Toyota,Fortuner
159,Chennai,2013,65000,Diesel,Automatic,First,21.5,1498,108.5,5.0,6.25,Volkswagen,Vento
160,Jaipur,2010,66123,Diesel,Manual,Second,20.0,1399,68.0,5.0,2.1,Ford,Figo
161,Mumbai,2015,41000,Diesel,Automatic,First,15.3,2993,258.0,5.0,45.0,BMW,X5
162,Coimbatore,2017,23550,Diesel,Automatic,First,19.27,2143,167.62,5.0,33.66,Mercedes-Benz,New
163,Bangalore,2012,45000,Petrol,Manual,Second,19.4,1198,86.8,5.0,3.65,Honda,Brio
164,Delhi,2013,60000,Petrol,Manual,First,20.36,1197,78.9,5.0,2.75,Hyundai,i10
165,Bangalore,2016,44414,Diesel,Automatic,First,17.9,2143,170.0,5.0,42.5,Mercedes-Benz,GLC
166,Kolkata,2019,1000,Petrol,Manual,First,18.9,1197,81.86,5.0,6.5,Hyundai,Grand
167,Mumbai,2012,62500,Diesel,Automatic,Second,17.68,1968,174.33,5.0,19.0,Audi,A6
168,Mumbai,2013,21000,Petrol,Automatic,Second,14.4,1598,103.6,5.0,4.45,Volkswagen,Vento
169,Jaipur,2017,8525,Diesel,Automatic,Second,16.6,1998,112.0,5.0,23.0,Mini,Countryman
170,Bangalore,2014,29000,Diesel,Manual,First,22.54,1396,88.73,5.0,8.35,Hyundai,i20
171,Mumbai,2014,40000,Diesel,Automatic,First,17.68,1968,174.33,5.0,22.95,Audi,A6
172,Jaipur,2012,88000,Diesel,Manual,First,25.44,936,57.6,5.0,1.5,Chevrolet,Beat
173,Kochi,2012,53537,Petrol,Automatic,First,13.7,1798,157.75,5.0,6.89,Skoda,Superb
174,Chennai,2006,216000,Diesel,Manual,Second,17.8,1399,68.0,5.0,1.45,Ford,Fiesta
175,Hyderabad,2014,51000,Diesel,Automatic,First,22.48,1995,190.0,5.0,33.5,BMW,5
176,Jaipur,2007,118500,Petrol,Manual,First,12.9,1598,102.5,5.0,1.25,Chevrolet,Optra
177,Hyderabad,2012,63000,Diesel,Manual,First,22.07,1199,73.9,5.0,4.2,Volkswagen,Polo
178,Mumbai,2015,25000,Diesel,Manual,First,19.98,1461,108.5,8.0,6.75,Renault,Lodgy
179,Bangalore,2014,37382,Diesel,Automatic,First,13.0,2143,201.1,5.0,32.0,Mercedes-Benz,E-Class
180,Kochi,2017,24773,Petrol,Manual,First,21.4,1197,83.1,5.0,7.5,Maruti,Baleno
181,Delhi,2012,62000,Diesel,Manual,First,22.32,1582,126.32,5.0,4.6,Hyundai,Verna
182,Kochi,2017,52340,Petrol,Manual,First,19.81,1086,68.05,5.0,4.04,Hyundai,i10
183,Kochi,2016,56739,Diesel,Manual,First,15.4,1997,120.0,7.0,10.31,Mahindra,Scorpio
184,Coimbatore,2018,36091,Diesel,Automatic,First,12.7,2179,187.7,5.0,55.76,Land,Rover
185,Chennai,2010,120000,Diesel,Manual,First,20.0,1399,68.0,5.0,2.6,Ford,Figo
186,Mumbai,2016,33000,Diesel,Manual,First,25.47,1248,88.5,7.0,8.5,Maruti,Ertiga
187,Kolkata,2014,52000,Diesel,Manual,First,25.8,1498,98.6,5.0,3.5,Honda,Amaze
188,Jaipur,2015,43571,Petrol,Manual,First,20.36,1197,78.9,5.0,3.55,Hyundai,i10
189,Kolkata,2013,50000,Diesel,Manual,First,25.8,1498,98.6,5.0,3.25,Honda,Amaze
190,Hyderabad,2008,113000,Diesel,Manual,First,17.5,1896,106.0,5.0,4.5,Skoda,Laura
191,Delhi,2014,90000,Diesel,Manual,First,19.87,1461,83.8,5.0,5.35,Renault,Duster
192,Chennai,2017,29000,Diesel,Manual,Second,17.45,1493,100.0,7.0,6.5,Mahindra,NuvoSport
193,Mumbai,2016,20000,Diesel,Manual,First,24.3,1248,88.5,5.0,9.0,Maruti,Vitara
194,Kochi,2016,61012,Petrol,Manual,First,18.6,1197,81.83,5.0,6.0,Hyundai,i20
195,Jaipur,2009,87459,Petrol,Manual,First,14.7,1390,85.0,5.0,2.75,Skoda,Fabia
196,Pune,2010,70500,Petrol,Manual,First,15.64,1193,64.1,5.0,1.5,Tata,Indigo
197,Delhi,2015,64103,Diesel,Automatic,First,15.73,1968,174.33,5.0,19.9,Audi,Q3
198,Mumbai,2014,76000,Petrol,Automatic,First,14.7,1798,177.5,5.0,10.0,Skoda,Octavia
199,Delhi,2014,104000,Diesel,Manual,First,23.59,1364,67.06,5.0,3.0,Toyota,Etios
200,Kochi,2014,37245,Petrol,Automatic,First,14.8,1595,120.7,5.0,11.96,Mercedes-Benz,B
201,Kolkata,2013,45000,Diesel,Manual,First,27.4,1498,98.6,5.0,3.25,Honda,Amaze
202,Jaipur,2012,117837,Diesel,Manual,Second,22.32,1582,126.32,5.0,4.75,Hyundai,Verna
203,Mumbai,2014,30000,Diesel,Manual,First,20.46,1461,83.8,5.0,5.95,Renault,Duster
204,Delhi,2015,27057,Petrol,Manual,Second,15.29,1591,121.3,5.0,8.15,Hyundai,Creta
205,Mumbai,2016,8500,Petrol,Automatic,First,20.51,998,67.0,5.0,4.22,Maruti,Wagon
206,Kolkata,2010,30500,Petrol,Automatic,First,11.74,1796,186.0,5.0,10.5,Mercedes-Benz,New
207,Delhi,2012,56000,Diesel,Automatic,First,11.8,2967,246.7,5.0,45.0,Audi,A8
208,Pune,2012,44000,Petrol,Manual,Second,19.81,1086,68.05,5.0,2.9,Hyundai,i10
209,Mumbai,2017,10500,Petrol,Automatic,First,14.3,1598,103.52,5.0,8.9,Skoda,Rapid
210,Hyderabad,2017,26000,Petrol,Automatic,First,14.67,1798,177.46,5.0,26.0,Skoda,Superb
211,Coimbatore,2018,25166,Petrol,Manual,First,17.19,1197,81.86,5.0,8.22,Hyundai,i20
212,Kolkata,2014,64000,Diesel,Manual,Second,25.8,1498,98.6,5.0,3.5,Honda,Amaze
213,Chennai,2004,61000,Petrol,Manual,Second,18.9,998,67.1,5.0,1.25,Maruti,Wagon
214,Hyderabad,2013,107000,Diesel,Manual,First,21.03,1461,65.0,5.0,3.7,Mahindra,Verito
215,Coimbatore,2018,29161,Diesel,Automatic,First,19.27,2143,167.62,5.0,39.41,Mercedes-Benz,New
216,Kolkata,2013,32000,Petrol,Manual,First,22.5,998,67.04,5.0,2.65,Maruti,Wagon
217,Coimbatore,2015,46173,Diesel,Manual,Second,19.01,1461,108.5,5.0,8.92,Nissan,Terrano
218,Kochi,2017,26327,Petrol,Automatic,First,16.82,1998,189.08,4.0,35.67,Mini,Cooper
219,Jaipur,2007,200000,Diesel,Manual,Second,17.2,1396,53.5,5.0,0.85,Tata,Indica
220,Kochi,2016,60813,Petrol,Manual,Second,18.6,1199,76.8,5.0,3.32,Chevrolet,Beat
221,Mumbai,2012,45000,Diesel,Manual,First,22.07,1199,73.9,5.0,3.6,Volkswagen,Polo
222,Hyderabad,2016,64000,Diesel,Manual,First,22.9,1248,74.0,5.0,6.8,Maruti,Swift
223,Kolkata,2012,41284,Diesel,Manual,First,20.0,1399,68.05,5.0,2.5,Ford,Figo
224,Kochi,2019,14165,Diesel,Automatic,First,11.36,2755,171.5,7.0,19.64,Toyota,Innova
225,Mumbai,2011,67000,Diesel,Automatic,Second,11.72,2199,194.3,7.0,7.0,Hyundai,Santa
226,Kolkata,2011,32572,Petrol,Manual,First,17.4,1497,117.3,5.0,3.87,Honda,City
227,Kochi,2018,14960,Petrol,Manual,First,18.6,1197,81.83,5.0,6.27,Hyundai,i20
228,Kochi,2015,55980,Diesel,Automatic,First,19.27,2143,167.62,5.0,18.12,Mercedes-Benz,New
229,Mumbai,2013,74000,Diesel,Manual,First,25.44,936,57.6,5.0,2.65,Chevrolet,Beat
230,Kochi,2015,56847,Diesel,Manual,First,22.54,1396,88.73,5.0,7.2,Hyundai,i20
231,Coimbatore,2015,121374,Diesel,Manual,First,12.99,2494,100.6,7.0,14.3,Toyota,Innova
232,Chennai,2013,52000,Diesel,Manual,First,20.77,1248,88.76,7.0,6.9,Maruti,Ertiga
233,Mumbai,2014,118000,Diesel,Manual,First,12.8,2494,102.0,7.0,10.75,Toyota,Innova
234,Kochi,2016,33915,Petrol,Manual,First,17.8,1497,117.3,5.0,8.09,Honda,City
235,Ahmedabad,2014,82002,Diesel,Automatic,First,17.05,1995,184.0,5.0,18.5,BMW,X1
236,Mumbai,2017,33000,Diesel,Manual,First,24.0,1120,70.0,5.0,4.75,Hyundai,Grand
237,Chennai,2016,34000,Diesel,Manual,First,28.09,1248,88.5,5.0,8.45,Maruti,Ciaz
238,Kolkata,2012,55000,Diesel,Manual,First,20.5,1598,103.6,5.0,3.5,Skoda,Rapid
239,Kochi,2006,160538,Diesel,Manual,First,13.1,1493,82.0,5.0,1.8,Hyundai,Accent
240,Jaipur,2014,60000,Diesel,Manual,Second,19.91,1498,103.6,5.0,3.7,Volkswagen,Polo
241,Coimbatore,2017,49575,Petrol,Manual,First,18.7,1199,88.7,5.0,7.17,Honda,Jazz
242,Jaipur,2010,83000,Petrol,Manual,First,19.81,1086,68.05,5.0,1.75,Hyundai,i10
243,Kochi,2018,51346,Diesel,Automatic,First,16.38,1995,183.0,5.0,21.99,Hyundai,Tucson
244,Pune,2017,43000,Diesel,Manual,First,13.68,2393,147.8,7.0,18.65,Toyota,Innova
245,Jaipur,2011,35000,Petrol,Manual,Third,19.7,796,35.0,5.0,1.85,Maruti,Omni
246,Coimbatore,2017,27872,Petrol,Manual,Second,20.4,1197,81.8,5.0,5.95,Maruti,Swift
247,Mumbai,2014,16514,Petrol,Manual,First,18.9,1197,82.0,5.0,3.75,Hyundai,Grand
248,Pune,2012,120000,Diesel,Manual,First,22.9,1248,74.0,5.0,3.75,Maruti,Swift
249,Hyderabad,2008,143275,Diesel,Manual,First,22.0,1582,126.2,5.0,2.6,Hyundai,Verna
250,Mumbai,2010,52000,Petrol,Manual,First,17.0,1197,80.0,5.0,2.8,Hyundai,i20
251,Coimbatore,2017,29819,Diesel,Automatic,First,11.57,2987,254.79,5.0,61.29,Mercedes-Benz,GLE
252,Bangalore,2014,57000,Diesel,Manual,Second,15.8,2148,170.0,5.0,18.0,Mercedes-Benz,New
253,Hyderabad,2014,88500,Diesel,Manual,First,23.2,1248,73.94,5.0,4.35,Maruti,Ritz
254,Bangalore,2016,28000,Diesel,Manual,First,19.67,1582,126.2,5.0,13.75,Hyundai,Creta
255,Pune,2010,67000,Petrol,Manual,First,19.0,998,66.1,5.0,2.0,Maruti,A-Star
256,Delhi,2016,26000,Diesel,Manual,First,19.64,1461,108.45,5.0,10.0,Renault,Duster
257,Delhi,2010,120000,Diesel,Manual,First,17.8,1248,76.0,5.0,1.65,Fiat,Grande
258,Coimbatore,2017,51982,Diesel,Automatic,First,16.55,2993,258.0,5.0,45.77,BMW,X3
259,Bangalore,2010,36000,Petrol,Manual,Second,20.36,1197,78.9,5.0,3.25,Hyundai,i10
260,Pune,2016,47000,Diesel,Manual,First,12.8,2494,102.0,7.0,12.8,Toyota,Innova
261,Mumbai,2002,60000,Petrol,Manual,Third,17.3,993,60.0,5.0,0.55,Maruti,Zen
262,Hyderabad,2018,31025,Diesel,Manual,First,28.4,1248,74.0,5.0,7.15,Maruti,Swift
263,Pune,2013,105000,Diesel,Manual,Second,12.05,2179,120.0,8.0,7.0,Mahindra,Scorpio
264,Pune,2017,121900,Diesel,Manual,First,22.95,1248,74.0,5.0,3.75,Tata,Zest
265,Mumbai,2017,22695,Petrol,Manual,First,18.88,999,123.24,5.0,8.5,Ford,EcoSport
266,Jaipur,2012,73000,Diesel,Manual,First,23.4,1248,74.0,5.0,4.35,Maruti,Swift
267,Kochi,2016,32227,Petrol,Manual,First,22.74,796,47.3,5.0,3.26,Maruti,Alto
268,Jaipur,2011,55000,Petrol,Manual,First,17.0,1497,118.0,5.0,4.21,Honda,City
269,Kochi,2018,11287,Diesel,Automatic,First,12.07,2967,241.4,7.0,70.36,Audi,Q7
270,Mumbai,2009,48000,Diesel,Automatic,Second,17.0,1896,105.0,5.0,2.95,Skoda,Laura
271,Kochi,2012,54308,Petrol,Manual,First,17.1,1591,121.3,5.0,4.28,Hyundai,Verna
272,Jaipur,2009,78442,Petrol,Automatic,First,16.8,1497,118.0,5.0,3.57,Honda,City
273,Kolkata,2013,46000,Diesel,Manual,First,21.9,1396,88.8,5.0,3.11,Hyundai,i20
274,Coimbatore,2014,45051,Petrol,Automatic,First,15.0,1396,98.6,5.0,5.96,Hyundai,i20
275,Hyderabad,2011,69000,Diesel,Manual,First,20.54,1598,103.6,5.0,4.7,Volkswagen,Vento
276,Ahmedabad,2014,49000,Petrol,Manual,First,17.4,1497,117.3,5.0,6.9,Honda,City
277,Pune,2018,45000,Diesel,Manual,First,22.95,1248,74.0,5.0,5.25,Tata,Zest
278,Pune,2015,64000,Diesel,Automatic,First,18.48,1995,177.0,5.0,28.0,BMW,5
279,Delhi,2009,60000,Petrol,Manual,First,18.9,1061,67.0,5.0,1.35,Maruti,Wagon
280,Delhi,2015,62178,Petrol,Manual,First,18.2,1199,88.7,5.0,4.85,Honda,Jazz
281,Coimbatore,2012,58006,Diesel,Manual,First,15.0,1896,105.0,5.0,6.7,Volkswagen,Jetta
282,Hyderabad,2010,74000,Petrol,Manual,First,20.36,1197,78.9,5.0,3.1,Hyundai,i10
283,Kochi,2015,77771,Diesel,Automatic,First,19.27,2143,170.0,5.0,18.64,Mercedes-Benz,New
284,Pune,2012,45275,Petrol,Manual,First,20.36,1197,78.9,5.0,2.8,Hyundai,i10
285,Chennai,2016,48000,Diesel,Manual,First,13.68,2393,147.8,7.0,20.25,Toyota,Innova
286,Kochi,2015,31652,Diesel,Automatic,First,17.68,1968,174.33,5.0,26.78,Audi,A6
287,Hyderabad,2010,109000,Diesel,Manual,Second,12.99,2494,100.6,7.0,8.26,Toyota,Innova
288,Mumbai,2015,31978,Petrol,Manual,First,16.47,1198,73.9,5.0,3.89,Volkswagen,Polo
289,Hyderabad,2011,70000,Petrol,Manual,First,20.92,998,67.1,5.0,2.1,Maruti,Alto
290,Mumbai,2017,15000,Petrol,Automatic,First,18.0,1497,117.3,5.0,12.69,Honda,City
291,Coimbatore,2013,59138,Diesel,Manual,First,17.0,1405,70.0,5.0,2.58,Tata,Indigo
292,Kochi,2014,61726,Diesel,Automatic,First,17.68,1968,174.33,5.0,20.77,Audi,A6
293,Delhi,2015,48000,Diesel,Automatic,First,17.9,2143,136.0,5.0,20.26,Mercedes-Benz,GLA
294,Hyderabad,2014,77815,Petrol,Automatic,First,23.1,998,67.04,5.0,4.25,Maruti,Celerio
295,Hyderabad,2017,29000,Diesel,Automatic,First,17.9,2143,201.15,5.0,57.0,Mercedes-Benz,GLE
296,Delhi,2017,44000,Diesel,Automatic,First,12.7,2179,187.7,5.0,44.0,Land,Rover
297,Hyderabad,2011,108626,Diesel,Manual,First,20.54,1598,103.6,5.0,3.65,Volkswagen,Vento
298,Hyderabad,2012,71791,Petrol,Manual,First,14.0,796,35.0,5.0,2.05,Maruti,Omni
299,Kochi,2012,91931,Petrol,Manual,First,18.5,1198,86.8,5.0,3.13,Honda,Brio
300,Hyderabad,2000,158000,Diesel,Manual,Second,14.07,2956,83.1,7.0,1.5,Tata,Sumo
301,Pune,2012,91183,Diesel,Manual,First,18.0,1248,75.0,5.0,2.85,Tata,Indica
302,Delhi,2012,65000,Petrol,Manual,First,18.9,998,67.1,5.0,2.65,Maruti,Wagon
303,Hyderabad,2015,88428,Diesel,Manual,First,16.0,2179,140.0,7.0,10.6,Mahindra,XUV500
304,Pune,2008,138000,Diesel,Manual,Second,17.1,1396,70.0,5.0,1.25,Tata,Indigo
305,Mumbai,2018,18000,Petrol,Manual,First,16.02,1373,93.7,7.0,8.25,Maruti,Ertiga
306,Mumbai,2011,60000,Petrol,Automatic,First,11.7,2354,177.6,5.0,4.45,Honda,Accord
307,Kolkata,2012,48000,Diesel,Manual,First,19.3,1248,73.9,5.0,3.7,Maruti,Swift
308,Hyderabad,2009,160000,Diesel,Manual,First,17.8,1399,68.0,5.0,2.8,Ford,Fiesta
309,Kolkata,2008,40000,Petrol,Manual,First,17.7,1497,78.0,5.0,1.8,Honda,City
310,Kochi,2014,51495,Diesel,Automatic,First,17.68,1968,174.33,5.0,21.95,Audi,A6
311,Mumbai,2011,30000,Diesel,Automatic,First,9.52,2993,313.0,4.0,49.0,BMW,6
312,Coimbatore,2017,97430,Diesel,Automatic,First,14.75,2967,245.0,7.0,62.67,Audi,Q7
313,Pune,2008,42496,CNG,Manual,First,35.505,998,67.1,5.0,1.4,Maruti,Zen
314,Pune,2012,83000,Diesel,Manual,First,23.0,1396,90.0,5.0,5.5,Hyundai,i20
315,Bangalore,2009,37000,Petrol,Automatic,Third,16.95,1197,78.9,5.0,2.95,Hyundai,i10
316,Kochi,2016,28503,Petrol,Automatic,First,19.0,1199,88.7,5.0,6.86,Honda,Jazz
317,Hyderabad,2015,76496,Diesel,Manual,First,25.2,1248,74.0,5.0,6.15,Maruti,Swift
318,Pune,2011,79152,Petrol,Manual,Second,18.5,1197,82.85,5.0,3.3,Hyundai,i20
319,Kolkata,2011,32000,Petrol,Manual,First,16.47,1198,73.9,5.0,2.55,Volkswagen,Polo
320,Ahmedabad,2009,35000,Petrol,Manual,First,19.7,796,46.3,5.0,1.5,Maruti,Alto
321,Chennai,2004,105000,Petrol,Automatic,Second,11.3,1794,125.0,5.0,2.5,Toyota,Corolla
322,Chennai,2006,56000,Petrol,Manual,Second,19.7,796,46.3,5.0,1.4,Maruti,Alto
323,Pune,2012,73000,Diesel,Manual,First,21.12,1248,88.8,5.0,3.4,Tata,Manza
324,Pune,2012,38000,Petrol,Manual,First,19.7,796,46.3,5.0,2.25,Maruti,Alto
325,Kolkata,2013,775000,Diesel,Automatic,First,19.3,1968,141.0,5.0,7.5,Skoda,Octavia
326,Kolkata,2008,80000,Petrol,Automatic,First,11.3,1794,125.0,5.0,2.8,Toyota,Corolla
327,Coimbatore,2016,24973,Petrol,Manual,First,18.6,1197,81.83,5.0,7.66,Hyundai,i20
328,Chennai,2016,45000,Diesel,Manual,First,24.3,1248,88.5,5.0,7.15,Maruti,Vitara
329,Delhi,2010,87430,Petrol,Manual,First,17.0,1497,118.0,5.0,3.5,Honda,City
330,Hyderabad,2014,133944,Diesel,Manual,Second,18.0,1248,75.0,5.0,3.5,Tata,Indica
331,Kolkata,2013,57000,Diesel,Manual,First,25.8,1498,98.6,5.0,3.45,Honda,Amaze
332,Coimbatore,2016,27904,Petrol,Manual,First,21.1,814,55.2,5.0,3.55,Hyundai,EON
333,Kochi,2015,30717,Diesel,Automatic,Second,21.76,1995,190.0,5.0,25.99,BMW,3
334,Bangalore,2012,80000,Diesel,Manual,First,22.32,1582,126.32,5.0,5.25,Hyundai,Verna
335,Ahmedabad,2013,47304,Diesel,Manual,First,21.02,1248,88.8,5.0,2.9,Tata,Manza
336,Jaipur,2005,100000,Petrol,Automatic,First,14.45,1984,227.0,5.0,2.05,Skoda,Octavia
337,Pune,2017,30000,Petrol,Manual,First,24.07,998,67.1,5.0,3.75,Maruti,Alto
338,Mumbai,2014,68000,Diesel,Manual,First,22.7,1498,89.84,5.0,6.75,Ford,Ecosport
339,Kolkata,2011,21000,Petrol,Manual,Second,18.0,995,62.0,5.0,0.95,Chevrolet,Spark
340,Hyderabad,2017,21000,Diesel,Automatic,First,19.33,1999,177.0,5.0,52.0,Jaguar,XF
341,Jaipur,2007,119000,Petrol,Manual,Third,13.1,1997,141.1,5.0,3.91,Honda,CR-V
342,Kochi,2019,13747,Petrol,Automatic,First,14.67,1798,177.46,5.0,27.3,Skoda,Superb
343,Chennai,2009,620000,Petrol,Manual,First,20.36,1197,78.9,5.0,2.7,Hyundai,i10
344,Delhi,2013,70000,Diesel,Manual,First,22.9,1248,74.0,5.0,3.5,Maruti,Swift
345,Mumbai,2016,18000,Petrol,Automatic,First,18.5,1197,83.14,5.0,6.2,Maruti,Swift
346,Chennai,2011,83000,Diesel,Manual,First,23.08,1461,63.1,5.0,2.75,Nissan,Micra
347,Mumbai,2015,130000,Diesel,Manual,First,23.4,1248,74.0,5.0,3.25,Maruti,Swift
348,Pune,2012,63400,Diesel,Manual,First,17.8,1399,67.0,5.0,3.25,Ford,Fiesta
349,Kolkata,2003,65000,Petrol,Manual,First,17.3,993,60.0,5.0,0.65,Maruti,Zen
350,Pune,2017,8350,Petrol,Manual,First,13.8,1998,192.0,5.0,35.0,Mini,Clubman
351,Kolkata,2014,45000,Diesel,Manual,First,23.59,1364,67.05,5.0,3.25,Toyota,Etios
352,Kolkata,2018,26200,Petrol,Manual,First,24.7,796,47.3,5.0,2.9,Maruti,Alto
353,Bangalore,2011,11000,Petrol,Manual,Third,18.9,796,47.0,5.0,2.9,Maruti,Alto
354,Bangalore,2009,90000,Diesel,Automatic,Second,11.0,2993,235.0,5.0,17.75,BMW,X5
355,Mumbai,2015,74000,Petrol,Automatic,Second,11.07,2496,179.5,5.0,8.25,Nissan,Teana
356,Coimbatore,2015,37081,Petrol,Automatic,First,18.9,1197,82.0,5.0,5.77,Hyundai,Grand
357,Hyderabad,2017,39000,Diesel,Manual,First,24.3,1248,88.5,5.0,9.49,Maruti,Vitara
358,Mumbai,2008,99000,Diesel,Automatic,Third,12.07,2967,241.4,7.0,12.95,Audi,Q7
359,Chennai,2015,38000,Diesel,Automatic,First,17.9,2143,136.0,5.0,20.0,Mercedes-Benz,GLA
360,Chennai,2007,72000,Petrol,Manual,Third,16.1,796,37.0,4.0,1.0,Maruti,800
361,Chennai,2015,93000,Diesel,Manual,Second,20.45,1461,83.8,5.0,7.1,Renault,Duster
362,Mumbai,2017,5900,Diesel,Manual,First,21.43,1364,87.2,5.0,16.5,Toyota,Corolla
363,Chennai,2014,25000,Diesel,Manual,First,15.8,2148,170.0,5.0,26.0,Mercedes-Benz,New
364,Hyderabad,2010,68000,Diesel,Manual,Second,21.1,1248,73.9,5.0,3.2,Maruti,Ritz
365,Kochi,2017,35676,Petrol,Automatic,First,16.0,1497,117.3,7.0,9.48,Honda,BRV
366,Kochi,2015,74310,Diesel,Manual,First,24.4,1120,71.0,5.0,4.0,Hyundai,Xcent
367,Jaipur,2014,59364,Diesel,Automatic,First,14.21,2143,203.0,5.0,26.5,Mercedes-Benz,E-Class
368,Kochi,2014,41380,Petrol,Automatic,Second,14.8,1595,120.7,5.0,11.77,Mercedes-Benz,B
369,Bangalore,2017,33900,Diesel,Automatic,First,15.0,2143,204.0,5.0,37.0,Mercedes-Benz,E-Class
370,Mumbai,2016,28000,Petrol,Manual,First,17.8,1497,117.3,5.0,8.75,Honda,City
371,Chennai,2011,93982,Petrol,Manual,First,17.0,1497,118.0,5.0,3.75,Honda,City
372,Pune,2010,95000,Petrol,Manual,First,16.2,1599,103.2,5.0,2.5,Hyundai,Verna
373,Mumbai,2017,9000,Petrol,Automatic,First,13.5,1999,246.74,5.0,34.5,Jaguar,XE
374,Delhi,2015,52516,Petrol,Manual,First,18.0,1198,86.7,5.0,4.65,Honda,Amaze
375,Bangalore,2015,20000,Petrol,Automatic,First,18.86,1598,122.0,4.0,32.0,Mini,Cooper
376,Coimbatore,2017,56451,Diesel,Automatic,First,13.5,2987,282.0,5.0,62.81,Mercedes-Benz,S
377,Chennai,2014,37000,Petrol,Manual,First,21.1,814,55.2,5.0,3.25,Hyundai,EON
378,Kolkata,2014,17400,Petrol,Manual,First,20.51,998,67.04,5.0,3.1,Maruti,Wagon
379,Coimbatore,2011,90207,Diesel,Manual,First,21.1,1248,73.9,5.0,3.91,Maruti,Ritz
380,Chennai,2011,89616,Diesel,Automatic,First,16.07,1995,181.0,5.0,11.0,BMW,3
381,Pune,2014,85000,Diesel,Manual,First,13.49,2179,138.03,5.0,3.5,Tata,Xenon
382,Chennai,2014,79271,Diesel,Automatic,First,20.38,1968,143.0,5.0,16.5,Audi,A3
383,Hyderabad,2012,56000,Diesel,Automatic,First,12.7,2179,187.7,5.0,30.0,Land,Rover
384,Pune,2010,85001,Diesel,Automatic,Second,12.0,2987,224.0,7.0,28.0,Mercedes-Benz,GL-Class
385,Hyderabad,2018,12000,Diesel,Automatic,First,13.5,2477,175.56,7.0,28.0,Mitsubishi,Pajero
386,Jaipur,2010,125000,Petrol,Manual,First,19.7,796,46.3,5.0,0.92,Maruti,Alto
387,Pune,2013,53000,Petrol,Manual,First,14.0,1061,64.0,5.0,2.75,Maruti,Wagon
388,Coimbatore,2017,34990,Diesel,Automatic,First,12.7,2179,187.7,5.0,53.83,Land,Rover
389,Pune,2011,49768,Petrol,Manual,Second,17.01,1591,121.3,5.0,4.95,Hyundai,Verna
390,Hyderabad,2013,56000,Diesel,Automatic,First,16.73,2993,218.0,5.0,33.5,BMW,5
391,Bangalore,2013,75000,Diesel,Automatic,First,14.74,2993,270.9,5.0,27.95,Jaguar,XF
392,Hyderabad,2010,57000,Petrol,Automatic,First,13.7,1798,157.75,5.0,7.25,Skoda,Superb
393,Kochi,2017,37542,Diesel,Automatic,First,15.73,1968,174.33,5.0,25.71,Audi,Q3
394,Coimbatore,2014,95649,Diesel,Automatic,First,12.7,2179,187.7,5.0,29.67,Land,Rover
395,Jaipur,2013,35299,Diesel,Automatic,First,14.84,2143,170.0,5.0,19.0,Mercedes-Benz,New
396,Kochi,2017,28464,Diesel,Manual,First,15.4,2179,120.0,7.0,13.05,Mahindra,Scorpio
397,Mumbai,2015,41000,Diesel,Automatic,First,21.76,1995,190.0,5.0,25.5,BMW,3
398,Pune,2017,9000,Petrol,Manual,First,15.4,1497,117.3,7.0,8.5,Honda,BR-V
399,Chennai,2010,92098,Diesel,Automatic,Second,16.0,2400,215.0,5.0,7.25,Volvo,S80
400,Pune,2005,5834,Petrol,Manual,First,13.2,1495,94.0,5.0,0.8,Hyundai,Accent
401,Jaipur,2017,40250,Petrol,Manual,First,17.19,1197,81.86,5.0,6.9,Hyundai,i20
402,Coimbatore,2018,22397,Petrol,Automatic,First,11.5,2996,367.0,5.0,70.99,Mercedes-Benz,GLC
403,Kolkata,2015,20800,Petrol,Manual,Second,21.1,814,55.2,5.0,2.25,Hyundai,EON
404,Kochi,2018,40322,Petrol,Manual,First,18.9,1197,81.86,5.0,5.5,Hyundai,Grand
405,Mumbai,2013,52576,Petrol,Manual,First,13.0,1493,100.0,5.0,4.35,Honda,City
406,Kolkata,2010,55000,Petrol,Manual,First,16.47,1198,73.9,5.0,2.25,Volkswagen,Polo
407,Mumbai,2016,47000,Petrol,Automatic,First,15.26,1798,187.74,5.0,24.5,Audi,A6
408,Coimbatore,2017,23163,Petrol,Manual,First,15.29,1591,121.3,5.0,12.03,Hyundai,Creta
409,Mumbai,2011,50000,Petrol,Automatic,Second,11.74,1796,186.0,5.0,8.5,Mercedes-Benz,New
410,Mumbai,2014,11900,Petrol,Automatic,First,16.82,1998,189.08,4.0,28.5,Mini,Cooper
411,Bangalore,2013,37000,Diesel,Manual,First,23.59,1364,67.04,5.0,5.75,Toyota,Etios
412,Delhi,2014,30000,Petrol,Manual,Second,19.4,1198,86.8,5.0,3.2,Honda,Brio
413,Coimbatore,2018,12831,Petrol,Automatic,First,21.4,1197,83.1,5.0,9.89,Maruti,Baleno
414,Coimbatore,2012,143017,Diesel,Automatic,First,20.0,1968,138.1,5.0,6.58,Skoda,Laura
415,Kochi,2018,13102,Petrol,Manual,First,21.1,814,55.2,5.0,4.06,Hyundai,EON
416,Coimbatore,2019,24950,Diesel,Manual,First,20.37,1461,108.45,5.0,13.37,Renault,Captur
417,Coimbatore,2011,57832,Diesel,Automatic,First,16.2,2993,258.0,5.0,25.82,BMW,5
418,Kochi,2016,34267,Petrol,Manual,First,22.74,796,47.3,5.0,3.74,Maruti,Alto
419,Bangalore,2015,33000,Diesel,Automatic,Second,16.8,1984,150.0,5.0,22.0,Volvo,V40
420,Ahmedabad,2007,55100,Petrol,Manual,First,18.9,998,67.1,5.0,1.45,Maruti,Wagon
421,Kolkata,2008,40000,Petrol,Manual,First,17.7,1497,78.0,5.0,2.0,Honda,City
422,Kochi,2017,31841,CNG,Manual,First,20.385,1196,73.0,5.0,4.7,Maruti,Eeco
423,Kolkata,2014,15000,Petrol,Manual,First,13.7,1399,98.79,8.0,3.75,Chevrolet,Enjoy
424,Coimbatore,2016,82756,Diesel,Manual,First,15.96,2523,62.1,7.0,7.7,Mahindra,Bolero
425,Hyderabad,2014,20600,Petrol,Manual,First,21.1,814,55.2,5.0,2.6,Hyundai,EON
426,Coimbatore,2017,29952,Petrol,Automatic,First,13.0,1591,121.3,5.0,13.77,Hyundai,Creta
427,Mumbai,2017,15000,Petrol,Manual,Second,16.09,1598,103.5,5.0,7.1,Volkswagen,Vento
428,Pune,2008,61938,Petrol,Automatic,Second,12.9,1799,130.0,5.0,2.65,Honda,Civic
429,Hyderabad,2014,67000,Diesel,Manual,First,22.3,1248,74.0,5.0,2.5,Tata,Indica
430,Kochi,2013,61672,Diesel,Manual,First,16.0,2179,140.0,7.0,7.53,Mahindra,XUV500
431,Coimbatore,2017,26185,Petrol,Manual,First,18.6,1197,81.83,5.0,7.98,Hyundai,i20
432,Bangalore,2014,38000,Diesel,Automatic,Second,14.16,1968,174.3,5.0,39.0,Audi,Q5
433,Chennai,2011,67000,Petrol,Manual,Second,18.5,1197,85.8,5.0,2.25,Maruti,Ritz
434,Chennai,2010,66000,Petrol,Manual,Second,13.17,1999,114.0,5.0,3.85,Mitsubishi,Cedia
435,Hyderabad,2015,80883,Diesel,Manual,First,12.8,2494,102.0,7.0,13.5,Toyota,Innova
436,Hyderabad,2016,80219,Diesel,Manual,First,27.62,793,47.0,5.0,3.5,Maruti,Celerio
437,Delhi,2018,12923,Diesel,Manual,First,25.1,1248,88.5,5.0,8.92,Maruti,S-Cross
438,Coimbatore,2016,86642,Diesel,Automatic,First,15.17,1968,181.0,5.0,20.37,Audi,Q3
439,Bangalore,2016,19235,Diesel,Automatic,First,21.76,1995,190.0,5.0,36.5,BMW,3
440,Coimbatore,2016,51002,Diesel,Automatic,First,11.33,4134,335.2,7.0,48.91,Audi,Q7
441,Pune,2016,6800,Petrol,Manual,First,18.6,1197,81.83,5.0,7.2,Hyundai,i20
442,Hyderabad,2012,82749,Diesel,Manual,First,19.01,1461,108.45,5.0,5.99,Renault,Duster
443,Pune,2016,51000,Diesel,Manual,First,24.4,1120,71.0,5.0,5.25,Hyundai,Xcent
444,Delhi,2014,31465,Diesel,Manual,First,22.7,1498,89.84,5.0,6.5,Ford,Ecosport
445,Hyderabad,2013,76476,Petrol,Manual,First,16.47,1198,73.9,5.0,4.4,Volkswagen,Polo
446,Kolkata,2017,14000,Diesel,Manual,First,24.0,1120,70.0,5.0,4.6,Hyundai,Grand
447,Ahmedabad,2013,47000,Diesel,Manual,First,21.12,1248,88.8,5.0,2.95,Tata,Manza
448,Kolkata,2011,48466,Petrol,Manual,First,17.0,1497,118.0,5.0,3.26,Honda,City
449,Bangalore,2008,46000,Petrol,Manual,Second,17.92,1086,62.1,5.0,2.22,Hyundai,Santro
450,Hyderabad,2012,162663,Diesel,Manual,First,12.99,2494,100.0,7.0,10.5,Toyota,Innova
451,Coimbatore,2017,25142,Diesel,Manual,First,28.09,1248,88.5,5.0,8.26,Maruti,Ciaz
452,Delhi,2013,69000,Diesel,Manual,First,12.55,2982,169.0,7.0,14.45,Toyota,Fortuner
453,Kochi,2018,26405,Petrol,Automatic,First,12.6,1950,191.34,5.0,51.43,Mercedes-Benz,E-Class
454,Chennai,2014,45000,Diesel,Manual,First,15.8,2148,170.0,5.0,23.0,Mercedes-Benz,New
455,Kolkata,2012,64284,Diesel,Manual,First,17.72,1968,108.49,5.0,5.5,Skoda,Yeti
456,Delhi,2015,27000,Petrol,Manual,First,18.9,1197,82.0,5.0,4.5,Hyundai,Grand
457,Hyderabad,2018,3678,Petrol,Manual,First,18.16,1196,86.8,5.0,6.8,Ford,Figo
458,Mumbai,2013,21000,Petrol,Manual,First,16.8,1395,138.02,5.0,8.75,Skoda,Octavia
459,Mumbai,2015,67000,Diesel,Manual,Second,19.87,1461,83.8,5.0,7.0,Renault,Duster
460,Delhi,2015,24000,Diesel,Automatic,Second,15.68,1999,177.0,5.0,33.5,Land,Rover
461,Chennai,2011,75000,Diesel,Manual,Second,20.0,1399,68.0,5.0,2.25,Ford,Figo
462,Hyderabad,2008,179000,Diesel,Automatic,Second,12.8,2953,156.0,7.0,4.24,Ford,Endeavour
463,Coimbatore,2017,47198,Diesel,Manual,First,12.55,2982,168.5,7.0,28.42,Toyota,Fortuner
464,Kolkata,2012,52000,Diesel,Manual,First,22.07,1199,73.9,5.0,2.75,Volkswagen,Polo
465,Jaipur,2011,91000,Diesel,Manual,First,23.2,1248,73.94,5.0,3.0,Maruti,Ritz
466,Pune,2013,60000,Diesel,Manual,First,23.08,1461,63.1,5.0,3.55,Nissan,Micra
467,Kolkata,2013,37873,Diesel,Manual,First,22.32,1582,126.32,5.0,4.8,Hyundai,Verna
468,Kolkata,2011,31000,Petrol,Automatic,First,10.8,2497,150.0,5.0,13.5,BMW,5
469,Pune,2017,129000,Diesel,Automatic,First,11.0,2987,258.0,7.0,56.0,Mercedes-Benz,GLS
470,Hyderabad,2004,78000,Petrol,Automatic,First,12.0,2354,187.4,5.0,3.99,Honda,CR-V
471,Bangalore,2016,32000,Diesel,Automatic,First,17.01,1582,126.2,5.0,15.5,Hyundai,Creta
472,Jaipur,2010,59000,Petrol,Manual,Second,19.81,1086,68.05,5.0,2.32,Hyundai,i10
473,Kochi,2016,35437,Diesel,Automatic,First,20.0,2143,136.0,5.0,18.58,Mercedes-Benz,A
474,Jaipur,2014,98000,Petrol,Manual,First,16.02,1373,93.7,7.0,5.5,Maruti,Ertiga
475,Chennai,2006,72000,Diesel,Manual,Second,18.7,1896,66.0,5.0,3.2,Skoda,Octavia
476,Pune,2015,79000,Petrol,Manual,First,18.0,1198,86.7,5.0,4.0,Honda,Amaze
477,Chennai,2004,29000,Petrol,Manual,First,17.3,993,60.0,5.0,1.6,Maruti,Zen
478,Kochi,2013,66012,Petrol,Manual,First,15.5,1586,103.3,5.0,4.15,Maruti,SX4
479,Mumbai,2014,35000,Petrol,Automatic,First,16.5,1198,86.8,5.0,4.25,Honda,Brio
480,Ahmedabad,2011,75000,Petrol,Manual,First,18.9,998,67.1,5.0,2.6,Maruti,Wagon
481,Mumbai,2008,80000,Petrol,Automatic,Second,12.1,2362,164.7,5.0,3.43,Toyota,Camry
482,Kochi,2012,32717,Petrol,Manual,First,18.6,1199,79.4,5.0,2.55,Chevrolet,Beat
483,Delhi,2017,25000,Diesel,Automatic,First,12.55,2982,168.5,7.0,32.0,Toyota,Fortuner
484,Mumbai,2014,79000,Diesel,Manual,First,22.7,1498,89.84,5.0,6.25,Ford,Ecosport
485,Hyderabad,2010,86000,Diesel,Manual,Second,17.8,1248,75.0,5.0,3.6,Maruti,Swift
486,Pune,2010,137000,Diesel,Automatic,First,13.5,2987,282.0,5.0,18.5,Mercedes-Benz,S
487,Mumbai,2015,25000,Petrol,Manual,Second,17.3,1497,117.3,7.0,4.25,Honda,Mobilio
488,Mumbai,2017,8500,Petrol,Manual,Second,18.9,1197,82.0,5.0,4.8,Hyundai,Grand
489,Bangalore,2015,34000,Diesel,Automatic,First,16.0,2179,140.0,7.0,13.0,Mahindra,XUV500
490,Pune,2012,41629,Petrol,Manual,Second,14.83,1598,105.0,5.0,2.25,Skoda,Fabia
491,Hyderabad,2009,80227,Petrol,Manual,First,17.92,1086,62.1,5.0,2.3,Hyundai,Santro
492,Kochi,2019,8587,Petrol,Manual,First,15.29,1591,121.3,5.0,13.56,Hyundai,Creta
493,Delhi,2017,30000,Diesel,Manual,First,15.4,1997,120.0,7.0,12.25,Mahindra,Scorpio
494,Pune,2013,64186,Diesel,Manual,First,20.5,1598,103.5,5.0,3.76,Skoda,Rapid
495,Coimbatore,2015,76427,Diesel,Manual,First,19.01,1461,108.45,5.0,8.58,Renault,Duster
496,Hyderabad,2011,75000,Diesel,Automatic,First,11.7,2993,245.0,5.0,27.5,BMW,X5
497,Coimbatore,2013,27075,Petrol,Manual,First,17.6,1496,88.73,5.0,4.95,Toyota,Etios
498,Ahmedabad,2012,30000,Petrol,Manual,First,22.5,998,67.04,5.0,3.3,Maruti,Wagon
499,Chennai,2016,69434,Petrol,Manual,First,15.8,1591,121.3,5.0,8.0,Hyundai,Creta
500,Jaipur,2014,56000,Petrol,Manual,First,23.1,998,67.04,5.0,2.79,Maruti,Celerio
501,Coimbatore,2017,49275,Diesel,Automatic,First,12.7,2179,187.7,5.0,45.64,Land,Rover
502,Pune,2014,8700,Petrol,Manual,First,18.6,1199,76.8,5.0,2.55,Chevrolet,Beat
503,Ahmedabad,2014,18000,Petrol,Manual,Second,25.4,624,37.5,4.0,1.0,Tata,Nano
504,Coimbatore,2017,41041,Diesel,Automatic,First,17.68,1968,174.33,5.0,37.56,Audi,A6
505,Kochi,2009,80464,Diesel,Automatic,Second,11.0,2987,198.5,5.0,9.29,Mercedes-Benz,E-Class
506,Kochi,2019,20667,Petrol,Manual,First,22.0,1197,81.8,5.0,6.37,Maruti,Swift
507,Coimbatore,2013,60283,Petrol,Manual,First,14.6,1368,112.0,5.0,2.98,Fiat,Linea
508,Kochi,2017,31696,Petrol,Manual,First,20.4,1197,81.8,5.0,5.75,Maruti,Swift
509,Hyderabad,2010,100000,Diesel,Manual,First,11.5,2982,171.0,7.0,13.0,Toyota,Fortuner
510,Mumbai,2014,13361,Petrol,Manual,First,16.02,1373,93.7,7.0,6.8,Maruti,Ertiga
511,Coimbatore,2010,48394,Petrol,Automatic,First,12.05,1995,154.0,5.0,10.49,BMW,3
512,Jaipur,2014,47399,Petrol,Manual,First,16.02,1373,93.7,7.0,5.6,Maruti,Ertiga
513,Mumbai,2010,69000,Petrol,Automatic,Second,16.8,1497,118.0,5.0,2.85,Honda,City
514,Coimbatore,2013,65278,Diesel,Manual,First,14.66,2199,194.3,7.0,8.36,Hyundai,Santa
515,Jaipur,2005,108000,Diesel,Manual,First,17.0,1405,70.0,5.0,1.0,Tata,Indigo
516,Kolkata,2010,50645,Petrol,Automatic,Second,10.93,2497,204.0,5.0,10.75,Mercedes-Benz,E-Class
517,Hyderabad,2011,130002,Diesel,Manual,First,19.3,1248,73.9,5.0,3.85,Maruti,Swift
518,Hyderabad,2012,107000,Diesel,Manual,First,17.8,1399,67.0,5.0,3.0,Ford,Fiesta
519,Coimbatore,2015,41950,Petrol,Automatic,First,18.0,1497,117.3,5.0,9.6,Honda,City
520,Delhi,2012,109000,Diesel,Manual,First,13.0,2982,168.5,7.0,13.25,Toyota,Fortuner
521,Mumbai,2016,9000,Petrol,Manual,First,18.0,1198,86.7,5.0,5.75,Honda,Amaze
522,Delhi,2014,43900,Diesel,Manual,First,22.54,1396,88.73,5.0,6.75,Hyundai,i20
523,Bangalore,2013,64000,Diesel,Manual,Second,18.2,1248,73.8,7.0,4.85,Chevrolet,Enjoy
524,Mumbai,2009,77652,Petrol,Automatic,First,12.6,1586,103.2,5.0,2.85,Maruti,SX4
525,Mumbai,2012,55000,Diesel,Manual,First,12.99,2494,100.0,7.0,9.51,Toyota,Innova
526,Ahmedabad,2012,59900,Diesel,Automatic,Second,18.48,1995,177.0,5.0,18.5,BMW,5
527,Delhi,2015,73539,Diesel,Manual,First,19.01,1461,108.45,5.0,6.75,Renault,Duster
528,Coimbatore,2017,31645,Diesel,Automatic,First,20.68,1995,190.0,5.0,29.4,BMW,X1
529,Kochi,2009,69690,Petrol,Manual,First,17.7,1497,78.0,5.0,3.29,Honda,City
530,Delhi,2016,41000,Diesel,Manual,First,28.09,1248,88.5,5.0,9.5,Maruti,Ciaz
531,Pune,2010,109200,Petrol,Manual,Second,17.5,1298,85.8,5.0,2.2,Maruti,Swift
532,Pune,2012,80000,Diesel,Manual,First,15.1,2179,140.0,7.0,6.5,Mahindra,XUV500
533,Ahmedabad,2007,51000,Petrol,Manual,First,13.5,1799,130.0,5.0,4.9,Honda,Civic
534,Pune,2013,105000,Diesel,Manual,Second,25.47,1248,88.5,7.0,6.75,Maruti,Ertiga
535,Chennai,2013,179000,Diesel,Manual,First,23.59,1364,67.04,5.0,3.8,Toyota,Etios
536,Delhi,2013,12100,Petrol,Automatic,First,9.9,1984,207.8,2.0,29.5,Audi,TT
537,Hyderabad,2017,31000,Diesel,Manual,First,21.13,1498,108.4,5.0,10.5,Skoda,Rapid
538,Hyderabad,2015,50000,Diesel,Manual,First,20.14,1498,88.8,5.0,6.2,Volkswagen,Polo
539,Jaipur,2009,48000,Diesel,Automatic,First,17.0,1896,105.0,5.0,5.0,Skoda,Laura
540,Chennai,2007,35000,Diesel,Manual,First,19.2,1461,65.0,5.0,2.3,Mahindra,Renault
541,Ahmedabad,2016,100200,Diesel,Automatic,First,11.36,2755,171.5,7.0,17.0,Toyota,Innova
542,Bangalore,2014,47000,Diesel,Automatic,First,18.88,1995,184.0,5.0,25.5,BMW,3
543,Jaipur,2015,63642,Diesel,Manual,First,27.3,1498,98.6,5.0,5.65,Honda,Jazz
544,Kochi,2015,62550,Diesel,Manual,First,25.8,1498,98.6,5.0,5.6,Honda,Amaze
545,Kochi,2015,37340,Diesel,Automatic,First,16.36,2179,187.7,5.0,29.98,Jaguar,XF
546,Coimbatore,2016,38461,Diesel,Manual,First,26.59,1248,74.0,5.0,7.39,Maruti,Swift
547,Jaipur,2018,29000,Diesel,Manual,First,17.1,1956,170.0,5.0,19.0,Jeep,Compass
548,Pune,2010,31000,Petrol,Manual,First,12.5,1794,132.0,5.0,5.0,Toyota,Corolla
549,Kolkata,2011,42086,Petrol,Manual,First,17.0,1497,118.0,5.0,3.35,Honda,City
550,Chennai,2013,49000,Petrol,Manual,First,18.6,1197,85.8,5.0,4.45,Maruti,Swift
551,Coimbatore,2019,77240,Diesel,Automatic,First,22.32,1582,126.32,5.0,8.31,Hyundai,Verna
552,Jaipur,2012,105000,Diesel,Manual,Second,15.96,2523,62.1,7.0,6.0,Mahindra,Bolero
553,Chennai,2014,35000,Diesel,Manual,First,22.9,1248,74.0,5.0,5.25,Maruti,Swift
554,Hyderabad,2012,202082,Diesel,Automatic,First,17.68,1968,174.33,5.0,12.3,Audi,A6
555,Chennai,2004,129000,Petrol,Manual,Third,13.8,1299,70.0,5.0,1.5,Ford,Ikon
556,Coimbatore,2018,33558,Diesel,Manual,First,20.14,1498,88.0,5.0,8.12,Volkswagen,Polo
557,Coimbatore,2012,60271,Diesel,Manual,First,13.6,2523,63.0,7.0,6.12,Mahindra,Bolero
558,Coimbatore,2017,45366,Diesel,Manual,First,25.1,1498,98.6,5.0,10.88,Honda,City
559,Kolkata,2014,9500,Petrol,Manual,First,18.2,1199,82.5,5.0,3.5,Chevrolet,Sail
560,Kochi,2016,42362,Petrol,Manual,First,18.6,1197,81.83,5.0,6.15,Hyundai,i20
561,Chennai,2016,21000,Diesel,Automatic,First,17.05,1995,184.0,5.0,33.0,BMW,X1
562,Mumbai,2012,15200,Diesel,Automatic,First,15.06,1995,177.0,5.0,13.5,BMW,X1
563,Mumbai,2015,43690,Diesel,Automatic,First,12.55,2982,168.5,7.0,17.11,Toyota,Fortuner
564,Kochi,2014,79926,Diesel,Automatic,First,11.33,4134,335.2,7.0,29.77,Audi,Q7
565,Kolkata,2013,53073,Diesel,Manual,First,20.77,1248,88.76,7.0,5.95,Maruti,Ertiga
566,Bangalore,2015,59000,Petrol,Manual,First,18.5,1197,80.0,5.0,5.75,Hyundai,i20
567,Bangalore,2006,47088,Petrol,Automatic,Second,10.13,3498,364.9,5.0,19.0,Mercedes-Benz,S
568,Ahmedabad,2014,55000,Diesel,Manual,First,20.45,1461,83.8,5.0,4.75,Renault,Duster
569,Hyderabad,2013,80430,Diesel,Manual,Second,17.21,1493,100.0,7.0,3.3,Mahindra,Quanto
570,Delhi,2013,71932,Diesel,Automatic,First,12.55,2982,168.5,7.0,16.5,Toyota,Fortuner
571,Mumbai,2014,19000,Diesel,Automatic,First,15.97,2993,258.0,7.0,44.0,BMW,X5
572,Hyderabad,2011,81759,Diesel,Manual,First,19.3,1248,73.9,5.0,4.39,Maruti,Swift
573,Kochi,2018,52010,Diesel,Manual,First,25.2,1248,74.0,5.0,6.2,Maruti,Swift
574,Kochi,2016,58953,Petrol,Automatic,First,13.53,1984,177.01,5.0,24.22,Audi,A6
575,Mumbai,2008,93000,Diesel,Manual,Third,10.5,2835,107.2,6.0,5.45,Mitsubishi,Pajero
576,Delhi,2016,10000,Diesel,Automatic,First,16.36,2179,187.7,5.0,44.0,Jaguar,XF
577,Coimbatore,2019,40674,Diesel,Automatic,First,11.36,2755,171.5,7.0,24.82,Toyota,Innova
578,Mumbai,2015,50000,Diesel,Automatic,First,19.3,1968,141.0,5.0,11.69,Skoda,Octavia
579,Bangalore,2018,1331,Petrol,Automatic,First,14.28,1798,138.03,5.0,20.0,Toyota,Corolla
580,Pune,2010,60000,Petrol,Manual,First,19.7,796,35.0,8.0,1.45,Maruti,Omni
581,Mumbai,2018,10003,Diesel,Automatic,First,17.9,2143,170.0,5.0,48.5,Mercedes-Benz,GLC
582,Mumbai,2016,25000,Diesel,Automatic,First,21.5,1498,108.5,5.0,9.45,Volkswagen,Vento
583,Ahmedabad,2015,73000,Diesel,Manual,First,16.0,2179,140.0,7.0,12.5,Mahindra,XUV500
584,Hyderabad,2014,59962,Diesel,Manual,First,20.45,1461,83.8,5.0,6.9,Nissan,Terrano
585,Jaipur,2012,72000,Diesel,Manual,Second,22.32,1582,126.32,5.0,5.8,Hyundai,Verna
586,Coimbatore,2016,20967,Diesel,Automatic,First,14.69,2993,258.0,5.0,44.56,BMW,5
587,Bangalore,2015,35000,Diesel,Manual,Second,15.4,2179,120.0,7.0,8.5,Mahindra,Scorpio
588,Coimbatore,2017,38056,Diesel,Manual,First,23.9,1582,126.2,5.0,10.7,Hyundai,Verna
589,Pune,2009,94000,Diesel,Automatic,Second,12.07,2967,241.4,7.0,12.0,Audi,Q7
590,Coimbatore,2010,64236,Petrol,Manual,First,14.7,1150,76.0,5.0,2.44,Chevrolet,Aveo
591,Kolkata,2000,124000,Diesel,Manual,First,13.6,2523,63.0,7.0,1.95,Mahindra,Bolero
592,Mumbai,2014,7400,Petrol,Manual,First,19.1,1197,82.0,5.0,4.35,Hyundai,Xcent
593,Hyderabad,2017,52000,Diesel,Manual,First,13.68,2393,147.8,8.0,17.5,Toyota,Innova
594,Hyderabad,2015,68764,Petrol,Manual,First,21.1,814,55.2,5.0,2.9,Hyundai,EON
595,Delhi,2013,64000,Diesel,Manual,First,22.07,1199,73.9,5.0,2.9,Volkswagen,Polo
596,Pune,2016,21558,Diesel,Manual,First,24.3,1248,88.5,5.0,8.9,Maruti,Vitara
597,Mumbai,2013,37500,Diesel,Automatic,First,18.88,1995,184.0,5.0,16.75,BMW,3
598,Coimbatore,2016,14077,Petrol,Manual,First,21.1,814,55.2,5.0,3.95,Hyundai,EON
599,Mumbai,2009,70000,Petrol,Manual,First,17.0,1497,118.0,5.0,2.1,Honda,City
600,Kochi,2011,54316,Petrol,Manual,Second,12.8,2354,177.6,5.0,4.29,Honda,Accord
601,Hyderabad,2009,90764,Diesel,Manual,First,14.0,2498,112.0,8.0,3.85,Mahindra,Xylo
602,Chennai,2009,137000,Diesel,Automatic,Second,13.2,1995,170.0,5.0,9.0,BMW,3
603,Pune,2013,127000,Petrol,Manual,Second,16.8,1497,116.3,5.0,4.5,Honda,City
604,Kochi,2016,51884,Diesel,Manual,First,16.0,2179,140.0,7.0,12.46,Mahindra,XUV500
605,Delhi,2014,67407,Diesel,Manual,First,21.27,1396,88.76,5.0,4.65,Hyundai,i20
606,Hyderabad,2014,107825,Diesel,Manual,First,13.0,2982,168.5,7.0,20.5,Toyota,Fortuner
607,Chennai,2006,82453,Diesel,Manual,First,13.6,2523,63.0,8.0,2.9,Mahindra,Bolero
608,Chennai,2007,30441,Petrol,Manual,First,15.9,1298,85.0,5.0,1.45,Maruti,Esteem
609,Mumbai,2016,11000,Diesel,Automatic,First,20.7,1496,113.98,5.0,29.5,Mini,Cooper
610,Hyderabad,2015,61000,Diesel,Automatic,First,15.73,1968,174.33,5.0,25.0,Audi,Q3
611,Delhi,2013,48454,Petrol,Manual,Second,17.0,1197,80.0,5.0,3.5,Hyundai,i20
612,Jaipur,2017,37000,Diesel,Manual,First,14.1,2179,154.0,7.0,11.25,Tata,Safari
613,Kochi,2017,32249,Diesel,Manual,First,21.9,1498,98.6,7.0,10.79,Honda,BR-V
614,Kolkata,2013,58000,Diesel,Manual,First,19.33,1968,138.03,5.0,5.9,Volkswagen,Jetta
615,Jaipur,2017,28360,Petrol,Manual,First,19.1,1197,81.86,5.0,5.12,Hyundai,Xcent
616,Mumbai,2017,7000,Petrol,Manual,First,20.89,1197,81.8,5.0,5.7,Maruti,Ignis
617,Coimbatore,2016,19658,Diesel,Automatic,First,18.12,1995,190.0,5.0,35.84,BMW,5
618,Hyderabad,2007,92000,Petrol,Manual,First,13.8,1299,70.0,5.0,1.25,Ford,Ikon
619,Kolkata,2013,25000,Petrol,Manual,First,20.36,1197,78.9,5.0,2.65,Hyundai,i10
620,Coimbatore,2016,37882,Diesel,Manual,First,22.32,1582,126.3,5.0,9.19,Hyundai,Verna
621,Bangalore,2014,69330,Diesel,Automatic,First,16.07,1995,181.0,5.0,23.5,BMW,3
622,Delhi,2011,61000,Petrol,Automatic,First,12.3,1796,185.0,5.0,12.5,Mercedes-Benz,E-Class
623,Kolkata,2010,35000,Petrol,Manual,Second,18.6,1199,79.4,5.0,1.5,Chevrolet,Beat
624,Delhi,2012,72450,Diesel,Manual,First,15.1,2179,140.0,7.0,8.1,Mahindra,XUV500
625,Jaipur,2017,36381,Diesel,Manual,First,28.09,1248,88.5,5.0,9.75,Maruti,Ciaz
626,Coimbatore,2017,25559,Diesel,Automatic,First,19.71,2143,201.15,5.0,37.93,Mercedes-Benz,New
627,Chennai,2005,100000,Petrol,Automatic,Third,16.4,1497,78.0,5.0,1.96,Honda,City
628,Jaipur,2015,94000,Diesel,Automatic,First,11.5,2982,169.0,7.0,20.5,Toyota,Fortuner
629,Bangalore,2011,64357,Petrol,Manual,First,24.07,998,67.1,5.0,2.75,Maruti,Alto
630,Mumbai,2017,10501,Petrol,Automatic,First,9.43,1999,237.4,5.0,75.0,Jaguar,XJ
631,Chennai,2009,47000,Diesel,Manual,First,21.9,1396,90.0,5.0,2.8,Hyundai,i20
632,Mumbai,2017,18000,Petrol,Automatic,First,16.0,1497,117.3,7.0,9.25,Honda,BRV
633,Chennai,2007,89000,Petrol,Manual,First,13.4,1794,125.0,5.0,3.0,Toyota,Corolla
634,Coimbatore,2014,49964,Diesel,Automatic,First,17.68,1968,174.33,5.0,23.89,Audi,A6
635,Mumbai,2014,35000,Diesel,Manual,First,12.99,2494,100.6,7.0,12.75,Toyota,Innova
636,Jaipur,2014,64000,Diesel,Manual,First,24.0,1120,70.0,5.0,4.15,Hyundai,Grand
637,Mumbai,2013,36000,Petrol,Automatic,First,14.8,1598,105.0,5.0,4.65,Volkswagen,Vento
638,Delhi,2012,78600,Diesel,Manual,First,12.8,2494,102.0,7.0,8.9,Toyota,Innova
639,Jaipur,2008,170000,Diesel,Manual,Second,16.8,1493,110.0,5.0,1.5,Hyundai,Verna
640,Pune,2015,65000,Diesel,Manual,Second,23.2,1248,73.94,5.0,3.27,Maruti,Ritz
641,Pune,2008,120300,Diesel,Automatic,Second,12.07,2967,241.4,7.0,18.0,Audi,Q7
642,Pune,2016,21000,Petrol,Manual,First,18.6,1197,81.83,5.0,6.3,Hyundai,i20
643,Coimbatore,2017,18108,Diesel,Manual,First,24.3,1248,88.5,5.0,11.31,Maruti,Vitara
644,Pune,2014,58407,Petrol,Manual,First,17.4,1497,117.3,5.0,6.16,Honda,City
645,Pune,2014,49500,Petrol,Manual,First,20.73,1373,91.1,5.0,6.0,Maruti,Ciaz
646,Kochi,2013,37199,Petrol,Automatic,First,17.5,1498,99.6,5.0,5.43,Nissan,Sunny
647,Hyderabad,2012,62000,Diesel,Manual,First,22.07,1199,73.9,5.0,4.65,Volkswagen,Polo
648,Hyderabad,2015,59000,Diesel,Manual,First,20.77,1248,88.8,7.0,7.5,Maruti,Ertiga
649,Jaipur,2015,60000,Diesel,Manual,First,26.59,1248,74.0,5.0,6.25,Maruti,Swift
650,Bangalore,2007,39037,Diesel,Automatic,First,14.84,2143,170.0,5.0,9.25,Mercedes-Benz,New
651,Mumbai,2013,17003,Petrol,Manual,First,19.4,1198,86.8,5.0,3.15,Honda,Brio
652,Hyderabad,2008,80400,Petrol,Manual,First,16.0,1086,66.7,5.0,2.3,Hyundai,i10
653,Jaipur,2012,75200,Diesel,Manual,First,22.32,1582,126.32,5.0,5.25,Hyundai,Verna
654,Kochi,2017,41217,Diesel,Manual,First,28.09,1248,88.5,5.0,7.4,Maruti,Ciaz
655,Pune,2006,98293,Petrol,Manual,Second,13.8,1299,70.0,5.0,1.55,Ford,Ikon
656,Pune,2017,54000,Petrol,Manual,Second,16.2,1199,74.0,5.0,6.0,Volkswagen,Polo
657,Chennai,2016,17377,Petrol,Manual,First,18.7,1199,88.7,5.0,5.9,Honda,Jazz
658,Bangalore,2013,33800,Diesel,Manual,Second,25.8,1498,98.6,5.0,4.7,Honda,Amaze
659,Hyderabad,2015,86157,Diesel,Manual,First,22.54,1396,88.73,5.0,6.5,Hyundai,i20
660,Hyderabad,2012,146824,Diesel,Manual,First,21.1,1248,73.9,5.0,3.55,Maruti,Ritz
661,Chennai,2014,55000,Petrol,Manual,First,16.8,1497,116.3,5.0,7.1,Honda,City
662,Hyderabad,2010,53293,Petrol,Manual,First,13.14,1798,160.0,5.0,6.0,Skoda,Superb
663,Pune,2017,38000,Diesel,Manual,First,24.3,1248,88.5,5.0,7.99,Maruti,Vitara
664,Bangalore,2009,64000,Petrol,Manual,Second,17.0,1197,80.0,5.0,4.1,Hyundai,i20
665,Hyderabad,2017,25058,Petrol,Automatic,First,24.07,998,67.1,5.0,3.95,Maruti,Alto
666,Kochi,2016,36700,Petrol,Manual,First,21.1,814,55.2,5.0,4.38,Hyundai,EON
667,Mumbai,2011,35000,Petrol,Manual,First,20.36,1197,78.9,5.0,2.75,Hyundai,i10
668,Coimbatore,2016,22732,Petrol,Automatic,First,18.1,3498,306.0,2.0,55.54,Mercedes-Benz,SLK-Class
669,Hyderabad,2014,48000,Diesel,Automatic,First,18.53,1968,187.74,5.0,29.0,Audi,A6
670,Bangalore,2013,62084,Diesel,Manual,First,22.77,1498,98.59,5.0,6.6,Ford,EcoSport
671,Kolkata,2012,39273,Diesel,Automatic,First,14.3,1968,140.0,5.0,6.99,Volkswagen,Passat
672,Bangalore,2017,64798,Diesel,Manual,First,13.68,2393,147.8,7.0,18.75,Toyota,Innova
673,Jaipur,2010,100002,Diesel,Manual,Third,20.0,1399,68.0,5.0,1.28,Ford,Figo
674,Pune,2006,78000,Petrol,Manual,Third,14.49,1399,92.7,5.0,1.2,Chevrolet,Aveo
675,Coimbatore,2013,57717,Petrol,Manual,First,18.5,1197,85.8,5.0,4.31,Maruti,Ritz
676,Chennai,2011,109000,Diesel,Automatic,First,12.39,2179,147.51,5.0,16.5,Land,Rover
677,Coimbatore,2017,74515,Petrol,Manual,First,18.9,1197,82.0,5.0,5.64,Hyundai,Grand
678,Coimbatore,2017,50484,Diesel,Automatic,First,10.91,3198,197.2,7.0,31.12,Ford,Endeavour
679,Kochi,2013,13452,Diesel,Automatic,First,12.8,1968,167.6,5.0,25.46,Audi,Q5
680,Kochi,2017,37688,Petrol,Manual,First,17.01,1591,121.3,5.0,7.88,Hyundai,Verna
681,Chennai,2017,34000,Diesel,Automatic,First,13.0,2143,204.0,5.0,36.0,Mercedes-Benz,E-Class
682,Pune,2008,64000,Petrol,Manual,Second,17.5,1298,85.8,5.0,2.85,Maruti,Swift
683,Delhi,2011,100000,Petrol,Manual,First,13.0,1343,90.0,5.0,3.5,Honda,City
684,Jaipur,2014,75000,Diesel,Manual,First,20.46,1461,83.8,5.0,7.5,Renault,Duster
685,Hyderabad,2012,86000,Diesel,Automatic,First,14.84,2143,170.0,5.0,19.0,Mercedes-Benz,New
686,Hyderabad,2015,69000,Diesel,Automatic,First,15.97,2993,258.0,5.0,54.0,BMW,X5
687,Kochi,2015,41721,Petrol,Manual,First,19.1,1197,82.0,5.0,4.7,Hyundai,Xcent
688,Hyderabad,2017,13000,Petrol,Automatic,First,22.0,1197,81.8,5.0,8.5,Maruti,Dzire
689,Kolkata,2013,38998,Diesel,Automatic,First,16.07,1995,181.0,4.0,17.0,BMW,3
690,Kochi,2017,54250,Petrol,Manual,First,22.74,796,47.3,5.0,3.51,Maruti,Alto
691,Bangalore,2013,45979,Diesel,Automatic,Second,17.11,1968,174.33,5.0,19.5,Audi,A4
692,Pune,2012,37000,Petrol,Automatic,Second,13.6,1598,181.0,4.0,17.0,Mini,Cooper
693,Coimbatore,2015,46983,Diesel,Automatic,Second,12.07,2967,241.4,7.0,43.35,Audi,Q7
694,Bangalore,2012,40700,Diesel,Manual,First,25.44,936,57.6,5.0,2.65,Chevrolet,Beat
695,Kochi,2015,43828,Petrol,Manual,First,20.51,998,67.04,5.0,3.52,Maruti,Wagon
696,Kolkata,2016,53000,Diesel,Manual,First,19.01,1461,108.5,5.0,6.25,Nissan,Terrano
697,Ahmedabad,2015,100000,Diesel,Automatic,First,18.88,1995,184.0,5.0,24.75,BMW,3
698,Mumbai,2015,19000,Petrol,Manual,First,20.85,1197,83.14,5.0,5.25,Maruti,Swift
699,Jaipur,2016,84000,Diesel,Manual,First,17.72,1968,108.5,5.0,11.0,Skoda,Yeti
700,Kochi,2018,37630,Petrol,Automatic,First,15.63,1499,110.4,5.0,9.1,Ford,EcoSport
701,Chennai,2010,67714,Petrol,Manual,First,18.5,1197,80.0,5.0,3.25,Hyundai,i20
702,Pune,2017,32000,Diesel,Manual,First,15.0,1248,88.5,5.0,8.5,Maruti,S
703,Pune,2010,51000,Petrol,Manual,First,16.2,1599,103.2,5.0,3.1,Hyundai,Verna
704,Kochi,2015,58390,Diesel,Automatic,First,18.88,1995,184.0,5.0,19.86,BMW,3
705,Kolkata,2017,14000,Diesel,Manual,First,24.0,1186,73.97,5.0,4.9,Hyundai,Grand
706,Delhi,2014,55818,Petrol,Manual,Second,17.4,1497,117.3,5.0,5.7,Honda,City
707,Kolkata,2012,52241,Diesel,Manual,First,25.2,1248,74.0,5.0,2.9,Maruti,Swift
708,Coimbatore,2018,25433,Diesel,Manual,First,27.39,1248,74.0,5.0,7.83,Maruti,Baleno
709,Kochi,2015,40611,Diesel,Manual,First,14.0,2179,138.1,7.0,8.15,Tata,Safari
710,Bangalore,2008,72000,Petrol,Manual,Second,13.2,1495,94.0,5.0,2.0,Hyundai,Accent
711,Hyderabad,2016,54631,Diesel,Manual,First,25.2,1248,74.0,5.0,6.25,Maruti,Swift
712,Coimbatore,2016,24941,Petrol,Automatic,First,21.9,624,37.48,4.0,3.19,Tata,Nano
713,Ahmedabad,2017,63939,Diesel,Manual,First,25.47,1248,88.5,7.0,7.75,Maruti,Ertiga
714,Delhi,2014,35214,Petrol,Automatic,Second,23.1,998,67.04,5.0,3.2,Maruti,Celerio
715,Delhi,2015,63000,Diesel,Manual,First,25.2,1248,74.0,5.0,4.9,Maruti,Swift
716,Kochi,2012,121377,Petrol,Manual,First,15.04,1598,103.6,5.0,3.8,Volkswagen,Vento
717,Chennai,2009,100970,Diesel,Automatic,First,15.5,1896,105.0,5.0,4.0,Volkswagen,Jetta
718,Hyderabad,2014,60000,Diesel,Automatic,Second,20.7,1496,113.98,5.0,23.5,Mini,Cooper
719,Chennai,2008,77650,Diesel,Manual,First,17.2,1396,53.5,5.0,1.15,Tata,Indica
720,Bangalore,2015,18955,Petrol,Automatic,First,18.0,1497,117.3,5.0,10.65,Honda,City
721,Coimbatore,2016,47877,Diesel,Automatic,First,16.36,2179,187.7,5.0,35.68,Jaguar,XF
722,Kochi,2017,43368,Diesel,Automatic,First,15.0,2143,204.0,5.0,31.94,Mercedes-Benz,E-Class
723,Chennai,2011,73000,Diesel,Manual,Third,18.3,1991,147.9,5.0,4.2,Chevrolet,Cruze
724,Ahmedabad,2015,72007,Diesel,Manual,First,15.1,2179,140.0,7.0,9.9,Mahindra,XUV500
725,Kochi,2014,56778,Petrol,Automatic,First,11.74,1796,186.0,5.0,15.46,Mercedes-Benz,New
726,Kochi,2018,20024,Petrol,Manual,First,18.2,1199,88.7,5.0,8.46,Honda,Jazz
727,Kolkata,2013,42103,Petrol,Manual,First,16.78,1496,88.73,5.0,3.25,Toyota,Etios
728,Hyderabad,2012,67147,Petrol,Manual,First,19.7,796,46.3,5.0,2.6,Maruti,Alto
729,Coimbatore,2016,37806,Petrol,Manual,First,20.4,1197,81.8,5.0,5.2,Maruti,Swift
730,Pune,2009,85000,Petrol,Manual,Third,19.0,998,66.1,5.0,1.8,Maruti,A-Star
731,Chennai,2011,35000,Petrol,Manual,First,25.4,624,37.48,4.0,1.6,Tata,Nano
732,Kolkata,2015,72035,Diesel,Manual,First,25.5,1498,99.0,5.0,2.5,Ford,Figo
733,Jaipur,2011,48500,Petrol,Manual,First,16.0,1368,90.0,5.0,2.5,Fiat,Linea
734,Coimbatore,2017,28854,Petrol,Manual,First,18.16,1196,86.8,5.0,6.7,Ford,Figo
735,Hyderabad,2005,92450,Petrol,Manual,First,15.4,1590,94.0,5.0,1.2,Maruti,Baleno
736,Coimbatore,2016,14351,Diesel,Automatic,First,18.88,1995,184.0,5.0,35.55,BMW,3
737,Jaipur,2017,51087,Diesel,Manual,First,17.9,1998,163.7,5.0,7.75,Chevrolet,Cruze
738,Chennai,2005,50000,Diesel,Manual,First,12.7,2609,116.6,8.0,1.94,Mahindra,Scorpio
739,Hyderabad,2016,73000,Diesel,Manual,First,25.0,1396,69.0,5.0,2.2,Tata,Indica
740,Ahmedabad,2011,60000,Diesel,Automatic,First,18.1,1991,147.9,4.0,3.8,Chevrolet,Cruze
741,Chennai,2016,50000,Diesel,Manual,First,12.8,2494,102.0,8.0,15.65,Toyota,Innova
742,Coimbatore,2018,36797,Diesel,Automatic,First,19.27,2143,167.62,5.0,39.47,Mercedes-Benz,New
743,Kolkata,2011,50000,Petrol,Manual,Second,18.5,1197,85.8,5.0,1.5,Maruti,Ritz
744,Ahmedabad,2013,94000,Diesel,Manual,First,12.8,2494,102.0,8.0,8.85,Toyota,Innova
745,Bangalore,2013,74000,Diesel,Manual,Second,12.55,2982,168.5,7.0,17.9,Toyota,Fortuner
746,Coimbatore,2014,41016,Petrol,Automatic,Second,16.95,1197,78.9,5.0,5.08,Hyundai,i10
747,Bangalore,2012,67000,Diesel,Manual,First,22.32,1582,126.32,5.0,6.25,Hyundai,Verna
748,Bangalore,2015,76927,Diesel,Automatic,First,15.73,1968,174.33,5.0,22.75,Audi,Q3
749,Kolkata,2010,17088,Petrol,Manual,First,18.6,1199,79.4,5.0,1.46,Chevrolet,Beat
750,Pune,2007,112808,Diesel,Manual,Second,17.8,1399,68.0,5.0,2.05,Ford,Fiesta
751,Coimbatore,2014,74980,Diesel,Manual,First,20.0,1399,68.0,5.0,4.08,Ford,Figo
752,Hyderabad,2014,44600,Petrol,Automatic,First,23.1,998,67.04,5.0,4.55,Maruti,Celerio
753,Mumbai,2013,37000,Diesel,Automatic,First,20.0,2143,107.3,5.0,14.0,Mercedes-Benz,A
754,Ahmedabad,2016,21000,Petrol,Manual,First,15.8,1591,121.3,5.0,10.9,Hyundai,Creta
755,Bangalore,2010,81245,Petrol,Manual,First,18.9,998,67.1,5.0,2.45,Maruti,Wagon
756,Delhi,2013,70000,Diesel,Automatic,First,10.0,2148,170.0,5.0,15.8,Mercedes-Benz,E-Class
757,Mumbai,2017,4018,Petrol,Manual,First,18.88,1499,110.4,5.0,8.25,Ford,EcoSport
758,Delhi,2013,70000,Diesel,Automatic,Second,13.73,1995,148.0,5.0,8.5,Renault,Koleos
759,Coimbatore,2016,56532,Diesel,Manual,First,16.0,2179,140.0,7.0,15.54,Mahindra,XUV500
760,Hyderabad,2013,26875,Petrol,Manual,First,16.8,796,34.2,8.0,2.35,Maruti,Omni
761,Coimbatore,2015,72599,Petrol,Manual,First,22.5,998,67.04,5.0,4.32,Maruti,Wagon
762,Jaipur,2008,205000,Diesel,Manual,Second,13.1,2499,141.0,7.0,3.9,Ford,Endeavour
763,Hyderabad,2011,98000,Diesel,Manual,Second,22.32,1582,126.32,5.0,5.2,Hyundai,Verna
764,Mumbai,2018,19500,Petrol,Manual,First,18.6,1197,81.83,5.0,5.85,Hyundai,i20
765,Bangalore,2013,68000,Petrol,Manual,Second,16.02,1373,93.7,7.0,6.25,Maruti,Ertiga
766,Coimbatore,2019,19654,Diesel,Automatic,First,14.0,2179,155.0,7.0,17.63,Mahindra,XUV500
767,Mumbai,2017,26000,Diesel,Manual,First,23.65,1248,88.5,5.0,9.75,Maruti,SX4
768,Bangalore,2015,10000,Petrol,Automatic,First,18.1,3498,306.0,2.0,55.0,Mercedes-Benz,SLK-Class
769,Hyderabad,2011,75020,Diesel,Manual,First,22.07,1199,73.9,5.0,4.1,Volkswagen,Polo
770,Hyderabad,2011,157000,Diesel,Manual,First,12.55,2982,168.5,7.0,11.99,Toyota,Fortuner
771,Kochi,2017,43773,Diesel,Manual,First,16.0,2179,140.0,7.0,13.54,Mahindra,XUV500
772,Mumbai,2016,21000,Diesel,Automatic,First,17.9,2143,201.15,5.0,56.0,Mercedes-Benz,GLE
773,Chennai,2016,23280,Petrol,Manual,First,18.7,1199,88.7,5.0,6.5,Honda,Jazz
774,Pune,2013,88000,Diesel,Manual,First,23.4,1248,74.0,5.0,4.75,Maruti,Swift
775,Hyderabad,2014,67000,Petrol,Manual,First,17.01,1591,121.3,5.0,5.6,Hyundai,Verna
776,Coimbatore,2017,59636,Diesel,Automatic,First,10.91,3198,197.0,7.0,29.2,Ford,Endeavour
777,Kolkata,2018,11000,Petrol,Manual,First,18.6,1197,81.83,5.0,6.35,Hyundai,i20
778,Mumbai,2013,60669,Petrol,Manual,First,16.8,1497,116.3,5.0,4.95,Honda,City
779,Hyderabad,2018,12000,Diesel,Manual,First,27.4,1498,98.6,5.0,8.5,Honda,Amaze
780,Kolkata,2013,35000,Petrol,Manual,First,17.1,1591,121.3,5.0,4.5,Hyundai,Verna
781,Chennai,2015,65000,Diesel,Manual,First,24.2,1498,98.6,7.0,5.5,Honda,Mobilio
782,Kochi,2013,39929,Diesel,Manual,First,20.77,1248,88.8,7.0,6.56,Maruti,Ertiga
783,Pune,2014,49000,Petrol,Manual,First,24.07,998,67.1,5.0,2.3,Maruti,Alto
784,Kochi,2016,21456,Petrol,Manual,First,20.36,1197,78.9,5.0,4.55,Hyundai,i10
785,Bangalore,2009,74000,Diesel,Automatic,Second,17.0,1896,105.0,5.0,7.75,Skoda,Laura
786,Mumbai,2015,37000,Petrol,Manual,Second,18.6,1197,81.83,5.0,5.25,Hyundai,i20
787,Coimbatore,2013,108640,Diesel,Automatic,First,11.5,2993,235.0,5.0,23.29,BMW,5
788,Mumbai,2016,38000,Diesel,Automatic,First,22.69,1995,190.0,5.0,23.99,BMW,3
789,Pune,2010,80000,Petrol,Manual,First,14.49,1399,92.7,5.0,1.79,Chevrolet,Aveo
790,Mumbai,2011,47000,Diesel,Automatic,Second,14.21,2143,203.0,5.0,13.9,Mercedes-Benz,E-Class
791,Kolkata,2013,31000,Diesel,Automatic,First,17.68,1968,174.33,5.0,18.95,Audi,A6
792,Kolkata,2014,40000,Petrol,Manual,First,20.51,998,67.04,5.0,2.49,Maruti,Wagon
793,Jaipur,2016,4152,Petrol,Manual,First,25.17,799,53.3,5.0,3.15,Renault,KWID
794,Mumbai,2017,51000,Diesel,Manual,First,21.66,1498,108.62,5.0,6.45,Volkswagen,Ameo
795,Ahmedabad,2013,55000,Diesel,Manual,First,22.07,1199,73.9,5.0,4.25,Volkswagen,Polo
796,Hyderabad,2014,58500,Petrol,Manual,First,22.74,796,47.3,5.0,2.75,Maruti,Alto
797,Kochi,2017,58620,Petrol,Manual,First,18.6,1197,81.83,5.0,7.14,Hyundai,i20
798,Jaipur,2012,71172,Petrol,Manual,Third,17.0,1197,80.0,5.0,3.5,Hyundai,i20
799,Chennai,2017,12000,Diesel,Manual,First,22.54,1396,88.73,5.0,7.3,Hyundai,i20
800,Kolkata,2014,25000,Petrol,Manual,First,20.51,998,67.04,5.0,2.75,Maruti,Wagon
801,Bangalore,2017,43000,Diesel,Manual,Second,22.54,1396,88.73,5.0,8.2,Hyundai,i20
802,Mumbai,2015,57022,Petrol,Automatic,First,17.21,1197,103.6,5.0,6.51,Volkswagen,Polo
803,Pune,2015,92000,Diesel,Manual,First,20.0,1399,68.05,5.0,4.25,Ford,Figo
804,Coimbatore,2014,33372,Petrol,Manual,Second,18.6,1197,85.8,5.0,6.21,Maruti,Swift
805,Kochi,2016,52625,Diesel,Manual,First,24.0,1120,70.0,5.0,4.58,Hyundai,Grand
806,Chennai,2016,215000,Diesel,Manual,First,14.02,2179,118.3,7.0,7.5,Mahindra,Xylo
807,Delhi,2012,65537,CNG,Manual,First,36.2205,796,38.4,5.0,2.1,Maruti,Alto
808,Coimbatore,2014,60138,Petrol,Manual,First,19.81,1086,68.05,5.0,4.09,Hyundai,i10
809,Mumbai,2014,84000,Diesel,Automatic,First,19.3,1968,141.0,5.0,10.75,Skoda,Octavia
810,Mumbai,2014,47000,Diesel,Automatic,First,15.97,2993,258.0,7.0,41.5,BMW,X5
811,Hyderabad,2014,33450,Petrol,Automatic,First,23.1,998,67.04,5.0,4.4,Maruti,Celerio
812,Jaipur,2013,125000,Diesel,Manual,Second,20.54,1598,103.6,5.0,6.25,Volkswagen,Vento
813,Pune,2011,99606,Diesel,Automatic,Second,16.07,1995,181.0,5.0,10.5,BMW,3
814,Mumbai,2014,64000,Diesel,Manual,First,20.77,1248,88.8,7.0,7.25,Maruti,Ertiga
815,Hyderabad,2013,51000,Diesel,Manual,First,20.0,1399,68.05,5.0,3.2,Ford,Figo
816,Mumbai,2014,57000,Petrol,Manual,First,16.47,1198,74.0,5.0,3.95,Volkswagen,Polo
817,Coimbatore,2009,48040,Diesel,Automatic,Second,16.77,2967,241.38,5.0,12.07,Audi,A6
818,Pune,2017,43200,Diesel,Manual,First,13.68,2393,147.8,7.0,18.6,Toyota,Innova
819,Delhi,2013,66000,Diesel,Automatic,First,22.32,1582,126.3,5.0,5.7,Hyundai,Verna
820,Kolkata,2013,31000,Petrol,Manual,First,17.92,1086,62.1,5.0,1.75,Hyundai,Santro
821,Delhi,2011,46000,Diesel,Automatic,Second,16.55,1968,147.51,5.0,10.99,Audi,A4
822,Kolkata,2012,47346,Diesel,Automatic,First,16.55,1968,147.51,5.0,14.5,Audi,A4
823,Jaipur,2009,100000,Diesel,Manual,First,17.0,1896,105.0,5.0,3.11,Skoda,Laura
824,Coimbatore,2015,63856,Petrol,Automatic,First,13.7,1997,153.86,5.0,13.96,Honda,CR-V
825,Coimbatore,2015,72996,Diesel,Manual,First,22.32,1582,126.32,5.0,7.11,Hyundai,Verna
826,Chennai,2014,23000,Diesel,Manual,First,24.5,1498,98.6,7.0,6.9,Honda,Mobilio
827,Coimbatore,2018,15985,Petrol,Manual,First,18.6,1197,81.83,5.0,7.77,Hyundai,i20
828,Kolkata,2011,98000,Diesel,Manual,Second,12.8,2494,102.0,8.0,5.5,Toyota,Innova
829,Hyderabad,2014,70089,Petrol,Manual,First,18.6,1197,81.83,5.0,5.35,Hyundai,i20
830,Chennai,2011,99000,Diesel,Manual,Second,13.6,2523,63.0,7.0,4.5,Mahindra,Bolero
831,Jaipur,2014,72000,Diesel,Manual,First,20.34,1498,103.2,5.0,4.75,Volkswagen,Vento
832,Coimbatore,2015,44194,Diesel,Automatic,First,16.36,2179,187.7,5.0,32.8,Jaguar,XF
833,Mumbai,2005,102000,Petrol,Manual,First,17.3,993,60.0,5.0,0.7,Maruti,Zen
834,Coimbatore,2018,56652,Diesel,Automatic,First,13.0,2987,258.0,5.0,50.29,Mercedes-Benz,E-Class
835,Mumbai,2010,41650,Diesel,Manual,Second,11.5,2982,171.0,7.0,10.99,Toyota,Fortuner
836,Coimbatore,2015,61717,Petrol,Automatic,First,18.9,1197,82.0,5.0,5.57,Hyundai,Grand
837,Jaipur,2018,25302,Diesel,Manual,First,25.4,1186,73.97,5.0,5.9,Hyundai,Xcent
838,Coimbatore,2016,47016,Petrol,Manual,First,15.29,1591,121.3,5.0,9.43,Hyundai,Creta
839,Bangalore,2010,69000,Petrol,Manual,First,20.36,1197,78.9,5.0,2.9,Hyundai,i10
840,Delhi,2016,32700,Petrol,Manual,First,19.4,1198,86.8,5.0,3.68,Honda,Brio
841,Coimbatore,2015,101337,Diesel,Automatic,First,12.55,2982,168.5,7.0,21.67,Toyota,Fortuner
842,Ahmedabad,2011,59000,Diesel,Automatic,First,16.55,1968,140.0,5.0,12.5,Audi,A4
843,Kochi,2018,41736,Diesel,Automatic,First,11.36,2755,171.5,7.0,19.92,Toyota,Innova
844,Jaipur,2014,71649,Diesel,Manual,First,25.1,1498,98.6,5.0,6.75,Honda,City
845,Kochi,2015,80606,Diesel,Manual,First,25.1,1498,98.6,5.0,6.96,Honda,City
846,Jaipur,2017,63262,Petrol,Manual,First,21.7,999,67.0,5.0,3.25,Renault,KWID
847,Hyderabad,2018,5456,Diesel,Manual,First,28.4,1248,74.0,5.0,8.65,Maruti,Swift
848,Pune,2017,7500,Petrol,Automatic,First,23.1,998,67.04,5.0,5.0,Maruti,Celerio
849,Delhi,2011,66000,Diesel,Manual,First,15.1,2179,140.0,7.0,5.5,Mahindra,XUV500
850,Jaipur,2010,66770,Petrol,Manual,Second,20.36,1197,78.9,5.0,2.6,Hyundai,i10
851,Kochi,2014,58472,Petrol,Manual,First,19.81,1086,68.05,5.0,3.41,Hyundai,i10
852,Kolkata,2011,46687,Petrol,Manual,First,22.0,1197,81.8,5.0,2.7,Maruti,Dzire
853,Chennai,2008,77000,Petrol,Automatic,Fourth & Above,9.7,1995,163.5,5.0,5.5,Maruti,Grand
854,Kolkata,2012,7000,Petrol,Automatic,First,14.33,1984,226.6,4.0,35.0,Audi,TT
855,Mumbai,2011,48000,Petrol,Automatic,Second,14.74,1991,184.0,5.0,9.75,Mercedes-Benz,New
856,Mumbai,2013,47000,Diesel,Manual,First,21.64,1461,84.8,5.0,4.25,Nissan,Sunny
857,Ahmedabad,2015,51530,Petrol,Manual,First,18.9,998,67.1,5.0,3.2,Maruti,Wagon
858,Bangalore,2014,25789,Diesel,Manual,Second,23.4,1248,74.0,5.0,6.85,Maruti,Swift
859,Delhi,2015,48000,Diesel,Manual,First,25.8,1498,98.6,5.0,4.5,Honda,Amaze
860,Delhi,2012,52000,Diesel,Manual,First,28.4,1248,74.0,5.0,3.55,Maruti,Swift
861,Hyderabad,2010,95637,CNG,Manual,Second,17.82,1495,93.7,5.0,1.9,Hyundai,Accent
862,Hyderabad,2008,131000,Diesel,Manual,First,10.5,2609,120.0,7.0,3.6,Mahindra,Scorpio
863,Kochi,2015,42076,Diesel,Automatic,First,13.0,2143,201.1,5.0,21.8,Mercedes-Benz,E-Class
864,Mumbai,2012,76000,Diesel,Manual,Second,13.0,2982,168.5,7.0,13.5,Toyota,Fortuner
865,Bangalore,2016,20487,Petrol,Manual,First,22.7,799,53.64,5.0,2.66,Datsun,redi-GO
866,Delhi,2010,43000,Petrol,Manual,Second,16.8,1497,116.3,5.0,3.75,Honda,City
867,Pune,2018,17000,Petrol,Automatic,First,19.16,2494,158.2,5.0,32.0,Toyota,Camry
868,Coimbatore,2016,60805,Diesel,Manual,First,26.0,1498,98.6,5.0,8.07,Honda,City
869,Kochi,2012,58775,Diesel,Manual,First,19.33,1968,138.1,5.0,5.64,Volkswagen,Jetta
870,Hyderabad,2013,70181,Diesel,Automatic,First,17.68,1968,174.33,5.0,23.99,Audi,A6
871,Coimbatore,2016,85827,Diesel,Manual,First,20.77,1248,88.76,7.0,7.5,Maruti,Ertiga
872,Jaipur,2016,58205,Diesel,Automatic,First,19.27,2143,167.62,5.0,27.0,Mercedes-Benz,New
873,Mumbai,2008,91000,Diesel,Manual,Second,19.3,1248,73.9,5.0,2.85,Maruti,Swift
874,Pune,2012,74000,Diesel,Manual,First,19.01,1461,108.45,5.0,6.35,Renault,Duster
875,Hyderabad,2010,79324,Diesel,Manual,First,21.1,1248,73.9,5.0,3.3,Maruti,Ritz
876,Bangalore,2013,38623,Petrol,Manual,First,19.1,1197,85.8,5.0,5.0,Maruti,Swift
877,Coimbatore,2014,59923,Diesel,Manual,First,22.9,1248,74.0,5.0,6.46,Maruti,Swift
878,Jaipur,2017,23360,Petrol,Manual,First,21.1,814,55.2,5.0,3.75,Hyundai,EON
879,Kochi,2003,61495,Petrol,Manual,Third,17.3,993,60.0,5.0,1.52,Maruti,Zen
880,Coimbatore,2012,56661,Petrol,Manual,First,15.1,1196,73.0,7.0,3.61,Maruti,Eeco
881,Coimbatore,2017,40318,Diesel,Automatic,First,14.16,1968,174.3,5.0,43.74,Audi,Q5
882,Chennai,2014,60000,Diesel,Automatic,First,15.73,1968,174.33,5.0,20.0,Audi,Q3
883,Hyderabad,2010,130000,Diesel,Manual,First,19.3,1248,73.9,5.0,3.65,Maruti,Swift
884,Hyderabad,2016,76000,Diesel,Automatic,First,15.97,2993,258.0,7.0,58.0,BMW,X5
885,Mumbai,2015,30000,Petrol,Automatic,First,18.0,1497,117.3,5.0,8.65,Honda,City
886,Delhi,2015,150000,Diesel,Manual,First,25.0,1396,69.01,5.0,2.5,Tata,Indigo
887,Chennai,2014,28000,Petrol,Automatic,First,16.93,1197,103.6,5.0,7.75,Volkswagen,Vento
888,Bangalore,2015,74000,Petrol,Manual,First,23.1,998,67.04,5.0,4.15,Maruti,Celerio
889,Delhi,2011,75000,Diesel,Manual,First,11.5,2982,171.0,7.0,10.85,Toyota,Fortuner
890,Delhi,2010,76000,Petrol,Automatic,Second,11.3,2360,170.0,5.0,5.53,Mitsubishi,Outlander
891,Pune,2014,64889,Diesel,Automatic,First,15.5,1896,105.0,5.0,11.5,Volkswagen,Jetta
892,Kolkata,2015,43000,Diesel,Manual,First,19.67,1582,126.2,5.0,9.25,Hyundai,Creta
893,Pune,2011,47490,Petrol,Manual,First,17.5,1198,75.0,5.0,2.29,Skoda,Fabia
894,Chennai,2015,80000,Diesel,Manual,First,22.77,1498,98.59,5.0,7.0,Ford,EcoSport
895,Bangalore,2007,60000,Petrol,Manual,Second,18.2,1061,64.0,5.0,1.65,Maruti,Zen
896,Ahmedabad,2017,6006,Petrol,Manual,First,20.73,1373,91.1,5.0,8.25,Maruti,Ciaz
897,Kochi,2011,71703,Petrol,Automatic,First,14.74,1991,181.03,5.0,9.14,Mercedes-Benz,New
898,Hyderabad,2016,33000,Petrol,Manual,First,17.8,1198,86.7,5.0,6.5,Honda,Amaze
899,Jaipur,2015,91000,Diesel,Manual,First,19.87,1461,83.8,5.0,5.75,Renault,Duster
900,Hyderabad,2012,72000,LPG,Manual,First,35.370000000000005,998,58.2,5.0,2.85,Maruti,Wagon
901,Kolkata,2011,43000,Petrol,Manual,Second,16.47,1198,73.9,5.0,2.1,Volkswagen,Polo
902,Coimbatore,2017,63770,Diesel,Manual,First,19.67,1582,126.2,5.0,13.55,Hyundai,Creta
903,Kolkata,2012,43510,Diesel,Automatic,First,14.74,2993,270.9,5.0,20.5,Jaguar,XF
904,Mumbai,2017,52000,Diesel,Manual,First,16.3,1956,170.0,5.0,20.0,Jeep,Compass
905,Kochi,2018,31427,Diesel,Automatic,First,15.68,1999,177.0,5.0,59.72,Land,Rover
906,Kolkata,2016,29000,Diesel,Manual,First,27.39,1248,74.0,5.0,6.5,Maruti,Baleno
907,Ahmedabad,2016,56000,Diesel,Manual,First,28.09,1248,88.5,5.0,7.5,Maruti,Ciaz
908,Jaipur,2007,76000,Petrol,Manual,Second,15.0,1586,104.68,5.0,2.15,Maruti,SX4
909,Coimbatore,2015,53615,Diesel,Manual,First,22.7,1582,126.24,5.0,8.44,Hyundai,Elantra
910,Bangalore,2013,132000,Diesel,Manual,First,13.5,2477,175.56,7.0,12.49,Mitsubishi,Pajero
911,Pune,2017,14800,Petrol,Manual,First,17.0,1198,73.75,5.0,5.48,Volkswagen,Ameo
912,Hyderabad,2013,35433,Petrol,Manual,First,18.5,1197,85.8,5.0,4.2,Maruti,Ritz
913,Hyderabad,2013,82966,Diesel,Manual,First,16.8,1493,110.0,5.0,7.2,Hyundai,Verna
914,Jaipur,2014,96000,Diesel,Manual,First,23.4,1248,74.0,5.0,4.8,Maruti,Swift
915,Kochi,2017,39528,Diesel,Manual,First,25.32,1198,77.0,6.0,5.83,Mahindra,KUV
916,Coimbatore,2018,92056,Diesel,Manual,First,13.68,2393,147.8,7.0,18.39,Toyota,Innova
917,Pune,2016,14930,Petrol,Manual,First,21.4,1197,83.1,5.0,5.85,Maruti,Baleno
918,Mumbai,2016,38000,Diesel,Manual,First,27.3,1498,98.6,5.0,6.21,Honda,Jazz
919,Delhi,2013,71000,Petrol,Manual,First,17.0,1197,80.0,5.0,3.65,Hyundai,i20
920,Delhi,2012,71000,Diesel,Manual,First,23.0,1396,90.0,5.0,3.7,Hyundai,i20
921,Pune,2015,50000,Diesel,Automatic,First,19.27,2143,167.62,5.0,30.0,Mercedes-Benz,New
922,Kochi,2016,48163,Petrol,Manual,First,19.1,1197,82.0,5.0,4.85,Hyundai,Xcent
923,Coimbatore,2017,19168,Petrol,Automatic,First,18.9,1197,82.0,5.0,6.93,Hyundai,Grand
924,Kolkata,2016,26000,Petrol,Manual,First,22.74,796,47.3,5.0,2.6,Maruti,Alto
925,Kolkata,2014,37400,Petrol,Manual,First,18.2,1199,82.5,5.0,1.89,Chevrolet,Sail
926,Mumbai,2012,95000,Petrol,Automatic,First,13.7,1798,157.75,5.0,10.0,Skoda,Superb
927,Kolkata,2009,34000,Diesel,Automatic,First,16.55,1968,147.51,5.0,9.95,Audi,A4
928,Mumbai,2014,95000,Diesel,Manual,Second,12.8,2494,102.0,8.0,9.45,Toyota,Innova
929,Coimbatore,2017,13689,Diesel,Automatic,First,17.9,2143,136.0,5.0,28.25,Mercedes-Benz,CLA
930,Jaipur,2008,84000,Petrol,Manual,Second,19.81,1086,68.05,5.0,1.8,Hyundai,i10
931,Kolkata,2008,47000,Petrol,Manual,Second,17.5,1298,85.8,5.0,1.4,Maruti,Swift
932,Ahmedabad,2015,60001,Diesel,Automatic,First,21.66,1498,103.52,5.0,7.25,Skoda,Rapid
933,Hyderabad,2012,96000,Diesel,Manual,First,21.1,1248,73.9,5.0,3.6,Maruti,Ritz
934,Jaipur,2004,47300,Petrol,Manual,Second,14.4,1599,94.0,5.0,1.2,Hyundai,Accent
935,Coimbatore,2014,28246,Petrol,Manual,Second,17.8,1198,86.7,5.0,4.94,Honda,Amaze
936,Delhi,2007,65000,Petrol,Manual,Second,18.9,998,67.1,5.0,1.25,Maruti,Wagon
937,Chennai,2013,68000,Diesel,Manual,Second,22.07,1199,73.9,5.0,4.8,Volkswagen,Polo
938,Kochi,2019,11209,Diesel,Automatic,First,12.62,2198,158.0,7.0,31.15,Ford,Endeavour
939,Pune,2011,41980,Petrol,Manual,Second,17.0,1197,80.0,5.0,3.3,Hyundai,i20
940,Bangalore,2012,65000,Diesel,Manual,First,25.44,936,57.6,5.0,2.4,Chevrolet,Beat
941,Kolkata,2010,38000,Petrol,Manual,First,14.8,1799,130.2,5.0,2.0,Honda,Civic
942,Pune,2014,51000,Petrol,Manual,First,20.51,998,67.04,5.0,3.1,Maruti,Wagon
943,Kochi,2014,33855,Petrol,Manual,First,15.0,1598,103.6,5.0,5.09,Skoda,Rapid
944,Pune,2006,146000,Petrol,Manual,Second,15.4,1590,94.0,5.0,1.05,Maruti,Baleno
945,Bangalore,2015,47037,Diesel,Manual,Second,22.77,1498,98.59,5.0,7.0,Ford,EcoSport
946,Ahmedabad,2010,58000,Petrol,Manual,Second,13.2,1495,94.0,5.0,2.5,Hyundai,Accent
947,Mumbai,2012,61240,Diesel,Automatic,First,22.48,1995,190.0,5.0,17.5,BMW,5
948,Chennai,2011,91211,Petrol,Manual,First,20.92,998,67.1,5.0,2.1,Maruti,Alto
949,Bangalore,2013,84000,Diesel,Automatic,First,15.73,1968,174.33,5.0,17.75,Audi,Q3
950,Mumbai,2008,64226,LPG,Manual,First,23.355000000000004,1061,57.5,5.0,1.45,Maruti,Wagon
951,Bangalore,2005,67000,Petrol,Automatic,Second,11.3,1794,125.0,5.0,2.45,Toyota,Corolla
952,Pune,2011,106976,Diesel,Automatic,First,13.5,2400,215.0,5.0,13.8,Volvo,XC60
953,Kolkata,2016,27210,Diesel,Manual,First,27.3,1498,98.6,5.0,5.85,Honda,Jazz
954,Delhi,2017,26322,Diesel,Manual,First,28.09,1248,88.5,5.0,8.9,Maruti,Ciaz
955,Mumbai,2016,9107,Petrol,Manual,First,20.4,1197,81.8,5.0,5.15,Maruti,Swift
956,Kochi,2015,63983,Diesel,Automatic,First,19.27,2143,170.0,5.0,16.56,Mercedes-Benz,New
957,Chennai,2010,134000,Petrol,Manual,Second,18.9,1061,67.0,5.0,1.65,Maruti,Wagon
958,Pune,2015,11000,Petrol,Automatic,First,15.5,1595,120.7,5.0,16.0,Mercedes-Benz,A
959,Coimbatore,2017,24852,Diesel,Automatic,First,26.59,1248,74.0,5.0,8.08,Maruti,Swift
960,Pune,2014,37632,Petrol,Automatic,First,18.9,1197,82.0,5.0,4.5,Hyundai,Grand
961,Chennai,2013,55000,Petrol,Manual,Second,16.95,1498,97.7,5.0,4.3,Nissan,Sunny
962,Hyderabad,2010,81448,Petrol,Manual,First,19.0,998,66.1,5.0,2.6,Maruti,A-Star
963,Hyderabad,2018,1900,Petrol,Manual,First,25.17,799,53.3,5.0,4.45,Renault,KWID
964,Coimbatore,2012,54957,Petrol,Automatic,First,17.1,1591,121.4,5.0,5.37,Hyundai,Verna
965,Chennai,2008,55000,Petrol,Manual,Second,18.9,1061,67.0,5.0,1.75,Maruti,Wagon
966,Kolkata,2013,21983,Diesel,Automatic,First,18.88,1995,184.0,5.0,16.5,BMW,3
967,Delhi,2013,76000,Diesel,Automatic,First,18.48,1995,177.0,5.0,19.0,BMW,5
968,Jaipur,2016,65000,Diesel,Manual,First,25.0,1396,69.01,5.0,2.8,Tata,Indigo
969,Hyderabad,2015,26000,Diesel,Manual,First,22.54,1396,88.73,5.0,6.2,Hyundai,i20
970,Kochi,2019,11571,Petrol,Manual,First,16.8,796,34.2,8.0,3.8,Maruti,Omni
971,Hyderabad,2014,81000,Diesel,Manual,First,25.2,1248,74.0,5.0,6.1,Maruti,Swift
972,Coimbatore,2019,23154,Diesel,Manual,First,23.0,1498,98.96,5.0,11.65,Ford,Ecosport
973,Mumbai,2014,26856,Petrol,Automatic,First,16.5,1198,86.8,5.0,4.15,Honda,Brio
974,Chennai,2017,67489,Diesel,Manual,First,13.68,2393,147.8,7.0,16.5,Toyota,Innova
975,Bangalore,2008,176000,Diesel,Manual,Second,10.5,2179,120.0,8.0,4.3,Mahindra,Scorpio
976,Kolkata,2010,18000,Petrol,Manual,First,18.5,1197,80.0,5.0,2.25,Hyundai,i20
977,Ahmedabad,2014,63003,Diesel,Manual,First,22.32,1582,126.32,5.0,6.75,Hyundai,Verna
978,Chennai,2014,80000,Diesel,Manual,First,15.1,2179,140.0,7.0,9.4,Mahindra,XUV500
979,Coimbatore,2014,56658,Diesel,Manual,First,20.64,1498,108.5,5.0,5.39,Volkswagen,Vento
980,Kochi,2019,18592,Diesel,Manual,First,26.59,1248,74.0,5.0,8.51,Maruti,Swift
981,Pune,2010,75695,Petrol,Manual,First,13.7,1368,88.8,5.0,1.85,Tata,Manza
982,Kolkata,2012,82000,Diesel,Manual,Second,22.9,1248,74.0,5.0,2.5,Maruti,Swift
983,Chennai,2013,60000,Diesel,Manual,First,22.07,1199,73.9,5.0,4.75,Volkswagen,Polo
984,Pune,2009,138000,Petrol,Manual,Second,17.0,1497,118.0,5.0,3.5,Honda,City
985,Bangalore,2014,67000,Diesel,Manual,First,23.0,1396,90.0,5.0,5.5,Hyundai,i20
986,Coimbatore,2012,42750,Petrol,Manual,First,17.0,1497,118.0,5.0,6.33,Honda,City
987,Kochi,2014,52398,Diesel,Manual,First,25.44,936,57.6,5.0,2.47,Chevrolet,Beat
988,Kochi,2014,36657,Petrol,Manual,First,16.2,995,62.1,5.0,3.3,Chevrolet,Spark
989,Delhi,2011,77000,Diesel,Manual,Second,11.57,2179,138.1,7.0,3.5,Tata,New
990,Delhi,2014,85000,Diesel,Automatic,First,11.3,2987,254.8,7.0,38.75,Mercedes-Benz,GL-Class
991,Pune,2008,112500,Diesel,Automatic,First,11.5,2993,235.0,5.0,7.99,BMW,5
992,Kochi,2013,105072,Diesel,Manual,First,14.24,2755,174.5,7.0,13.28,Toyota,Fortuner
993,Pune,2012,80000,Petrol,Automatic,First,11.25,1995,150.0,5.0,9.5,BMW,X1
994,Kochi,2019,3102,Diesel,Manual,First,20.37,1461,108.45,5.0,14.01,Renault,Captur
995,Coimbatore,2016,14656,Diesel,Manual,First,24.4,1120,71.0,5.0,6.99,Hyundai,Xcent
996,Hyderabad,2010,105000,Diesel,Automatic,Second,13.2,1995,170.0,5.0,11.0,BMW,3
997,Hyderabad,2008,61000,Petrol,Automatic,Second,10.8,2497,215.0,5.0,11.0,BMW,5
998,Pune,2010,85046,Petrol,Manual,Second,18.06,1198,75.0,5.0,2.3,Nissan,Micra
999,Delhi,2014,48000,Diesel,Automatic,First,16.36,2179,187.7,5.0,26.5,Jaguar,XF
1000,Bangalore,2011,55000,Diesel,Automatic,First,10.2,4367,308.0,7.0,67.0,Land,Rover
1001,Mumbai,2017,4000,Petrol,Automatic,First,16.0,1368,160.0,5.0,17.75,Jeep,Compass
1002,Delhi,2010,94000,Petrol,Automatic,Second,10.1,2354,152.0,5.0,4.8,Honda,CR-V
1003,Coimbatore,2013,61110,Petrol,Manual,First,18.6,1197,85.8,5.0,4.57,Maruti,Swift
1004,Chennai,2016,80000,Diesel,Manual,First,24.4,1120,71.0,5.0,3.5,Hyundai,Xcent
1005,Kochi,2015,43190,Diesel,Manual,First,19.01,1461,108.5,5.0,7.61,Nissan,Terrano
1006,Hyderabad,2015,45000,Diesel,Automatic,First,18.25,1968,187.74,5.0,25.0,Audi,A4
1007,Coimbatore,2016,44178,Petrol,Manual,First,18.9,1197,82.0,5.0,5.88,Hyundai,Grand
1008,Hyderabad,2015,84415,Diesel,Manual,First,12.99,2494,100.6,8.0,13.5,Toyota,Innova
1009,Kolkata,2015,35000,Petrol,Manual,First,18.5,1197,80.0,5.0,4.6,Hyundai,i20
1010,Kolkata,2013,44000,Diesel,Manual,First,22.77,1498,98.59,5.0,4.9,Ford,EcoSport
1011,Hyderabad,2012,67635,Petrol,Manual,First,17.0,1497,118.0,5.0,5.25,Honda,City
1012,Coimbatore,2018,18385,Petrol,Automatic,First,14.8,1497,121.36,5.0,12.41,Ford,EcoSport
1013,Kolkata,2014,35000,Diesel,Manual,First,22.07,1199,73.9,5.0,3.8,Volkswagen,Polo
1014,Mumbai,2010,49000,Diesel,Automatic,First,19.27,2143,170.0,5.0,8.95,Mercedes-Benz,New
1015,Hyderabad,2013,69000,Diesel,Manual,First,22.7,1498,89.84,5.0,7.2,Ford,Ecosport
1016,Hyderabad,2017,23228,Petrol,Manual,First,14.4,1396,65.0,5.0,4.5,Tata,Indigo
1017,Delhi,2014,68462,Diesel,Manual,First,26.59,1248,74.0,5.0,4.15,Maruti,Swift
1018,Coimbatore,2016,74611,Diesel,Manual,First,25.1,1248,88.5,5.0,7.94,Maruti,S-Cross
1019,Pune,2014,90000,Diesel,Manual,First,19.01,1461,108.45,5.0,7.25,Renault,Duster
1020,Delhi,2016,22000,Petrol,Manual,First,18.9,998,67.1,5.0,3.7,Maruti,Wagon
1021,Chennai,2011,109500,Diesel,Manual,Third,25.44,936,57.6,5.0,1.5,Chevrolet,Beat
1022,Delhi,2017,13363,Diesel,Manual,First,16.0,1997,140.0,7.0,12.0,Mahindra,XUV500
1023,Delhi,2012,51000,Petrol,Manual,Second,19.81,1086,68.05,5.0,2.2,Hyundai,i10
1024,Hyderabad,2007,103000,Diesel,Manual,First,13.93,2179,138.0,7.0,3.6,Tata,New
1025,Kolkata,2009,43002,Petrol,Manual,First,20.36,1197,78.9,5.0,1.92,Hyundai,i10
1026,Bangalore,2016,108000,Diesel,Automatic,First,11.36,2755,171.5,7.0,20.5,Toyota,Innova
1027,Jaipur,2010,82407,Diesel,Manual,First,17.5,1896,106.0,5.0,4.25,Skoda,Laura
1028,Kolkata,2013,29000,Petrol,Manual,First,18.9,1197,82.0,5.0,3.2,Hyundai,Grand
1029,Kolkata,2014,45000,Diesel,Manual,First,23.4,1248,74.0,5.0,3.85,Maruti,Swift
1030,Kochi,2010,93401,Diesel,Manual,First,23.0,1396,90.0,5.0,3.48,Hyundai,i20
1031,Hyderabad,2017,95802,Diesel,Manual,Second,25.83,1498,99.0,5.0,4.55,Ford,Figo
1032,Pune,2016,130000,Diesel,Manual,First,25.47,1248,88.5,7.0,7.0,Maruti,Ertiga
1033,Ahmedabad,2013,67443,Diesel,Manual,First,20.77,1248,88.8,7.0,5.75,Maruti,Ertiga
1034,Kochi,2016,47681,Petrol,Automatic,First,16.8,1497,116.3,5.0,8.73,Honda,City
1035,Hyderabad,2009,35000,Petrol,Manual,First,19.7,796,46.3,5.0,1.7,Maruti,Alto
1036,Hyderabad,2016,68000,Diesel,Automatic,First,10.91,3198,197.0,7.0,29.5,Ford,Endeavour
1037,Kochi,2019,34688,Diesel,Manual,First,24.3,1248,88.5,5.0,10.49,Maruti,Vitara
1038,Kolkata,2015,10512,Petrol,Automatic,First,8.6,2706,265.0,2.0,64.0,Porsche,Boxster
1039,Pune,2016,58000,Diesel,Manual,First,22.9,1248,74.0,5.0,7.55,Maruti,Swift
1040,Mumbai,2014,40000,Petrol,Manual,First,17.57,1193,88.7,5.0,3.95,Tata,Zest
1041,Bangalore,2010,61000,Petrol,Manual,Fourth & Above,17.0,1197,80.0,5.0,3.25,Hyundai,i20
1042,Mumbai,2009,86000,Diesel,Manual,First,19.4,1422,70.0,5.0,2.75,Skoda,Fabia
1043,Kolkata,2015,45000,Diesel,Manual,First,21.43,1364,87.2,5.0,7.35,Toyota,Corolla
1044,Ahmedabad,2017,55000,Petrol,Manual,First,17.0,1198,73.75,5.0,4.7,Volkswagen,Ameo
1045,Kochi,2016,36855,Petrol,Manual,Second,15.29,1591,121.3,5.0,8.77,Hyundai,Creta
1046,Kochi,2013,46821,Petrol,Manual,First,20.36,1197,78.9,5.0,3.42,Hyundai,i10
1047,Kolkata,2015,120000,Petrol,Manual,First,18.6,1199,76.8,5.0,2.5,Chevrolet,Beat
1048,Kolkata,2012,29000,Diesel,Automatic,First,14.74,2993,270.9,5.0,20.0,Jaguar,XF
1049,Mumbai,2014,40000,Petrol,Manual,First,13.24,1598,102.5,5.0,5.25,Nissan,Terrano
1050,Delhi,2013,60000,Diesel,Automatic,Second,15.73,1968,174.33,5.0,14.5,Audi,Q3
1051,Mumbai,2011,64984,Petrol,Automatic,First,16.95,1197,78.9,5.0,3.45,Hyundai,i10
1052,Pune,2015,73204,Petrol,Automatic,First,24.07,998,67.1,5.0,3.3,Maruti,Alto
1053,Bangalore,2014,50000,Diesel,Automatic,First,11.33,4134,335.2,7.0,51.0,Audi,Q7
1054,Kolkata,2017,35000,Diesel,Manual,First,24.3,1248,88.5,5.0,6.5,Maruti,Vitara
1055,Hyderabad,2013,17729,Petrol,Manual,First,21.1,814,55.2,5.0,3.65,Hyundai,EON
1056,Chennai,2012,97000,Diesel,Manual,First,20.0,1497,115.0,5.0,7.25,Mahindra,XUV300
1057,Kochi,2014,89614,Diesel,Manual,First,22.0,1582,126.2,5.0,6.01,Hyundai,Verna
1058,Kolkata,2015,14000,Petrol,Manual,First,18.9,998,67.1,5.0,2.8,Maruti,Wagon
1059,Chennai,2012,50000,Petrol,Manual,First,17.0,1197,80.0,5.0,4.0,Hyundai,i20
1060,Delhi,2014,62505,Petrol,Manual,First,17.4,1497,117.3,5.0,5.95,Honda,City
1061,Chennai,2011,248000,Diesel,Manual,Second,12.8,2494,102.0,7.0,9.2,Toyota,Innova
1062,Pune,2012,94900,Diesel,Manual,First,16.8,1493,110.0,5.0,5.35,Hyundai,Verna
1063,Delhi,2017,55000,Diesel,Manual,First,17.6,2179,153.86,7.0,12.0,Tata,Hexa
1064,Coimbatore,2015,53735,Diesel,Automatic,Second,12.07,2967,241.4,7.0,38.94,Audi,Q7
1065,Coimbatore,2008,53934,Petrol,Manual,Second,18.9,998,67.1,5.0,2.69,Maruti,Wagon
1066,Bangalore,2013,58500,Diesel,Automatic,Second,17.09,1995,218.0,5.0,27.5,BMW,5
1067,Kolkata,2014,48000,Petrol,Manual,First,18.0,1198,86.7,5.0,2.75,Honda,Amaze
1068,Mumbai,2016,24000,Petrol,Manual,First,24.7,796,47.3,5.0,2.8,Maruti,Alto
1069,Mumbai,2016,52001,Petrol,Manual,First,17.01,1591,121.3,5.0,6.45,Hyundai,Verna
1070,Coimbatore,2018,9565,Petrol,Manual,First,23.84,1199,84.0,5.0,5.88,Tata,Tiago
1071,Pune,2013,32953,Petrol,Manual,First,18.6,1197,85.8,5.0,4.65,Maruti,Swift
1072,Jaipur,2014,18000,Petrol,Manual,First,21.1,814,55.2,5.0,2.5,Hyundai,EON
1073,Kochi,2018,20446,Petrol,Automatic,First,12.6,1950,191.34,5.0,51.35,Mercedes-Benz,E-Class
1074,Hyderabad,2016,33016,Diesel,Manual,First,22.54,1396,88.73,5.0,6.85,Hyundai,i20
1075,Chennai,2012,48000,Diesel,Manual,First,23.59,1364,67.05,5.0,5.25,Toyota,Etios
1076,Coimbatore,2014,72022,Diesel,Manual,First,21.43,1364,87.2,5.0,9.23,Toyota,Corolla
1077,Ahmedabad,2014,34000,Diesel,Automatic,First,20.7,1496,113.98,5.0,22.0,Mini,Cooper
1078,Hyderabad,2014,69000,Diesel,Manual,First,20.14,1498,88.8,5.0,5.19,Volkswagen,Polo
1079,Pune,2009,108000,Petrol,Automatic,First,13.7,1798,157.75,5.0,4.35,Skoda,Superb
1080,Hyderabad,2013,34700,Diesel,Automatic,First,10.0,2148,170.0,5.0,24.5,Mercedes-Benz,E-Class
1081,Pune,2015,79000,Diesel,Manual,First,17.8,1248,75.0,5.0,5.75,Maruti,Swift
1082,Kochi,2016,58197,Petrol,Automatic,First,18.0,1497,117.3,5.0,9.19,Honda,City
1083,Pune,2008,66000,Petrol,Automatic,Second,8.45,2979,321.0,5.0,10.75,BMW,7
1084,Bangalore,2009,60000,Petrol,Automatic,First,19.2,1197,80.0,5.0,2.99,Hyundai,i10
1085,Kolkata,2014,57000,Diesel,Manual,First,26.59,1248,74.0,5.0,3.89,Maruti,Swift
1086,Coimbatore,2018,45555,Diesel,Manual,First,26.0,1498,98.6,5.0,11.73,Honda,City
1087,Coimbatore,2016,55137,Petrol,Manual,First,14.0,796,35.0,5.0,3.11,Maruti,Omni
1088,Jaipur,2014,93325,Diesel,Manual,Second,17.2,1968,138.1,5.0,14.45,Skoda,Superb
1089,Ahmedabad,2018,38000,Diesel,Manual,First,24.52,1248,88.5,7.0,8.7,Maruti,Ertiga
1090,Kochi,2016,57738,Diesel,Manual,First,24.0,1120,70.0,5.0,5.04,Hyundai,Grand
1091,Jaipur,2017,38282,Diesel,Manual,First,28.09,1248,88.5,5.0,8.5,Maruti,Ciaz
1092,Delhi,2014,64000,Diesel,Automatic,First,19.27,2143,170.0,5.0,15.65,Mercedes-Benz,New
1093,Mumbai,2015,32000,Diesel,Manual,First,20.5,1248,91.72,5.0,5.65,Fiat,Avventura
1094,Bangalore,2010,83000,Petrol,Automatic,First,10.93,2497,204.0,5.0,16.5,Mercedes-Benz,E-Class
1095,Ahmedabad,2011,76000,CNG,Manual,First,35.505,998,67.1,5.0,2.0,Maruti,Zen
1096,Pune,2012,67200,Petrol,Manual,First,15.04,1598,103.6,5.0,3.9,Volkswagen,Vento
1097,Jaipur,2013,62655,Diesel,Automatic,First,18.88,1995,184.0,5.0,14.5,BMW,3
1098,Bangalore,2015,16900,Diesel,Automatic,First,14.69,2993,258.0,5.0,44.0,BMW,5
1099,Delhi,2017,8471,Petrol,Manual,First,18.9,1197,81.86,5.0,5.0,Hyundai,Grand
1100,Hyderabad,2016,69000,Diesel,Automatic,First,11.36,2755,171.5,7.0,19.75,Toyota,Innova
1101,Coimbatore,2017,30090,Diesel,Automatic,First,19.6,1461,108.45,5.0,11.44,Renault,Duster
1102,Chennai,2011,120000,Diesel,Manual,First,18.0,1248,75.0,5.0,1.75,Tata,Indica
1103,Kochi,2016,35939,Petrol,Manual,First,12.3,1796,185.0,5.0,30.42,Mercedes-Benz,E-Class
1104,Coimbatore,2013,116694,Diesel,Manual,First,15.1,2179,140.0,7.0,9.57,Mahindra,XUV500
1105,Mumbai,2016,40448,Diesel,Manual,First,15.96,2523,62.1,7.0,3.5,Mahindra,Bolero
1106,Coimbatore,2018,64456,Diesel,Manual,First,24.3,1248,88.5,5.0,10.46,Maruti,Vitara
1107,Pune,2014,52782,Diesel,Manual,First,20.5,1248,91.72,5.0,4.85,Fiat,Avventura
1108,Kochi,2016,51672,Petrol,Manual,First,19.5,1199,88.76,5.0,5.68,Honda,Amaze
1109,Mumbai,2015,56073,Petrol,Automatic,First,13.7,1798,157.75,5.0,13.25,Skoda,Superb
1110,Bangalore,2011,65000,Diesel,Automatic,First,14.74,2993,270.9,5.0,16.0,Jaguar,XF
1111,Chennai,2013,79000,Petrol,Manual,First,18.9,998,67.1,5.0,3.0,Maruti,Wagon
1112,Mumbai,2010,70200,Petrol,Automatic,First,14.53,1798,138.1,5.0,5.0,Toyota,Corolla
1113,Delhi,2016,42000,Petrol,Manual,First,16.1,1197,85.0,5.0,4.75,Maruti,Swift
1114,Bangalore,2014,62000,Petrol,Manual,First,16.47,1198,74.0,5.0,5.35,Volkswagen,Polo
1115,Hyderabad,2017,20000,Petrol,Manual,First,18.9,1197,81.86,5.0,5.98,Hyundai,Grand
1116,Chennai,2011,80000,Diesel,Manual,Third,21.5,1248,88.8,5.0,3.5,Maruti,SX4
1117,Kochi,2018,50234,Petrol,Manual,First,18.9,1197,81.86,5.0,4.77,Hyundai,Grand
1118,Delhi,2016,50003,Petrol,Manual,First,21.4,1197,83.1,5.0,5.45,Maruti,Baleno
1119,Ahmedabad,2018,1000,Petrol,Automatic,First,20.3,1199,84.0,5.0,6.85,Tata,Tigor
1120,Jaipur,2016,54897,Diesel,Automatic,First,26.59,1248,74.0,5.0,7.3,Maruti,Swift
1121,Pune,2007,108995,Petrol,Manual,First,15.3,1193,65.3,5.0,1.25,Tata,Indica
1122,Chennai,2015,73000,Diesel,Manual,First,22.7,1598,118.0,5.0,8.25,Maruti,SX4
1123,Ahmedabad,2008,65000,Petrol,Manual,First,16.1,1298,88.2,5.0,2.71,Maruti,Swift
1124,Kolkata,2016,32000,Petrol,Manual,First,19.1,1197,82.0,5.0,3.6,Hyundai,Xcent
1125,Ahmedabad,2010,65000,Petrol,Manual,First,18.5,1197,80.0,5.0,3.0,Hyundai,i20
1126,Hyderabad,2016,21600,Petrol,Automatic,First,23.1,998,67.04,5.0,4.65,Maruti,Celerio
1127,Mumbai,2010,39000,Diesel,Automatic,First,14.84,2143,170.0,5.0,9.5,Mercedes-Benz,New
1128,Mumbai,2011,58075,Petrol,Manual,First,17.5,1298,85.8,5.0,2.95,Maruti,Swift
1129,Mumbai,2011,58000,Petrol,Manual,First,15.04,1598,103.6,5.0,3.0,Volkswagen,Vento
1130,Hyderabad,2015,58000,Diesel,Manual,First,25.2,1248,74.0,5.0,5.95,Maruti,Swift
1131,Delhi,2008,89000,Petrol,Automatic,First,14.53,1798,138.1,5.0,4.0,Toyota,Corolla
1132,Delhi,2008,72000,Petrol,Manual,First,13.5,1799,130.0,5.0,2.5,Honda,Civic
1133,Kolkata,2017,1800,Petrol,Automatic,First,16.05,1499,110.4,5.0,11.37,Ford,EcoSport
1134,Pune,2010,172050,Diesel,Manual,Second,19.0,1248,93.0,5.0,2.25,Fiat,Linea
1135,Jaipur,2013,46230,Petrol,Manual,First,19.81,1086,68.05,5.0,3.1,Hyundai,i10
1136,Kochi,2014,86925,Diesel,Automatic,First,11.2,2400,215.0,5.0,17.18,Volvo,XC60
1137,Jaipur,2018,5000,Petrol,Manual,First,18.6,1197,81.83,5.0,6.5,Hyundai,i20
1138,Ahmedabad,2014,66000,Diesel,Manual,First,26.0,1498,98.6,5.0,5.7,Honda,City
1139,Ahmedabad,2013,119000,Diesel,Manual,First,12.99,2494,100.0,8.0,8.0,Toyota,Innova
1140,Chennai,2016,45000,Petrol,Manual,First,25.17,799,53.3,5.0,2.6,Renault,KWID
1141,Hyderabad,2009,66149,Petrol,Manual,First,19.0,998,66.1,5.0,2.45,Maruti,A-Star
1142,Kochi,2014,42070,Petrol,Automatic,First,14.8,1595,120.7,5.0,11.57,Mercedes-Benz,B
1143,Kolkata,2012,35503,Petrol,Manual,First,18.9,998,67.1,5.0,2.3,Maruti,Wagon
1144,Jaipur,2016,41460,Diesel,Manual,First,25.2,1248,74.0,5.0,5.9,Maruti,Swift
1145,Mumbai,2015,40600,Petrol,Automatic,First,17.0,1591,121.3,5.0,7.2,Hyundai,Verna
1146,Ahmedabad,2013,87000,Diesel,Automatic,First,22.0,1582,126.2,5.0,5.9,Hyundai,Verna
1147,Chennai,2014,30000,Petrol,Manual,Second,16.8,1497,116.3,5.0,6.0,Honda,City
1148,Kolkata,2010,27089,Petrol,Manual,First,16.0,1086,66.7,5.0,1.95,Hyundai,i10
1149,Coimbatore,2016,53702,Diesel,Manual,First,23.59,1364,67.04,5.0,6.55,Toyota,Etios
1150,Hyderabad,2015,51000,Diesel,Automatic,First,27.03,1969,190.0,5.0,25.0,Volvo,S60
1151,Kolkata,2012,36542,Diesel,Manual,First,20.0,1399,68.05,5.0,2.65,Ford,Figo
1152,Mumbai,2017,15000,Diesel,Automatic,First,13.0,2987,265.0,5.0,69.5,Mercedes-Benz,E-Class
1153,Chennai,2012,65000,Diesel,Automatic,First,22.69,1995,190.0,5.0,14.0,BMW,3
1154,Pune,2014,32000,Petrol,Manual,Second,22.74,796,47.3,5.0,2.1,Maruti,Alto
1155,Hyderabad,2017,24393,Diesel,Manual,First,13.68,2393,147.8,7.0,20.4,Toyota,Innova
1156,Hyderabad,2019,1000,Petrol,Manual,First,18.78,999,75.0,5.0,5.68,Volkswagen,Polo
1157,Mumbai,2014,28238,Petrol,Manual,First,13.24,1598,102.5,5.0,5.55,Nissan,Terrano
1158,Mumbai,2013,59000,Diesel,Manual,First,13.5,2477,175.56,7.0,12.75,Mitsubishi,Pajero
1159,Mumbai,2012,92000,Petrol,Manual,Second,14.8,1799,130.2,5.0,3.35,Honda,Civic
1160,Kolkata,2013,56840,Petrol,Manual,First,22.74,796,47.3,5.0,1.55,Maruti,Alto
1161,Coimbatore,2013,62746,Diesel,Manual,Second,20.54,1598,103.6,5.0,5.9,Volkswagen,Vento
1162,Hyderabad,2012,96000,Diesel,Automatic,First,12.35,2179,187.74,5.0,18.98,Land,Rover
1163,Mumbai,2014,24000,Petrol,Manual,First,13.7,1997,153.86,5.0,11.51,Honda,CR-V
1164,Mumbai,2016,54000,Diesel,Manual,First,20.77,1248,88.76,7.0,7.75,Maruti,Ertiga
1165,Chennai,2016,90000,Diesel,Manual,First,12.99,2494,100.6,7.0,13.9,Toyota,Innova
1166,Kolkata,2010,40000,Petrol,Manual,First,15.0,1368,90.0,5.0,1.35,Tata,Manza
1167,Mumbai,2015,65938,Diesel,Automatic,Second,12.07,2967,241.4,7.0,38.0,Audi,Q7
1168,Mumbai,2017,16100,Petrol,Automatic,First,17.1,1591,121.4,5.0,11.6,Hyundai,Verna
1169,Hyderabad,2017,3600,Diesel,Automatic,First,21.5,1498,108.5,5.0,12.25,Volkswagen,Vento
1170,Jaipur,2011,52000,Petrol,Manual,First,17.0,1497,118.0,5.0,3.8,Honda,City
1171,Mumbai,2014,54000,Diesel,Manual,First,20.0,1399,68.05,5.0,3.25,Ford,Figo
1172,Mumbai,2016,15399,Petrol,Manual,First,18.7,1199,88.7,5.0,6.4,Honda,Jazz
1173,Bangalore,2012,75000,Petrol,Manual,Second,16.47,1198,73.9,5.0,3.95,Volkswagen,Polo
1174,Delhi,2010,76752,Petrol,Manual,First,17.4,1497,117.3,5.0,3.57,Honda,City
1175,Mumbai,2005,56000,Petrol,Manual,Second,17.7,1497,78.0,5.0,1.25,Honda,City
1176,Pune,2015,70000,CNG,Manual,First,35.370000000000005,998,58.2,5.0,3.65,Maruti,Wagon
1177,Kolkata,2013,46125,Petrol,Automatic,Second,12.0,2354,187.4,5.0,12.5,Honda,CR-V
1178,Ahmedabad,2014,35000,Diesel,Automatic,Second,18.12,1995,190.0,5.0,23.0,BMW,5
1179,Chennai,2003,80000,Diesel,Manual,Third,12.8,1489,35.5,5.0,1.35,Ambassador,Classic
1180,Coimbatore,2012,62729,Diesel,Manual,First,12.05,2179,120.0,8.0,6.32,Mahindra,Scorpio
1181,Kolkata,2012,34000,Diesel,Manual,First,20.54,1598,103.6,5.0,3.4,Volkswagen,Vento
1182,Jaipur,1999,70000,Petrol,Manual,Second,17.3,993,60.0,5.0,0.77,Maruti,Zen
1183,Jaipur,2009,32000,Petrol,Manual,First,16.1,796,37.0,4.0,0.9,Maruti,800
1184,Delhi,2017,21000,Petrol,Automatic,First,14.28,1798,138.03,5.0,18.0,Toyota,Corolla
1185,Pune,2013,49000,Petrol,Automatic,First,14.59,1997,245.0,5.0,19.0,BMW,3
1186,Chennai,2007,40000,Petrol,Manual,Third,13.8,1299,70.0,5.0,1.1,Ford,Ikon
1187,Pune,2012,78000,Petrol,Manual,Second,18.6,1199,79.4,5.0,2.0,Chevrolet,Beat
1188,Ahmedabad,2012,52000,Diesel,Manual,First,21.43,1364,86.79,5.0,6.5,Toyota,Corolla
1189,Bangalore,2014,65213,Diesel,Manual,First,16.0,2179,140.0,7.0,9.45,Mahindra,XUV500
1190,Mumbai,2016,170000,Diesel,Manual,First,24.4,1120,71.0,5.0,4.0,Hyundai,Xcent
1191,Kochi,2017,36884,Diesel,Automatic,First,13.0,2143,204.0,5.0,32.25,Mercedes-Benz,E-Class
1192,Pune,2009,62500,Petrol,Manual,First,20.36,1197,78.9,5.0,2.1,Hyundai,i10
1193,Mumbai,2015,68000,Petrol,Automatic,Second,14.28,1798,138.03,5.0,9.75,Toyota,Corolla
1194,Kolkata,2014,40748,Petrol,Manual,First,14.53,1798,138.0,5.0,6.3,Toyota,Corolla
1195,Hyderabad,2013,60000,Diesel,Automatic,First,17.32,1968,184.0,5.0,21.0,Audi,Q3
1196,Mumbai,2014,12400,Diesel,Manual,First,21.9,1396,88.8,5.0,4.65,Hyundai,i20
1197,Mumbai,2013,87000,Diesel,Automatic,Second,19.27,2143,167.62,5.0,17.0,Mercedes-Benz,New
1198,Pune,2013,20248,Diesel,Manual,First,21.1,1248,73.9,5.0,4.35,Maruti,Ritz
1199,Coimbatore,2017,52383,Diesel,Manual,First,19.67,1582,126.2,5.0,14.82,Hyundai,Creta
1200,Delhi,2018,1000,Diesel,Automatic,First,13.6,1999,177.0,5.0,40.0,Jaguar,XE
1201,Chennai,2016,85000,Diesel,Manual,First,14.95,2489,93.7,7.0,6.15,Mahindra,Xylo
1202,Ahmedabad,2014,47000,Diesel,Manual,First,12.99,2494,100.6,7.0,11.25,Toyota,Innova
1203,Pune,2018,17585,Petrol,Automatic,First,19.16,2494,157.7,5.0,32.0,Toyota,Camry
1204,Coimbatore,2018,32496,Diesel,Automatic,First,13.22,2967,241.4,5.0,45.62,Audi,Q5
1205,Kochi,2017,34613,Diesel,Manual,First,28.4,1248,74.0,5.0,6.24,Maruti,Swift
1206,Chennai,2015,153000,Diesel,Manual,First,20.77,1248,88.76,7.0,4.8,Maruti,Ertiga
1207,Chennai,2014,54000,Petrol,Manual,Second,16.1,1197,85.0,5.0,4.5,Maruti,Swift
1208,Kochi,2015,16900,Petrol,Manual,First,20.36,1197,78.9,5.0,3.87,Hyundai,i10
1209,Delhi,2013,62334,Petrol,Manual,First,20.36,1197,78.9,5.0,2.75,Hyundai,i10
1210,Kochi,2018,23714,Petrol,Manual,First,21.4,1197,83.1,5.0,6.57,Maruti,Baleno
1211,Jaipur,2010,52325,Petrol,Manual,First,16.36,1495,93.7,5.0,2.0,Hyundai,Accent
1212,Ahmedabad,2012,50000,Petrol,Manual,First,19.4,1198,86.8,5.0,3.65,Honda,Brio
1213,Hyderabad,2016,55746,Diesel,Manual,First,22.9,1248,74.0,5.0,6.95,Maruti,Swift
1214,Bangalore,2014,54000,Petrol,Manual,First,20.14,1197,81.86,5.0,5.5,Hyundai,Xcent
1215,Kolkata,2013,43000,Diesel,Manual,First,16.0,2179,140.0,7.0,7.0,Mahindra,XUV500
1216,Delhi,2014,40000,Diesel,Automatic,First,13.0,2143,201.1,5.0,24.0,Mercedes-Benz,E-Class
1217,Bangalore,2016,51944,Diesel,Automatic,First,19.27,2143,170.0,5.0,32.5,Mercedes-Benz,New
1218,Kochi,2015,46950,Diesel,Manual,First,21.27,1396,88.76,5.0,6.45,Hyundai,i20
1219,Mumbai,2015,23000,Diesel,Automatic,First,19.3,1968,141.0,5.0,15.75,Skoda,Octavia
1220,Mumbai,2014,54546,Petrol,Manual,First,17.0,1497,118.0,5.0,5.5,Honda,City
1221,Kochi,2015,51535,Diesel,Automatic,First,12.55,2982,168.5,7.0,19.03,Toyota,Fortuner
1222,Kolkata,2013,45000,Diesel,Automatic,First,17.32,1968,184.0,5.0,15.25,Audi,Q3
1223,Hyderabad,2012,46004,Petrol,Manual,First,20.92,998,67.1,5.0,2.4,Maruti,Alto
1224,Chennai,2011,124000,Diesel,Manual,First,23.03,1396,69.0,5.0,2.3,Tata,Indigo
1225,Kochi,2014,77395,Diesel,Automatic,First,17.11,1968,174.33,5.0,14.35,Audi,A4
1226,Mumbai,2018,10600,CNG,Manual,First,45.144,796,40.3,4.0,3.5,Maruti,Alto
1227,Kochi,2018,22974,Petrol,Automatic,First,18.0,1497,117.3,5.0,11.97,Honda,City
1228,Ahmedabad,2015,65012,Diesel,Manual,First,14.24,2755,174.5,7.0,18.9,Toyota,Fortuner
1229,Ahmedabad,2017,17125,Petrol,Manual,First,18.9,1197,82.0,5.0,5.4,Hyundai,Grand
1230,Hyderabad,2015,90413,Petrol,Manual,First,15.1,1196,73.0,7.0,2.95,Maruti,Eeco
1231,Bangalore,2013,37000,Petrol,Manual,First,16.47,1198,73.9,5.0,5.1,Volkswagen,Polo
1232,Jaipur,2006,65000,Petrol,Manual,First,18.9,1061,67.0,5.0,1.5,Maruti,Wagon
1233,Bangalore,2011,66000,Petrol,Manual,First,17.0,1497,118.0,5.0,4.9,Honda,City
1234,Mumbai,2010,86000,Petrol,Manual,First,14.8,1799,130.2,5.0,2.9,Honda,Civic
1235,Pune,2005,98437,Petrol,Manual,First,13.0,1493,100.0,5.0,1.15,Honda,City
1236,Kolkata,2010,18000,Petrol,Manual,First,18.5,1197,80.0,5.0,2.3,Hyundai,i20
1237,Kochi,2018,35070,Diesel,Manual,First,24.0,1120,70.0,5.0,5.99,Hyundai,Grand
1238,Pune,2011,42000,Petrol,Automatic,Third,14.4,1598,103.6,5.0,3.4,Volkswagen,Vento
1239,Kolkata,2009,40000,Petrol,Manual,First,20.36,1197,78.9,5.0,1.7,Hyundai,i10
1240,Kolkata,2009,43000,Petrol,Manual,First,17.0,1197,80.0,5.0,1.99,Hyundai,i20
1241,Pune,2012,65000,Petrol,Manual,First,18.6,1199,79.4,5.0,2.5,Chevrolet,Beat
1242,Hyderabad,2013,74000,Diesel,Manual,First,22.07,1199,73.9,5.0,4.85,Volkswagen,Polo
1243,Hyderabad,2010,51192,Petrol,Manual,First,15.6,1196,70.0,5.0,2.65,Ford,Figo
1244,Kochi,2014,14262,Petrol,Automatic,First,9.9,1984,207.8,2.0,27.35,Audi,TT
1245,Jaipur,2015,66339,Diesel,Manual,Second,25.1,1498,98.6,5.0,6.9,Honda,City
1246,Hyderabad,2013,90200,Diesel,Manual,First,20.0,1399,68.05,5.0,3.5,Ford,Figo
1247,Delhi,2015,57854,Diesel,Manual,First,12.99,2494,100.6,7.0,12.5,Toyota,Innova
1248,Delhi,2017,32000,Petrol,Automatic,First,19.12,1373,91.1,5.0,9.2,Maruti,Ciaz
1249,Mumbai,2015,29631,Petrol,Automatic,First,18.9,1197,82.0,5.0,4.9,Hyundai,Grand
1250,Kochi,2014,54173,Petrol,Manual,First,18.88,999,123.24,5.0,5.55,Ford,EcoSport
1251,Ahmedabad,2014,50000,Petrol,Automatic,First,14.7,1798,177.6,5.0,13.5,Skoda,Octavia
1252,Kolkata,2010,145000,Diesel,Manual,First,20.4,1248,91.7,5.0,2.6,Fiat,Linea
1253,Jaipur,2015,78000,Petrol,Manual,First,16.1,1298,88.2,5.0,4.5,Maruti,Swift
1254,Delhi,2013,65000,Diesel,Automatic,Second,11.8,2993,180.0,7.0,34.0,Land,Rover
1255,Hyderabad,2012,120000,Diesel,Manual,First,12.8,2494,102.0,7.0,12.0,Toyota,Innova
1256,Mumbai,2015,14000,Diesel,Manual,First,28.4,1248,74.0,5.0,5.25,Maruti,Swift
1257,Kochi,2014,57456,Diesel,Automatic,First,17.68,1968,174.33,5.0,21.56,Audi,A6
1258,Coimbatore,2012,44450,Diesel,Automatic,First,22.48,1995,190.0,5.0,24.68,BMW,5
1259,Delhi,2013,63777,Petrol,Manual,First,18.5,1197,82.9,5.0,3.67,Hyundai,i20
1260,Mumbai,2016,31000,Diesel,Automatic,First,17.05,1995,190.0,5.0,29.5,BMW,X1
1261,Delhi,2012,60000,Petrol,Manual,First,17.6,1496,88.73,5.0,3.1,Toyota,Etios
1262,Ahmedabad,2015,78008,Diesel,Manual,First,17.0,1405,70.0,5.0,2.9,Tata,Indigo
1263,Mumbai,2009,27078,Petrol,Automatic,First,10.98,1984,114.4,4.0,15.95,Volkswagen,Beetle
1264,Hyderabad,2011,57275,Diesel,Manual,First,19.7,1598,103.6,5.0,4.5,Volkswagen,Polo
1265,Delhi,2014,45000,Diesel,Manual,First,24.0,1120,70.0,5.0,3.49,Hyundai,Grand
1266,Delhi,2014,57319,Diesel,Manual,First,25.2,1248,74.0,5.0,4.25,Maruti,Swift
1267,Chennai,2008,121097,Diesel,Manual,Second,24.0,1396,88.76,5.0,1.9,Hyundai,Verna
1268,Mumbai,2011,89000,Diesel,Automatic,First,16.73,1995,218.0,5.0,16.57,BMW,5
1269,Bangalore,2012,72000,Petrol,Manual,First,17.0,1497,118.0,5.0,5.75,Honda,City
1270,Delhi,2013,36000,Diesel,Automatic,Second,16.55,1968,147.51,5.0,14.0,Audi,A4
1271,Jaipur,2013,86000,Diesel,Manual,Second,19.5,1248,75.0,5.0,2.5,Fiat,Linea
1272,Ahmedabad,2002,85000,Petrol,Manual,First,13.0,1343,90.0,5.0,1.2,Honda,City
1273,Kochi,2013,37613,Diesel,Automatic,First,22.69,1995,190.0,5.0,13.95,BMW,3
1274,Chennai,2007,100000,Petrol,Manual,First,16.6,1388,68.0,5.0,1.6,Ford,Fiesta
1275,Coimbatore,2016,5240,Petrol,Automatic,First,21.9,624,37.48,4.0,3.6,Tata,Nano
1276,Mumbai,2018,20000,CNG,Manual,First,20.385,1196,73.0,5.0,4.5,Maruti,Eeco
1277,Coimbatore,2019,16862,Petrol,Manual,First,20.89,1197,81.8,5.0,6.06,Maruti,Ignis
1278,Coimbatore,2013,59254,Petrol,Manual,Second,17.5,1298,85.8,5.0,5.29,Maruti,Swift
1279,Jaipur,2014,60000,Diesel,Manual,First,22.7,1498,89.84,5.0,5.75,Ford,Ecosport
1280,Coimbatore,2014,47674,Petrol,Manual,First,19.1,1197,85.8,5.0,5.72,Maruti,Swift
1281,Kochi,2014,61517,Petrol,Automatic,First,16.95,1197,78.9,5.0,4.39,Hyundai,i10
1282,Coimbatore,2016,62946,Diesel,Manual,First,15.1,2179,140.0,7.0,11.05,Mahindra,XUV500
1283,Delhi,2015,66823,Diesel,Manual,Second,22.54,1396,88.73,5.0,4.83,Hyundai,i20
1284,Pune,2013,79494,CNG,Manual,First,45.279,998,67.04,5.0,2.96,Maruti,Wagon
1285,Chennai,2012,107000,Diesel,Manual,Second,21.27,1396,88.76,5.0,4.5,Hyundai,i20
1286,Mumbai,2011,55000,Diesel,Automatic,Second,16.46,2993,258.0,5.0,19.5,BMW,7
1287,Mumbai,2017,24000,Petrol,Automatic,First,14.3,1598,103.52,5.0,8.75,Skoda,Rapid
1288,Mumbai,2016,20002,Diesel,Automatic,First,14.75,2967,245.0,7.0,67.0,Audi,Q7
1289,Kochi,2016,54317,Petrol,Manual,First,17.4,1497,117.3,5.0,8.4,Honda,City
1290,Mumbai,2016,10200,Petrol,Manual,First,19.1,1197,82.0,5.0,4.99,Hyundai,Xcent
1291,Coimbatore,2016,24337,Diesel,Manual,First,26.0,1498,98.6,5.0,8.18,Honda,City
1292,Pune,2012,79000,Petrol,Manual,First,18.4,1198,86.8,5.0,2.9,Honda,Brio
1293,Jaipur,2015,40500,Diesel,Manual,First,28.09,1248,88.5,5.0,7.1,Maruti,Ciaz
1294,Pune,2016,23000,Diesel,Manual,First,26.59,1248,74.0,5.0,7.05,Maruti,Swift
1295,Pune,2015,63050,Petrol,Automatic,First,11.1,2354,158.8,5.0,17.5,Honda,CR-V
1296,Mumbai,2008,78000,Petrol,Automatic,Second,14.53,1794,138.1,5.0,3.41,Toyota,Corolla
1297,Coimbatore,2012,66245,Petrol,Manual,First,17.0,1497,118.0,5.0,5.68,Honda,City
1298,Bangalore,2007,74112,Diesel,Manual,First,12.05,2179,120.0,9.0,4.1,Mahindra,Scorpio
1299,Delhi,2011,87670,Petrol,Manual,First,13.4,1798,157.8,5.0,4.0,Skoda,Laura
1300,Hyderabad,2015,10000,Diesel,Automatic,First,18.88,1995,184.0,5.0,30.0,BMW,3
1301,Chennai,2007,62493,Petrol,Manual,First,15.0,1586,104.68,5.0,1.8,Maruti,SX4
1302,Kochi,2015,44620,Petrol,Manual,First,20.73,1373,91.1,5.0,6.93,Maruti,Ciaz
1303,Bangalore,2012,66538,Diesel,Automatic,First,10.2,4367,308.0,7.0,70.0,Land,Rover
1304,Ahmedabad,2013,60000,Diesel,Manual,First,12.99,2494,100.0,7.0,7.9,Toyota,Innova
1305,Chennai,2014,110000,Diesel,Automatic,First,13.01,2199,194.3,7.0,14.4,Hyundai,Santa
1306,Mumbai,2011,45000,Petrol,Automatic,Second,11.74,1796,186.0,5.0,13.5,Mercedes-Benz,New
1307,Mumbai,2014,40000,CNG,Manual,Second,35.910000000000004,998,58.16,5.0,3.15,Maruti,Wagon
1308,Coimbatore,2012,49008,Petrol,Manual,First,19.7,796,46.3,5.0,2.88,Maruti,Alto
1309,Kolkata,2016,31000,Petrol,Manual,First,24.7,796,47.3,5.0,2.15,Maruti,Alto
1310,Pune,2013,8000,Petrol,Manual,First,16.95,1498,97.7,5.0,3.75,Nissan,Sunny
1311,Mumbai,2019,171,Petrol,Manual,First,24.7,796,47.3,5.0,3.6,Maruti,Alto
1312,Kolkata,2018,2100,Petrol,Manual,First,24.07,998,67.1,5.0,3.6,Maruti,Alto
1313,Coimbatore,2018,20667,Petrol,Automatic,First,18.9,1197,81.86,5.0,7.55,Hyundai,Grand
1314,Kolkata,2015,50000,Diesel,Manual,First,24.2,1498,98.6,7.0,4.7,Honda,Mobilio
1315,Jaipur,2010,100030,Diesel,Manual,Second,18.8,1248,90.0,5.0,1.6,Tata,Manza
1316,Pune,2011,75372,Diesel,Manual,First,16.52,1991,123.7,5.0,3.34,Chevrolet,Optra
1317,Kochi,2016,60475,Petrol,Automatic,First,18.0,1497,117.3,5.0,9.1,Honda,City
1318,Kochi,2019,18453,Petrol,Manual,First,18.9,1197,81.86,5.0,6.17,Hyundai,Grand
1319,Hyderabad,2008,96578,Diesel,Manual,First,22.0,1582,126.2,5.0,2.5,Hyundai,Verna
1320,Kolkata,2016,31001,Petrol,Manual,First,18.44,1198,75.0,5.0,3.0,Nissan,Micra
1321,Jaipur,2012,65900,Diesel,Manual,First,22.32,1582,126.32,5.0,5.75,Hyundai,Verna
1322,Bangalore,2017,26246,Petrol,Manual,First,15.29,1591,121.3,5.0,10.75,Hyundai,Creta
1323,Jaipur,2013,62700,Petrol,Manual,Second,20.51,998,67.04,5.0,2.85,Maruti,Wagon
1324,Chennai,2008,90000,Petrol,Automatic,First,10.2,2354,180.0,5.0,6.5,Honda,Accord
1325,Bangalore,2016,36000,Petrol,Automatic,First,16.8,1497,118.0,5.0,9.45,Honda,City
1326,Delhi,2016,46000,Diesel,Manual,First,27.39,1248,74.0,5.0,6.75,Maruti,Baleno
1327,Coimbatore,2017,73003,Diesel,Manual,First,26.0,1498,98.6,5.0,7.75,Honda,City
1328,Kochi,2014,46566,Diesel,Manual,First,22.54,1396,88.76,5.0,4.4,Hyundai,i20
1329,Jaipur,2015,41493,Diesel,Automatic,First,13.0,2987,265.0,5.0,42.0,Mercedes-Benz,E-Class
1330,Kochi,2014,103788,Diesel,Manual,First,19.01,1461,108.5,5.0,5.67,Nissan,Terrano
1331,Bangalore,2016,45000,Diesel,Automatic,First,19.6,1461,108.45,5.0,11.5,Renault,Duster
1332,Pune,2009,120000,Petrol,Manual,First,18.9,998,67.1,5.0,1.69,Maruti,Wagon
1333,Jaipur,2009,97359,Diesel,Manual,Second,17.1,1493,110.0,5.0,1.8,Hyundai,Getz
1334,Mumbai,2016,62000,Petrol,Manual,First,18.5,1197,85.8,5.0,3.2,Maruti,Ritz
1335,Kochi,2019,18373,Diesel,Automatic,First,22.48,1995,187.74,5.0,45.86,BMW,5
1336,Hyderabad,2016,60453,Petrol,Manual,First,16.47,1198,74.0,5.0,5.1,Volkswagen,Polo
1337,Mumbai,2010,69009,Petrol,Manual,Second,15.6,1196,70.0,5.0,2.4,Ford,Figo
1338,Hyderabad,2013,30000,Diesel,Automatic,First,18.88,1995,184.0,5.0,22.0,BMW,3
1339,Delhi,2012,70707,Diesel,Manual,First,22.32,1582,126.32,5.0,4.28,Hyundai,Verna
1340,Coimbatore,2015,64677,Diesel,Manual,First,20.45,1461,83.8,5.0,5.67,Renault,Duster
1341,Bangalore,2018,3000,Petrol,Automatic,First,18.9,1197,81.86,5.0,6.2,Hyundai,Grand
1342,Bangalore,2013,49000,Diesel,Automatic,Second,17.05,1995,184.0,5.0,14.49,BMW,X1
1343,Pune,2010,71000,Diesel,Manual,First,21.1,1248,73.9,5.0,3.0,Maruti,Ritz
1344,Jaipur,2010,52000,Petrol,Manual,Second,19.81,1086,68.05,5.0,2.25,Hyundai,i10
1345,Kochi,2016,35659,Diesel,Automatic,First,15.97,2993,258.0,7.0,43.78,BMW,X5
1346,Kochi,2019,5377,Petrol,Manual,First,16.8,1497,116.3,5.0,11.45,Honda,City
1347,Delhi,2014,65000,Diesel,Automatic,First,11.18,2696,184.0,7.0,10.5,Mahindra,Ssangyong
1348,Coimbatore,2015,92708,Diesel,Manual,First,22.7,1498,89.84,5.0,7.48,Ford,Ecosport
1349,Coimbatore,2010,48105,Petrol,Manual,First,19.7,796,46.3,5.0,3.1,Maruti,Alto
1350,Mumbai,2011,46759,Petrol,Manual,First,16.47,1198,74.0,5.0,2.55,Volkswagen,Polo
1351,Jaipur,2013,62000,Diesel,Manual,First,22.07,1199,73.9,5.0,3.5,Volkswagen,Polo
1352,Kolkata,2012,35175,Diesel,Manual,First,22.07,1199,73.9,5.0,2.59,Volkswagen,Polo
1353,Kolkata,2013,70000,Diesel,Manual,First,20.77,1248,88.8,7.0,5.45,Maruti,Ertiga
1354,Kolkata,2017,30000,Diesel,Manual,First,22.77,1498,98.59,5.0,6.0,Ford,EcoSport
1355,Kolkata,2016,66618,Diesel,Automatic,First,11.36,2755,171.5,7.0,15.49,Toyota,Innova
1356,Mumbai,2010,69300,Petrol,Automatic,Second,10.8,2497,150.0,5.0,12.5,BMW,5
1357,Kolkata,2017,148000,Diesel,Manual,First,23.4,1248,74.0,5.0,4.75,Maruti,Swift
1358,Mumbai,2017,22000,Petrol,Manual,First,18.88,999,123.24,5.0,7.85,Ford,Ecosport
1359,Ahmedabad,2013,75000,Diesel,Manual,First,16.8,1493,110.0,5.0,6.0,Hyundai,Verna
1360,Mumbai,2016,43706,Petrol,Manual,First,17.57,1193,88.7,5.0,4.0,Tata,Zest
1361,Mumbai,2011,42000,Diesel,Automatic,First,14.4,2967,241.4,5.0,28.75,Audi,A7
1362,Pune,2012,65000,Diesel,Manual,First,22.3,1248,74.0,5.0,2.5,Tata,Indica
1363,Delhi,2015,76128,Diesel,Manual,First,26.59,1248,74.0,5.0,5.5,Maruti,Swift
1364,Kolkata,2010,39852,Petrol,Manual,First,16.0,1368,90.0,5.0,1.59,Fiat,Linea
1365,Mumbai,2017,18673,Petrol,Manual,First,18.6,1197,81.83,5.0,6.22,Hyundai,i20
1366,Kolkata,2016,11583,Petrol,Manual,First,21.1,814,55.2,5.0,2.75,Hyundai,EON
1367,Pune,2017,50000,Diesel,Automatic,First,17.9,2143,136.0,5.0,25.0,Mercedes-Benz,GLA
1368,Delhi,2014,77000,Petrol,Manual,First,23.1,998,67.04,5.0,2.8,Maruti,Celerio
1369,Mumbai,2014,54890,Petrol,Manual,Second,17.8,1199,76.8,5.0,2.45,Chevrolet,Beat
1370,Pune,2016,21000,Petrol,Automatic,First,19.0,1199,88.7,5.0,6.35,Honda,Jazz
1371,Mumbai,2009,58557,Diesel,Automatic,Third,16.07,1995,181.0,5.0,8.0,BMW,3
1372,Bangalore,2014,70000,Diesel,Manual,First,19.01,1461,108.45,5.0,8.25,Renault,Duster
1373,Mumbai,2017,16000,Petrol,Automatic,First,17.01,1499,110.4,5.0,5.95,Ford,Figo
1374,Kochi,2018,8899,Diesel,Manual,First,13.68,2393,147.8,7.0,19.92,Toyota,Innova
1375,Kochi,2016,83629,Diesel,Manual,First,25.44,936,56.3,5.0,3.15,Chevrolet,Beat
1376,Chennai,2014,35059,Petrol,Automatic,First,17.21,1798,189.0,4.0,5.75,Volkswagen,Polo
1377,Kochi,2018,30552,Diesel,Automatic,First,10.91,3198,197.2,7.0,32.44,Ford,Endeavour
1378,Kochi,2016,44875,Diesel,Automatic,Second,22.32,1582,126.32,5.0,8.01,Hyundai,Verna
1379,Coimbatore,2017,25095,Petrol,Manual,First,18.16,1196,86.8,5.0,6.48,Ford,Figo
1380,Jaipur,2007,59000,Petrol,Manual,First,16.1,796,37.0,4.0,0.75,Maruti,800
1381,Kolkata,2014,36000,Diesel,Manual,First,26.0,1498,98.6,5.0,5.0,Honda,City
1382,Mumbai,2012,37000,Diesel,Manual,First,16.0,2179,140.0,7.0,7.75,Mahindra,XUV500
1383,Chennai,2010,90000,Diesel,Manual,First,20.0,1399,68.0,5.0,2.6,Ford,Figo
1384,Pune,2018,17000,Petrol,Manual,First,17.0,1497,121.36,5.0,9.2,Ford,EcoSport
1385,Mumbai,2015,42575,Petrol,Manual,First,18.6,1197,81.83,5.0,5.05,Hyundai,i20
1386,Hyderabad,2012,131000,Diesel,Manual,First,12.99,2494,100.0,7.0,9.6,Toyota,Innova
1387,Mumbai,2013,74000,Diesel,Manual,First,20.46,1461,83.8,5.0,5.5,Renault,Duster
1388,Mumbai,2013,47234,Diesel,Manual,First,12.99,2494,100.6,8.0,9.35,Toyota,Innova
1389,Delhi,2009,231673,Petrol,Manual,First,17.0,1497,118.0,5.0,2.6,Honda,City
1390,Hyderabad,2016,10000,Petrol,Manual,First,24.07,998,67.1,5.0,3.5,Maruti,Alto
1391,Kochi,2016,49389,Petrol,Manual,First,19.49,1198,67.04,5.0,4.26,Nissan,Micra
1392,Chennai,2016,12000,Petrol,Automatic,Second,23.1,998,67.04,5.0,4.25,Maruti,Celerio
1393,Hyderabad,2010,65000,Petrol,Manual,Second,11.7,1796,178.0,5.0,11.75,Mercedes-Benz,New
1394,Chennai,2013,177000,Diesel,Manual,First,23.5,1498,88.7,5.0,3.5,Ford,Fiesta
1395,Jaipur,2015,89000,Petrol,Manual,First,17.01,1591,121.3,5.0,7.5,Hyundai,Verna
1396,Chennai,2009,72000,Petrol,Automatic,Third,15.0,1396,100.0,5.0,3.25,Hyundai,i20
1397,Chennai,2012,49000,Petrol,Manual,First,17.5,1298,85.8,5.0,4.9,Maruti,Swift
1398,Hyderabad,2014,51355,Diesel,Automatic,First,14.84,2143,170.0,5.0,27.0,Mercedes-Benz,New
1399,Kochi,2017,13460,Petrol,Manual,First,18.6,1197,81.86,5.0,8.91,Hyundai,Elite
1400,Kochi,2014,35642,Petrol,Automatic,First,17.01,1591,121.4,5.0,6.69,Hyundai,Verna
1401,Kochi,2014,52895,Diesel,Manual,First,17.3,1998,163.7,5.0,6.02,Chevrolet,Cruze
1402,Mumbai,2010,93000,Petrol,Manual,First,14.28,1798,138.03,5.0,4.5,Toyota,Corolla
1403,Pune,2011,70000,Petrol,Manual,First,19.0,998,66.1,5.0,2.0,Maruti,A-Star
1404,Kolkata,2012,32048,Diesel,Manual,First,23.08,1461,63.1,5.0,2.4,Nissan,Micra
1405,Pune,2013,4700,Petrol,Manual,First,25.4,624,37.48,4.0,1.2,Tata,Nano
1406,Delhi,2014,71800,Diesel,Manual,First,23.4,1248,74.0,5.0,2.9,Maruti,Swift
1407,Ahmedabad,2016,45000,Diesel,Automatic,First,17.32,1968,184.0,5.0,27.0,Audi,Q3
1408,Chennai,2016,15388,Diesel,Manual,First,25.8,1498,98.6,5.0,7.5,Honda,Amaze
1409,Mumbai,2004,98798,Petrol,Manual,First,14.7,1599,104.0,5.0,1.5,Chevrolet,Optra
1410,Hyderabad,2016,43000,Diesel,Automatic,First,14.16,1968,174.3,5.0,39.5,Audi,Q5
1411,Hyderabad,2012,85112,Diesel,Manual,First,23.2,1248,73.94,5.0,3.39,Maruti,Ritz
1412,Kochi,2018,37804,Diesel,Manual,First,15.4,2179,120.0,7.0,12.4,Mahindra,Scorpio
1413,Chennai,2014,45000,Diesel,Manual,First,28.09,1248,88.5,5.0,6.85,Maruti,Ciaz
1414,Pune,2011,116000,Diesel,Manual,Second,21.43,1364,138.0,5.0,5.75,Toyota,Corolla
1415,Chennai,2015,100073,Diesel,Manual,Second,25.0,1396,69.0,5.0,2.0,Tata,Indica
1416,Jaipur,2006,165000,Petrol,Manual,First,16.1,796,37.0,4.0,0.9,Maruti,800
1417,Kolkata,2015,22000,Petrol,Manual,First,16.47,1198,74.0,5.0,3.8,Volkswagen,Polo
1418,Delhi,2017,9500,Petrol,Automatic,First,14.62,1999,149.92,5.0,16.35,Hyundai,Elantra
1419,Hyderabad,2012,152000,Diesel,Automatic,First,11.5,2982,169.0,7.0,16.5,Toyota,Fortuner
1420,Coimbatore,2019,17705,Petrol,Manual,First,21.4,1197,83.1,5.0,8.7,Maruti,Baleno
1421,Mumbai,2016,12000,Petrol,Manual,First,21.4,1197,83.1,5.0,6.1,Maruti,Baleno
1422,Hyderabad,2013,51000,Diesel,Automatic,First,23.8,1998,112.0,5.0,21.94,Mini,Cooper
1423,Chennai,2009,42000,Diesel,Automatic,Second,13.0,2987,210.0,5.0,22.0,Mercedes-Benz,S
1424,Delhi,2015,51000,Petrol,Manual,First,20.92,998,67.1,5.0,2.65,Maruti,Alto
1425,Kochi,2017,42527,Petrol,Manual,First,20.4,1197,81.8,5.0,5.27,Maruti,Swift
1426,Kolkata,2014,45000,Diesel,Manual,First,22.1,1248,74.0,5.0,2.48,Chevrolet,Sail
1427,Kolkata,2011,70000,Diesel,Manual,First,12.8,2494,102.0,8.0,6.0,Toyota,Innova
1428,Mumbai,2009,92000,Diesel,Manual,First,11.5,2982,171.0,7.0,8.9,Toyota,Fortuner
1429,Hyderabad,2012,57156,Diesel,Automatic,Second,18.88,1995,184.0,5.0,18.0,BMW,3
1430,Coimbatore,2016,53211,Petrol,Manual,First,16.8,1395,138.02,5.0,11.64,Skoda,Octavia
1431,Kolkata,2019,80000,Diesel,Manual,First,11.5,2982,171.0,7.0,8.99,Toyota,Fortuner
1432,Bangalore,2009,74000,Diesel,Automatic,First,15.5,1896,105.0,5.0,5.25,Volkswagen,Jetta
1433,Kolkata,2011,37000,Diesel,Manual,First,23.0,1396,90.0,5.0,2.95,Hyundai,i20
1434,Mumbai,2013,64000,Diesel,Manual,Second,21.02,1248,88.76,5.0,2.65,Tata,Manza
1435,Pune,2013,57197,Petrol,Manual,First,15.04,1598,103.6,5.0,4.0,Volkswagen,Vento
1436,Chennai,2016,55000,Diesel,Automatic,First,17.6,1582,126.2,5.0,12.5,Hyundai,Creta
1437,Mumbai,2014,33000,Petrol,Manual,First,21.1,1197,85.8,5.0,3.25,Maruti,Ritz
1438,Delhi,2008,70000,Petrol,Manual,First,13.1,1997,141.1,5.0,4.0,Honda,CR-V
1439,Delhi,2012,75000,Diesel,Manual,Second,15.1,2179,140.0,7.0,6.25,Mahindra,XUV500
1440,Jaipur,2016,58095,Diesel,Manual,First,21.66,1498,108.62,5.0,5.8,Volkswagen,Ameo
1441,Kolkata,2015,7445,Petrol,Manual,First,17.57,1193,88.7,5.0,5.0,Tata,Zest
1442,Kochi,2016,17652,Diesel,Automatic,First,12.9,2993,270.88,5.0,58.73,Jaguar,XJ
1443,Kochi,2018,28321,Petrol,Automatic,First,14.28,1798,138.03,5.0,17.49,Toyota,Corolla
1444,Pune,2011,69000,Petrol,Manual,Second,19.0,998,66.1,5.0,1.95,Maruti,A-Star
1445,Mumbai,2007,80000,Petrol,Automatic,First,11.1,2354,142.0,5.0,3.0,Honda,Accord
1446,Delhi,2014,42365,Petrol,Manual,First,17.0,1197,80.0,5.0,5.5,Hyundai,i20
1447,Delhi,2013,123000,Diesel,Automatic,First,12.55,2982,168.5,7.0,16.5,Toyota,Fortuner
1448,Mumbai,2011,40000,Petrol,Automatic,Second,11.74,1796,186.0,5.0,14.5,Mercedes-Benz,New
1449,Hyderabad,2016,30112,Diesel,Manual,First,27.39,1248,74.0,5.0,7.79,Maruti,Baleno
1450,Kochi,2017,43775,Diesel,Manual,First,20.77,1248,88.76,7.0,8.27,Maruti,Ertiga
1451,Kochi,2019,26013,Diesel,Automatic,First,12.65,2993,255.0,5.0,97.07,Land,Rover
1452,Mumbai,2012,56000,Petrol,Manual,First,12.9,1598,102.5,5.0,2.15,Chevrolet,Optra
1453,Hyderabad,2008,95000,Petrol,Automatic,Second,12.9,1799,130.0,5.0,3.0,Honda,Civic
1454,Coimbatore,2014,41089,Diesel,Automatic,First,16.09,1995,184.0,5.0,28.79,BMW,X3
1455,Mumbai,2011,41988,Diesel,Automatic,First,20.0,1968,138.1,5.0,5.45,Skoda,Laura
1456,Delhi,2013,72486,Diesel,Manual,First,23.4,1248,74.0,5.0,3.95,Maruti,Swift
1457,Pune,2013,92000,Diesel,Automatic,First,23.3,1984,150.0,5.0,16.0,Volvo,V40
1458,Delhi,2013,40000,Petrol,Manual,First,17.5,1298,85.8,5.0,4.25,Maruti,Swift
1459,Bangalore,2014,56000,Diesel,Automatic,First,12.7,2179,187.7,5.0,34.5,Land,Rover
1460,Mumbai,2008,125000,Petrol,Automatic,Third,11.7,2354,177.6,5.0,2.6,Honda,Accord
1461,Kochi,2017,29219,Diesel,Manual,First,12.99,2494,100.6,8.0,13.48,Toyota,Innova
1462,Hyderabad,2018,39927,Diesel,Manual,First,12.55,2982,168.5,7.0,32.1,Toyota,Fortuner
1463,Kochi,2018,38593,Petrol,Manual,First,18.7,1199,88.7,5.0,6.17,Honda,Jazz
1464,Kolkata,2015,32000,Petrol,Manual,First,17.0,1497,118.0,5.0,5.5,Honda,City
1465,Hyderabad,2017,28226,Diesel,Automatic,First,28.4,1248,73.75,5.0,9.15,Maruti,Dzire
1466,Pune,2014,95000,Diesel,Manual,First,21.64,1461,84.8,5.0,4.5,Nissan,Sunny
1467,Chennai,2014,194000,Diesel,Manual,First,12.99,2494,100.6,8.0,10.5,Toyota,Innova
1468,Coimbatore,2016,14821,Petrol,Manual,First,19.4,1198,86.8,5.0,5.37,Honda,Brio
1469,Bangalore,2012,52000,Petrol,Manual,First,15.04,1598,103.6,5.0,5.45,Volkswagen,Vento
1470,Mumbai,2016,33000,Diesel,Manual,First,16.0,2179,140.0,7.0,9.25,Mahindra,XUV500
1471,Chennai,2016,29200,Diesel,Manual,First,23.0,1498,98.96,5.0,7.7,Ford,EcoSport
1472,Hyderabad,2012,99754,Diesel,Manual,First,17.72,1968,108.49,5.0,7.99,Skoda,Yeti
1473,Chennai,2012,49000,Petrol,Manual,First,20.36,1197,78.9,5.0,3.0,Hyundai,i10
1474,Hyderabad,2005,299322,Diesel,Manual,First,12.8,2494,102.0,8.0,4.0,Toyota,Innova
1475,Coimbatore,2018,38310,Diesel,Manual,First,20.65,1248,88.7,5.0,6.69,Tata,Zest
1476,Delhi,2014,56000,Diesel,Manual,First,22.9,1248,74.0,5.0,4.25,Maruti,Swift
1477,Kolkata,2017,31300,Diesel,Automatic,First,21.72,1498,108.4,5.0,10.5,Skoda,Rapid
1478,Coimbatore,2019,11241,Diesel,Manual,First,13.68,2393,147.8,8.0,22.55,Toyota,Innova
1479,Pune,2014,48000,Petrol,Manual,Second,17.01,1591,121.3,5.0,5.2,Hyundai,Verna
1480,Coimbatore,2019,23882,Petrol,Manual,First,17.4,1497,117.3,5.0,11.87,Honda,City
1481,Hyderabad,2014,65000,Diesel,Manual,First,26.0,1498,98.6,5.0,6.99,Honda,City
1482,Jaipur,2011,50000,Diesel,Manual,First,20.54,1598,103.6,5.0,5.0,Volkswagen,Vento
1483,Chennai,2014,25000,Diesel,Automatic,First,12.19,2967,236.0,5.0,44.0,Audi,Q5
1484,Chennai,2015,21000,Petrol,Manual,First,22.74,796,47.3,5.0,2.79,Maruti,Alto
1485,Pune,2012,148000,Diesel,Manual,Second,21.12,1248,88.8,5.0,2.9,Tata,Manza
1486,Delhi,2016,68000,Petrol,Manual,First,15.29,1591,121.3,5.0,9.85,Hyundai,Creta
1487,Bangalore,2014,52000,Diesel,Automatic,First,12.0,2987,224.0,7.0,49.0,Mercedes-Benz,GL-Class
1488,Jaipur,2016,19000,Diesel,Manual,First,16.55,2498,105.0,6.0,9.25,Mahindra,Thar
1489,Mumbai,2011,74000,Diesel,Manual,Second,22.32,1582,126.3,5.0,3.75,Hyundai,Verna
1490,Coimbatore,2017,30279,Diesel,Manual,First,26.1,1498,99.0,5.0,7.29,Ford,Aspire
1491,Mumbai,2016,20000,Diesel,Automatic,First,20.7,1496,113.98,4.0,23.5,Mini,Cooper
1492,Hyderabad,2013,34834,Petrol,Manual,First,14.0,796,35.0,5.0,2.6,Maruti,Omni
1493,Pune,2015,90000,Diesel,Manual,Second,21.03,1461,65.0,5.0,3.1,Mahindra,Verito
1494,Coimbatore,2016,38730,Diesel,Automatic,First,14.21,2143,203.0,5.0,29.98,Mercedes-Benz,E-Class
1495,Kochi,2016,57390,Diesel,Manual,First,19.01,1461,108.45,5.0,6.73,Renault,Duster
1496,Kolkata,2016,100000,Diesel,Manual,First,23.4,1248,74.0,5.0,3.5,Maruti,Swift
1497,Kolkata,2011,50000,Petrol,Manual,First,16.47,1198,73.9,5.0,2.35,Volkswagen,Polo
1498,Coimbatore,2017,64961,Diesel,Manual,First,16.0,2179,140.0,7.0,16.13,Mahindra,XUV500
1499,Coimbatore,2014,72465,Petrol,Manual,First,16.47,1198,74.0,5.0,5.9,Volkswagen,Polo
1500,Hyderabad,2012,68776,Petrol,Manual,First,21.1,1197,85.8,5.0,3.9,Maruti,Ritz
1501,Delhi,2012,68000,Diesel,Manual,First,12.8,2494,102.0,7.0,6.95,Toyota,Innova
1502,Delhi,2015,33000,Diesel,Manual,First,26.0,1498,98.6,5.0,7.0,Honda,City
1503,Coimbatore,2017,22389,Petrol,Manual,First,17.0,1198,73.75,5.0,7.23,Volkswagen,Ameo
1504,Mumbai,2012,90000,Diesel,Manual,First,21.5,1248,88.8,5.0,3.81,Maruti,SX4
1505,Chennai,2012,42000,Petrol,Manual,Third,18.6,1197,85.8,5.0,4.5,Maruti,Swift
1506,Pune,2017,38767,Diesel,Manual,First,19.67,1582,126.2,5.0,12.6,Hyundai,Creta
1507,Bangalore,2015,21000,Diesel,Automatic,First,12.07,2967,241.4,7.0,48.0,Audi,Q7
1508,Coimbatore,2010,59136,Petrol,Manual,First,19.7,796,46.3,5.0,2.96,Maruti,Alto
1509,Kolkata,2014,36000,Diesel,Manual,First,25.8,1498,98.6,5.0,3.25,Honda,Amaze
1510,Chennai,2011,95000,Diesel,Automatic,Second,18.33,1968,167.7,5.0,8.5,Volkswagen,Passat
1511,Mumbai,2013,51000,Diesel,Automatic,First,19.5,1582,126.24,5.0,8.75,Hyundai,Elantra
1512,Kochi,2011,36411,Petrol,Manual,First,18.9,998,67.1,5.0,3.08,Maruti,Wagon
1513,Mumbai,2017,40000,Diesel,Automatic,First,12.81,1999,148.31,7.0,41.5,Land,Rover
1514,Pune,2016,27300,Petrol,Manual,First,17.8,1497,117.3,5.0,7.0,Honda,City
1515,Kochi,2011,29813,Petrol,Automatic,Second,14.74,1991,181.03,5.0,11.5,Mercedes-Benz,New
1516,Pune,2011,71000,Petrol,Manual,First,20.51,998,67.04,5.0,2.6,Maruti,Wagon
1517,Kolkata,2014,32000,Diesel,Manual,First,22.32,1582,126.3,5.0,4.3,Hyundai,Verna
1518,Mumbai,2017,19234,CNG,Manual,First,23.625,1373,80.46,7.0,8.35,Maruti,Ertiga
1519,Jaipur,2017,50510,Diesel,Automatic,First,17.06,1968,141.0,5.0,24.9,Volkswagen,Tiguan
1520,Pune,2011,102000,Diesel,Automatic,First,15.06,1995,177.0,5.0,13.75,BMW,X1
1521,Kolkata,2014,42277,Diesel,Manual,First,24.0,1186,73.97,5.0,3.85,Hyundai,Grand
1522,Mumbai,2014,46000,Diesel,Automatic,First,13.0,2143,201.1,5.0,23.25,Mercedes-Benz,E-Class
1523,Bangalore,2015,50000,Petrol,Manual,First,18.9,1197,82.0,5.0,5.75,Hyundai,Grand
1524,Mumbai,2008,62000,Petrol,Manual,Second,20.36,1197,78.9,5.0,1.65,Hyundai,i10
1525,Mumbai,2012,78000,Diesel,Manual,First,19.33,1968,138.1,5.0,6.5,Volkswagen,Jetta
1526,Chennai,2011,79000,Diesel,Manual,First,17.67,1968,138.08,5.0,7.5,Skoda,Yeti
1527,Kochi,2019,6773,Diesel,Automatic,First,14.75,2967,245.0,7.0,72.94,Audi,Q7
1528,Chennai,2010,135000,Diesel,Manual,Second,11.5,2982,171.0,7.0,11.0,Toyota,Fortuner
1529,Kochi,2013,36716,Petrol,Manual,First,18.9,1061,67.0,5.0,3.02,Maruti,Wagon
1530,Coimbatore,2013,65060,Petrol,Manual,First,21.1,814,55.2,5.0,3.32,Hyundai,EON
1531,Delhi,2013,33000,Petrol,Manual,First,19.4,1198,86.8,5.0,3.24,Honda,Brio
1532,Kolkata,2015,11110,Petrol,Manual,First,22.74,796,47.3,5.0,2.35,Maruti,Alto
1533,Jaipur,2013,63000,Diesel,Manual,First,15.96,2523,62.1,7.0,5.5,Mahindra,Bolero
1534,Mumbai,2015,27030,Petrol,Manual,First,17.8,1497,117.3,5.0,6.75,Honda,City
1535,Mumbai,2015,19600,Petrol,Manual,First,15.0,1598,103.52,5.0,6.15,Skoda,Rapid
1536,Pune,2016,27755,Petrol,Manual,First,22.0,1197,81.8,5.0,5.45,Maruti,Swift
1537,Hyderabad,2013,20000,Petrol,Manual,Second,21.1,814,55.2,5.0,2.3,Hyundai,EON
1538,Kochi,2015,24782,Petrol,Manual,First,20.85,1197,83.14,5.0,6.21,Maruti,Swift
1539,Coimbatore,2014,47303,Petrol,Automatic,First,19.34,1198,76.0,5.0,5.21,Nissan,Micra
1540,Delhi,2008,71000,Petrol,Automatic,First,8.3,4134,250.0,7.0,11.99,Audi,Q7
1541,Pune,2010,135000,Diesel,Manual,First,17.8,1248,75.0,5.0,3.1,Maruti,Swift
1542,Jaipur,2017,1000,Diesel,Manual,First,13.49,2179,138.03,5.0,7.5,Tata,Xenon
1543,Kolkata,2016,29000,Diesel,Manual,First,20.14,1498,88.8,5.0,4.0,Volkswagen,Polo
1544,Kochi,2016,36367,Petrol,Manual,First,17.8,1497,117.3,5.0,7.73,Honda,City
1545,Bangalore,2015,38000,Petrol,Manual,First,17.4,1497,117.3,5.0,7.8,Honda,City
1546,Hyderabad,2011,83969,Petrol,Manual,First,16.1,796,37.0,4.0,1.3,Maruti,800
1547,Jaipur,2014,82621,Diesel,Manual,First,20.14,1498,88.8,5.0,4.42,Volkswagen,Polo
1548,Pune,2009,89000,Diesel,Automatic,First,12.5,1991,147.9,7.0,4.0,Chevrolet,Captiva
1549,Kolkata,2016,54000,Diesel,Manual,First,16.0,2179,140.0,7.0,13.0,Mahindra,XUV500
1550,Kochi,2015,61691,Diesel,Manual,First,25.8,1498,98.6,5.0,5.38,Honda,Amaze
1551,Chennai,2011,32200,Petrol,Manual,Second,17.0,1197,80.0,5.0,3.25,Hyundai,i20
1552,Jaipur,2016,68630,Petrol,Automatic,First,20.51,998,67.0,5.0,3.87,Maruti,Wagon
1553,Mumbai,2014,61000,Diesel,Automatic,Second,16.96,1968,138.03,5.0,8.25,Volkswagen,Jetta
1554,Mumbai,2018,32644,Petrol,Manual,First,20.73,1373,91.1,5.0,9.28,Maruti,Ciaz
1555,Delhi,2012,85000,Diesel,Automatic,First,11.79,2179,120.0,7.0,6.25,Mahindra,Scorpio
1556,Mumbai,2008,75000,Petrol,Manual,Second,15.26,1150,74.9,5.0,1.15,Chevrolet,Aveo
1557,Kochi,2016,40347,Petrol,Manual,First,20.73,1373,91.2,5.0,7.8,Maruti,Ciaz
1558,Hyderabad,2012,60788,Diesel,Manual,First,23.0,1396,90.0,5.0,4.5,Hyundai,i20
1559,Kochi,2018,18664,Petrol,Manual,First,18.7,1199,88.7,5.0,7.56,Honda,Jazz
1560,Coimbatore,2017,57847,Diesel,Manual,First,16.0,2179,140.0,7.0,16.08,Mahindra,XUV500
1561,Bangalore,2012,52237,Petrol,Manual,First,17.0,1197,80.0,5.0,4.5,Hyundai,i20
1562,Chennai,2012,128000,Diesel,Manual,First,22.32,1582,126.32,5.0,5.0,Hyundai,Verna
1563,Delhi,2011,54000,Petrol,Manual,First,19.81,1086,68.05,5.0,2.2,Hyundai,i10
1564,Bangalore,2014,49800,Petrol,Automatic,First,23.1,998,67.04,5.0,4.0,Maruti,Celerio
1565,Kolkata,2012,98000,Diesel,Manual,First,20.86,1199,73.9,5.0,2.51,Skoda,Fabia
1566,Delhi,2015,60095,Diesel,Manual,First,25.2,1248,74.0,5.0,4.75,Maruti,Swift
1567,Pune,2008,68000,Petrol,Manual,Second,16.0,1086,66.7,5.0,2.0,Hyundai,i10
1568,Jaipur,2010,81402,Petrol,Manual,Second,20.36,1197,78.9,5.0,2.1,Hyundai,i10
1569,Mumbai,2013,38000,Petrol,Automatic,First,16.5,1499,110.0,5.0,6.25,Ford,Ecosport
1570,Kochi,2011,92239,Diesel,Automatic,Second,11.5,2987,210.0,5.0,10.6,Mercedes-Benz,E-Class
1571,Ahmedabad,2017,49224,Diesel,Manual,First,25.2,1248,74.0,5.0,6.0,Maruti,Swift
1572,Jaipur,2004,12000,Petrol,Manual,Second,16.1,796,37.0,4.0,0.45,Maruti,800
1573,Pune,2010,54898,Petrol,Manual,Third,16.1,1298,88.2,5.0,2.5,Maruti,Swift
1574,Mumbai,2018,2500,Petrol,Manual,First,15.29,1591,121.3,5.0,12.75,Hyundai,Creta
1575,Kochi,2017,32838,Diesel,Automatic,First,17.05,1995,190.0,5.0,30.29,BMW,X1
1576,Hyderabad,2006,27076,Petrol,Manual,First,13.8,1299,70.0,5.0,1.6,Ford,Ikon
1577,Kochi,2017,75445,Diesel,Manual,First,22.7,1498,89.84,5.0,7.54,Ford,Ecosport
1578,Kochi,2015,46601,Petrol,Manual,First,20.73,1373,91.1,5.0,6.84,Maruti,Ciaz
1579,Kolkata,2012,72000,Diesel,Automatic,First,18.33,1968,167.7,5.0,6.0,Volkswagen,Passat
1580,Pune,2017,27000,Diesel,Manual,First,27.3,1498,98.6,5.0,8.0,Honda,Jazz
1581,Coimbatore,2016,68193,Diesel,Automatic,First,17.11,1968,174.33,5.0,24.74,Audi,A4
1582,Kochi,2017,34429,Diesel,Manual,First,24.0,1120,70.0,5.0,5.5,Hyundai,Grand
1583,Delhi,2013,46000,Diesel,Automatic,First,12.0,2987,224.0,7.0,36.0,Mercedes-Benz,GL-Class
1584,Coimbatore,2013,80544,Diesel,Manual,First,12.99,2494,100.6,7.0,11.79,Toyota,Innova
1585,Jaipur,2011,42000,Petrol,Manual,Second,16.95,1498,97.7,5.0,3.0,Nissan,Sunny
1586,Bangalore,2011,94821,Diesel,Automatic,Second,20.0,1968,138.1,5.0,6.75,Skoda,Laura
1587,Jaipur,2006,100000,Petrol,Manual,First,14.49,1399,92.7,5.0,1.4,Chevrolet,Aveo
1588,Mumbai,2014,57000,Diesel,Manual,First,24.2,1498,98.6,7.0,5.75,Honda,Mobilio
1589,Hyderabad,2010,79894,Diesel,Manual,First,21.1,1248,73.9,5.0,3.4,Maruti,Ritz
1590,Coimbatore,2011,44748,Petrol,Manual,Second,16.47,1198,73.9,5.0,4.89,Volkswagen,Polo
1591,Mumbai,2013,31000,Petrol,Manual,First,13.24,1598,102.5,5.0,4.95,Nissan,Terrano
1592,Coimbatore,2013,60587,Petrol,Automatic,Second,16.98,998,66.1,5.0,3.49,Maruti,A-Star
1593,Pune,2014,43772,Petrol,Manual,First,17.0,1497,118.0,5.0,6.35,Honda,City
1594,Coimbatore,2017,23576,Petrol,Automatic,First,18.9,1197,82.0,5.0,7.08,Hyundai,Grand
1595,Hyderabad,2017,4000,Diesel,Automatic,First,13.6,1999,177.0,5.0,38.0,Jaguar,XE
1596,Kolkata,2012,62000,Diesel,Manual,First,12.05,2179,120.0,8.0,6.25,Mahindra,Scorpio
1597,Mumbai,2011,36000,Petrol,Automatic,First,11.74,1796,186.0,5.0,10.15,Mercedes-Benz,New
1598,Delhi,2014,80000,Petrol,Automatic,First,13.7,1798,157.75,5.0,10.75,Skoda,Superb
1599,Pune,2012,137008,Diesel,Automatic,First,18.1,1991,147.9,4.0,4.65,Chevrolet,Cruze
1600,Delhi,2010,61001,Diesel,Manual,First,12.05,2179,120.0,8.0,4.75,Mahindra,Scorpio
1601,Coimbatore,2015,52191,Petrol,Manual,First,17.1,1591,121.3,5.0,7.78,Hyundai,Verna
1602,Hyderabad,2016,77076,Diesel,Manual,First,23.0,1396,90.0,5.0,6.75,Hyundai,i20
1603,Hyderabad,2008,56000,Petrol,Automatic,First,16.4,1497,78.0,5.0,2.99,Honda,City
1604,Kolkata,2013,21000,Petrol,Manual,First,20.36,1197,78.9,5.0,2.35,Hyundai,i10
1605,Delhi,2013,89429,Diesel,Manual,First,25.8,1498,98.6,5.0,3.65,Honda,Amaze
1606,Delhi,2012,45631,Petrol,Manual,Second,22.5,998,67.04,5.0,2.74,Maruti,Wagon
1607,Jaipur,2013,53959,Petrol,Manual,First,19.4,1198,86.8,5.0,3.5,Honda,Brio
1608,Kochi,2014,55804,Petrol,Manual,First,17.0,1197,80.0,5.0,4.76,Hyundai,i20
1609,Kochi,2016,25899,Petrol,Manual,First,15.04,1598,103.2,5.0,6.2,Volkswagen,Vento
1610,Pune,2008,82000,Diesel,Manual,Second,18.7,1896,66.0,5.0,2.35,Skoda,Octavia
1611,Mumbai,2014,52000,Diesel,Automatic,First,13.0,2143,204.0,5.0,24.5,Mercedes-Benz,E-Class
1612,Pune,2013,20000,Petrol,Manual,First,13.24,1598,102.57,5.0,6.0,Renault,Duster
1613,Hyderabad,2017,31829,Petrol,Manual,First,21.1,814,55.2,5.0,3.65,Hyundai,EON
1614,Coimbatore,2016,18094,Petrol,Manual,Second,18.6,1197,85.8,5.0,6.26,Maruti,Swift
1615,Mumbai,2015,11964,Diesel,Automatic,First,13.22,2967,241.4,5.0,32.95,Audi,Q5
1616,Coimbatore,2018,22684,Petrol,Manual,First,18.6,1197,81.83,5.0,7.8,Hyundai,i20
1617,Bangalore,2014,43521,Petrol,Manual,First,19.4,1198,86.8,5.0,4.25,Honda,Brio
1618,Kochi,2014,49386,Petrol,Manual,First,17.5,1298,85.8,5.0,4.86,Maruti,Swift
1619,Delhi,2017,12248,Petrol,Manual,First,18.9,1197,81.86,5.0,4.9,Hyundai,Grand
1620,Coimbatore,2014,67771,Diesel,Manual,First,11.68,2498,112.0,8.0,7.06,Mahindra,Xylo
1621,Delhi,2015,60007,Petrol,Automatic,First,17.21,1798,189.0,4.0,4.5,Volkswagen,Polo
1622,Coimbatore,2011,48624,Petrol,Manual,First,24.07,998,67.1,5.0,3.22,Maruti,Alto
1623,Kolkata,2014,30000,Diesel,Manual,First,22.07,1199,73.9,5.0,3.25,Volkswagen,Polo
1624,Delhi,2016,81605,Petrol,Manual,First,18.9,1197,82.0,5.0,4.53,Hyundai,Grand
1625,Coimbatore,2017,32642,Diesel,Automatic,First,14.84,2143,170.0,5.0,34.78,Mercedes-Benz,New
1626,Pune,2014,34200,Petrol,Automatic,First,15.74,1591,121.3,5.0,6.5,Hyundai,Verna
1627,Chennai,2010,72204,Petrol,Manual,First,15.7,1172,67.0,5.0,2.25,Fiat,Punto
1628,Pune,2011,156347,Diesel,Manual,Second,12.99,2494,100.0,8.0,8.0,Toyota,Innova
1629,Kochi,2017,47357,Diesel,Automatic,First,18.49,1493,100.0,7.0,8.37,Mahindra,TUV
1630,Coimbatore,2015,61738,Diesel,Manual,First,20.14,1498,88.8,5.0,5.39,Volkswagen,Polo
1631,Kochi,2018,32586,Diesel,Automatic,First,22.48,1995,190.0,5.0,37.3,BMW,5
1632,Coimbatore,2018,40129,Diesel,Automatic,First,11.57,2987,254.79,5.0,70.8,Mercedes-Benz,GLE
1633,Mumbai,2012,51000,Diesel,Automatic,First,11.74,2987,254.8,5.0,22.25,Mercedes-Benz,M-Class
1634,Kochi,2018,10393,Petrol,Manual,First,18.9,1197,81.86,5.0,6.03,Hyundai,Grand
1635,Mumbai,2011,46000,Petrol,Automatic,First,13.7,1798,157.75,5.0,4.9,Skoda,Superb
1636,Chennai,2013,21000,Petrol,Automatic,First,16.95,1197,78.9,5.0,3.96,Hyundai,i10
1637,Hyderabad,2011,113562,Diesel,Manual,First,23.0,1396,90.0,5.0,4.6,Hyundai,i20
1638,Mumbai,2011,100010,Diesel,Manual,Second,12.05,2179,120.0,8.0,5.5,Mahindra,Scorpio
1639,Mumbai,2013,63107,Petrol,Manual,First,19.4,1198,86.8,5.0,3.25,Honda,Brio
1640,Jaipur,2017,58500,Petrol,Manual,First,18.6,1197,81.83,5.0,6.25,Hyundai,i20
1641,Pune,2007,90000,Diesel,Manual,Fourth & Above,10.9,2499,143.0,7.0,3.0,Ford,Endeavour
1642,Chennai,2011,108242,Diesel,Manual,First,16.8,1493,110.0,5.0,4.25,Hyundai,Verna
1643,Pune,2011,146300,Diesel,Manual,First,11.5,2982,171.0,7.0,12.25,Toyota,Fortuner
1644,Pune,2011,62943,Diesel,Automatic,Second,17.05,1995,184.0,5.0,10.95,BMW,X1
1645,Delhi,2013,65000,Diesel,Automatic,First,12.55,2982,168.5,7.0,16.5,Toyota,Fortuner
1646,Pune,2018,1700,Petrol,Automatic,First,19.0,1199,88.76,5.0,7.8,Honda,Amaze
1647,Kochi,2013,34697,Petrol,Manual,First,19.81,1086,68.05,5.0,3.7,Hyundai,i10
1648,Hyderabad,2012,58000,Petrol,Manual,First,17.0,1197,80.0,5.0,4.0,Hyundai,i20
1649,Mumbai,2015,32500,Diesel,Automatic,First,19.59,1995,187.74,5.0,26.75,BMW,3
1650,Coimbatore,2016,58661,Diesel,Automatic,First,15.17,1968,181.0,5.0,28.03,Audi,Q3
1651,Kochi,2017,37124,Petrol,Manual,First,20.4,1197,81.8,5.0,5.44,Maruti,Swift
1652,Delhi,2017,44000,Petrol,Automatic,First,21.4,1197,83.1,5.0,6.2,Maruti,Baleno
1653,Kolkata,2005,45200,Petrol,Manual,First,13.2,1495,94.0,5.0,0.9,Hyundai,Accent
1654,Mumbai,2016,11000,Petrol,Manual,First,18.5,1197,85.8,5.0,3.95,Maruti,Ritz
1655,Pune,2011,65000,Petrol,Manual,Second,26.0,624,35.0,4.0,0.44,Tata,Nano
1656,Ahmedabad,2012,55005,Diesel,Manual,First,20.0,1399,68.0,5.0,2.75,Ford,Figo
1657,Hyderabad,2011,81650,Diesel,Automatic,First,18.33,1968,167.7,5.0,7.5,Volkswagen,Passat
1658,Chennai,2010,160000,Diesel,Manual,Second,19.0,1248,93.0,5.0,2.5,Fiat,Linea
1659,Hyderabad,2015,169000,Diesel,Manual,First,14.95,2489,93.7,7.0,5.0,Mahindra,Xylo
1660,Hyderabad,2013,67263,Petrol,Manual,First,18.9,998,67.1,5.0,3.6,Maruti,Wagon
1661,Kochi,2012,44223,Petrol,Manual,First,17.6,1496,88.7,5.0,3.99,Toyota,Etios
1662,Coimbatore,2015,36840,Petrol,Manual,First,18.9,1197,82.0,5.0,5.64,Hyundai,Grand
1663,Pune,2014,160000,Diesel,Manual,First,12.99,2494,100.0,8.0,12.0,Toyota,Innova
1664,Kolkata,2008,133000,Diesel,Manual,First,16.8,1405,62.0,5.0,0.7,Tata,Indica
1665,Mumbai,2015,69123,Diesel,Automatic,First,18.88,1995,184.0,5.0,19.0,BMW,3
1666,Delhi,2017,38000,Diesel,Automatic,First,10.91,3198,197.0,7.0,30.48,Ford,Endeavour
1667,Mumbai,2017,5500,Petrol,Manual,First,21.56,1462,103.25,5.0,8.2,Maruti,Ciaz
1668,Kolkata,2015,1001,Diesel,Manual,First,25.83,1498,99.0,5.0,7.55,Ford,Figo
1669,Pune,2007,59000,Petrol,Manual,Third,15.26,1150,74.9,5.0,0.99,Chevrolet,Aveo
1670,Delhi,2011,78256,Petrol,Automatic,First,16.8,1497,118.0,5.0,4.15,Honda,City
1671,Chennai,2016,90000,Petrol,Manual,First,16.95,1498,97.6,5.0,6.2,Nissan,Sunny
1672,Kolkata,2016,18000,Petrol,Manual,First,19.1,1197,85.8,5.0,4.4,Maruti,Swift
1673,Kolkata,2012,60000,Diesel,Manual,First,20.0,1399,68.0,5.0,2.1,Ford,Figo
1674,Jaipur,2011,130000,Diesel,Manual,First,20.3,1248,75.0,5.0,2.2,Fiat,Grande
1675,Coimbatore,2018,32851,Petrol,Manual,First,18.6,1197,81.86,5.0,8.34,Hyundai,Elite
1676,Kolkata,2014,32000,Diesel,Manual,First,23.4,1248,74.0,5.0,4.35,Maruti,Swift
1677,Hyderabad,2014,62700,Diesel,Manual,First,22.7,1498,89.84,5.0,6.8,Ford,Ecosport
1678,Jaipur,2010,71000,Diesel,Manual,First,19.3,1248,73.9,5.0,3.3,Maruti,Swift
1679,Kochi,2016,19947,Petrol,Manual,First,18.9,1197,82.0,5.0,5.04,Hyundai,Grand
1680,Hyderabad,2012,91000,Diesel,Automatic,First,11.4,2953,153.86,7.0,9.2,Ford,Endeavour
1681,Hyderabad,2014,74000,Diesel,Manual,First,22.07,1199,73.9,5.0,5.7,Volkswagen,Polo
1682,Kochi,2018,55594,Diesel,Manual,First,18.49,1493,100.0,7.0,8.48,Mahindra,TUV
1683,Hyderabad,2013,58000,Diesel,Automatic,First,11.2,2993,306.0,4.0,48.0,BMW,X6
1684,Hyderabad,2012,110224,Diesel,Manual,First,19.01,1461,108.45,5.0,6.1,Renault,Duster
1685,Ahmedabad,2010,21002,Petrol,Manual,First,22.5,998,67.04,5.0,2.75,Maruti,Wagon
1686,Pune,2017,121000,Diesel,Manual,First,24.52,1248,88.5,7.0,8.0,Maruti,Ertiga
1687,Jaipur,2010,73513,Petrol,Manual,First,19.7,796,46.3,5.0,1.85,Maruti,Alto
1688,Jaipur,2015,34000,Petrol,Automatic,First,20.51,998,67.0,5.0,3.85,Maruti,Wagon
1689,Coimbatore,2017,28371,Petrol,Manual,First,15.1,1196,73.0,7.0,4.74,Maruti,Eeco
1690,Kochi,2013,74755,Diesel,Manual,First,19.6,1461,108.45,5.0,5.63,Renault,Duster
1691,Kochi,2011,25805,Petrol,Manual,First,18.2,1061,64.0,5.0,2.62,Maruti,Zen
1692,Kochi,2015,82603,Petrol,Manual,First,13.06,1598,102.53,5.0,4.9,Renault,Duster
1693,Chennai,2006,110000,Petrol,Manual,First,13.5,1799,130.0,5.0,2.65,Honda,Civic
1694,Delhi,2012,88000,Diesel,Manual,First,16.0,2179,140.0,7.0,5.99,Mahindra,XUV500
1695,Chennai,2011,110000,Diesel,Manual,Second,21.0,1461,64.1,5.0,2.4,Mahindra,Verito
1696,Delhi,2017,15000,Petrol,Manual,First,21.7,999,67.0,5.0,4.25,Renault,KWID
1697,Mumbai,2013,70000,Diesel,Automatic,First,15.15,2967,240.0,5.0,40.0,Porsche,Cayenne
1698,Pune,2008,150000,Diesel,Manual,Second,28.4,1248,74.0,5.0,2.7,Maruti,Swift
1699,Hyderabad,2016,19000,Petrol,Manual,First,20.63,1198,67.0,5.0,2.99,Datsun,GO
1700,Chennai,2011,37442,Petrol,Manual,First,18.5,1197,80.0,5.0,3.4,Hyundai,i20
1701,Coimbatore,2016,63111,Diesel,Automatic,Second,18.12,1995,190.0,5.0,30.8,BMW,5
1702,Mumbai,2012,88000,Diesel,Manual,First,20.77,1248,88.8,7.0,5.85,Maruti,Ertiga
1703,Jaipur,2014,42355,Petrol,Manual,First,18.9,1197,82.0,5.0,4.0,Hyundai,Grand
1704,Coimbatore,2011,75871,Petrol,Automatic,First,9.43,2996,254.0,5.0,14.12,BMW,3
1705,Mumbai,2011,65000,Diesel,Manual,First,17.9,1998,163.7,5.0,4.55,Chevrolet,Cruze
1706,Jaipur,2011,79232,Diesel,Manual,First,21.1,1248,73.9,5.0,2.9,Maruti,Ritz
1707,Pune,2007,220000,Petrol,Automatic,Second,11.74,1796,186.0,5.0,6.0,Mercedes-Benz,New
1708,Kochi,2016,28470,Petrol,Manual,First,18.6,1197,81.83,5.0,6.95,Hyundai,i20
1709,Kolkata,2014,9759,Petrol,Manual,First,20.3,998,68.05,5.0,2.75,Hyundai,EON
1710,Pune,2014,75216,Diesel,Manual,First,22.9,1248,74.0,5.0,5.1,Maruti,Swift
1711,Chennai,2017,8000,Petrol,Manual,First,18.6,1197,81.83,5.0,6.75,Hyundai,i20
1712,Mumbai,2014,59451,Petrol,Manual,First,18.5,1197,85.8,5.0,3.69,Maruti,Ritz
1713,Hyderabad,2013,53996,Diesel,Manual,First,22.9,1248,74.0,5.0,5.45,Maruti,Swift
1714,Kochi,2018,15135,Petrol,Manual,First,17.5,1199,88.7,5.0,9.29,Honda,WRV
1715,Chennai,2015,53000,Petrol,Automatic,Second,16.9,1197,81.86,5.0,4.0,Hyundai,Xcent
1716,Kolkata,2013,40000,Petrol,Manual,First,18.0,1198,86.7,5.0,2.9,Honda,Amaze
1717,Pune,2013,21107,Petrol,Manual,First,17.1,1591,121.3,5.0,5.25,Hyundai,Verna
1718,Mumbai,2014,56000,Petrol,Manual,First,16.8,1497,116.3,5.0,5.75,Honda,City
1719,Coimbatore,2017,19623,Petrol,Manual,First,15.29,1591,121.3,5.0,13.12,Hyundai,Creta
1720,Kochi,2014,70963,Diesel,Manual,First,15.1,2179,140.0,7.0,7.83,Mahindra,XUV500
1721,Mumbai,2013,25755,CNG,Manual,First,35.910000000000004,998,58.16,5.0,3.15,Maruti,Wagon
1722,Mumbai,2013,51450,Diesel,Manual,First,12.8,2494,102.0,7.0,10.4,Toyota,Innova
1723,Pune,2012,75000,Diesel,Manual,First,22.9,1248,74.0,5.0,4.35,Maruti,Swift
1724,Coimbatore,2017,37832,Petrol,Automatic,First,22.5,998,67.0,5.0,5.23,Maruti,Wagon
1725,Coimbatore,2016,43041,Petrol,Manual,First,18.9,1197,81.86,5.0,6.01,Hyundai,Grand
1726,Hyderabad,2014,97236,Diesel,Manual,First,25.8,1498,98.6,5.0,4.4,Honda,Amaze
1727,Chennai,2010,83000,Diesel,Automatic,First,16.07,1995,181.0,5.0,12.75,BMW,3
1728,Delhi,2011,65000,Petrol,Manual,First,15.6,1196,70.0,5.0,2.4,Ford,Figo
1729,Kochi,2018,46007,Petrol,Manual,First,17.0,1198,73.75,5.0,5.71,Volkswagen,Ameo
1730,Kochi,2015,65925,Diesel,Manual,Second,22.7,1498,89.84,5.0,5.49,Ford,Ecosport
1731,Pune,2004,73500,Petrol,Manual,Second,13.0,1343,90.0,5.0,1.3,Honda,City
1732,Kolkata,2014,55000,Diesel,Manual,First,16.0,2179,140.0,7.0,8.5,Mahindra,XUV500
1733,Delhi,2012,115000,Diesel,Manual,First,13.0,2982,168.5,7.0,12.99,Toyota,Fortuner
1734,Kolkata,2017,31184,Petrol,Manual,First,18.9,1197,81.86,5.0,5.0,Hyundai,Grand
1735,Pune,2017,41747,Diesel,Automatic,First,28.4,1248,73.75,5.0,9.0,Maruti,Dzire
1736,Kochi,2016,38143,Diesel,Manual,First,22.9,1248,74.0,5.0,5.22,Maruti,Swift
1737,Pune,2012,19030,Petrol,Manual,First,16.47,1198,73.9,5.0,3.8,Volkswagen,Polo
1738,Coimbatore,2019,20877,Petrol,Manual,First,18.16,1197,78.9,5.0,7.27,Toyota,Etios
1739,Mumbai,2016,23555,Petrol,Manual,First,22.0,1197,81.8,5.0,5.1,Maruti,Swift
1740,Bangalore,2013,29000,Diesel,Automatic,First,14.21,2143,203.0,5.0,29.0,Mercedes-Benz,E-Class
1741,Pune,2013,61000,Petrol,Manual,First,18.9,998,67.1,5.0,2.9,Maruti,Wagon
1742,Kochi,2012,4187,Petrol,Manual,First,26.0,624,35.0,4.0,1.38,Tata,Nano
1743,Bangalore,2011,46000,Petrol,Manual,First,13.4,1798,157.8,5.0,5.5,Skoda,Laura
1744,Mumbai,2016,28000,Petrol,Automatic,First,17.21,1197,103.5,5.0,7.25,Volkswagen,Polo
1745,Coimbatore,2014,83558,Diesel,Manual,First,22.32,1582,126.32,5.0,6.98,Hyundai,Verna
1746,Hyderabad,2017,40000,Diesel,Manual,First,22.95,1248,74.0,5.0,5.25,Tata,Bolt
1747,Kolkata,2013,36000,Petrol,Manual,First,21.1,814,55.2,5.0,1.95,Hyundai,EON
1748,Bangalore,2014,21000,Diesel,Automatic,First,17.11,1968,174.33,5.0,24.5,Audi,A4
1749,Kochi,2013,62162,Diesel,Manual,First,12.99,2494,100.0,7.0,8.31,Toyota,Innova
1750,Hyderabad,2012,83000,Diesel,Automatic,First,11.74,2987,254.8,5.0,36.0,Mercedes-Benz,M-Class
1751,Pune,2015,58000,Diesel,Manual,First,24.4,1120,71.0,5.0,5.5,Hyundai,Xcent
1752,Kochi,2011,62332,Petrol,Automatic,First,11.7,2354,177.6,5.0,5.89,Honda,Accord
1753,Kochi,2016,50867,Diesel,Manual,First,20.34,1498,103.2,5.0,7.95,Volkswagen,Vento
1754,Mumbai,2010,73000,Petrol,Manual,First,17.0,1197,80.0,5.0,2.75,Hyundai,i20
1755,Jaipur,2012,98008,Diesel,Manual,First,22.7,1582,126.24,5.0,6.25,Hyundai,Elantra
1756,Hyderabad,2015,36000,Diesel,Manual,First,20.0,1399,68.05,5.0,4.95,Ford,Figo
1757,Kochi,2019,27339,Petrol,Manual,First,18.6,1197,81.83,5.0,6.27,Hyundai,i20
1758,Kolkata,2017,25000,Diesel,Manual,First,23.9,1582,126.2,5.0,8.65,Hyundai,Verna
1759,Kolkata,2014,37000,Petrol,Manual,First,18.9,1197,82.0,5.0,3.5,Hyundai,Grand
1760,Hyderabad,2015,56000,Diesel,Automatic,First,14.16,1968,174.3,5.0,35.0,Audi,Q5
1761,Kolkata,2015,27000,Petrol,Manual,First,17.5,1298,85.8,5.0,4.45,Maruti,Swift
1762,Kolkata,2012,37000,Petrol,Manual,First,18.5,1197,80.0,5.0,2.65,Hyundai,i20
1763,Kolkata,2017,10500,Diesel,Manual,First,25.32,1198,77.0,5.0,4.7,Mahindra,KUV
1764,Ahmedabad,2014,49000,Diesel,Automatic,First,18.23,1582,126.2,5.0,8.9,Hyundai,Elantra
1765,Mumbai,2017,7000,Diesel,Manual,First,17.1,1956,170.0,5.0,17.45,Jeep,Compass
1766,Coimbatore,2017,71256,Diesel,Manual,First,24.3,1248,88.5,5.0,9.58,Maruti,Vitara
1767,Kochi,2012,83184,Petrol,Manual,First,14.28,1798,138.03,5.0,6.22,Toyota,Corolla
1768,Kolkata,2013,87284,Diesel,Manual,First,15.1,2179,140.0,7.0,7.8,Mahindra,XUV500
1769,Mumbai,2016,7000,Diesel,Automatic,First,20.68,1995,190.0,5.0,27.75,BMW,X1
1770,Pune,2015,29000,Diesel,Manual,Second,22.54,1396,88.73,5.0,7.0,Hyundai,i20
1771,Coimbatore,2017,33552,Diesel,Automatic,First,11.57,2987,254.79,5.0,64.87,Mercedes-Benz,GLE
1772,Bangalore,2013,64000,Diesel,Manual,Second,17.3,1998,163.7,5.0,6.5,Chevrolet,Cruze
1773,Jaipur,2011,82000,Petrol,Manual,Second,18.5,1197,80.0,5.0,2.7,Hyundai,i20
1774,Mumbai,2012,70000,Petrol,Manual,Second,19.4,1198,86.8,5.0,2.5,Honda,Brio
1775,Hyderabad,2013,166194,Diesel,Manual,First,19.3,1461,84.8,7.0,3.9,Nissan,Evalia
1776,Delhi,2015,58000,Petrol,Manual,First,16.47,1198,73.9,5.0,3.95,Volkswagen,Polo
1777,Chennai,2010,77000,Petrol,Manual,Second,20.36,1197,78.9,5.0,2.1,Hyundai,i10
1778,Pune,2009,73204,Diesel,Automatic,Third,18.1,1991,147.9,4.0,3.5,Chevrolet,Cruze
1779,Hyderabad,2007,70000,Petrol,Manual,Second,19.81,1086,68.05,5.0,2.0,Hyundai,i10
1780,Delhi,2014,79870,Diesel,Manual,First,20.77,1248,88.76,7.0,5.35,Maruti,Ertiga
1781,Delhi,2013,90000,Diesel,Manual,First,25.8,1498,98.6,5.0,3.8,Honda,Amaze
1782,Mumbai,2016,17000,Petrol,Automatic,First,15.5,1595,122.0,5.0,17.25,Mercedes-Benz,A
1783,Kochi,2018,46493,Petrol,Manual,First,18.9,1197,81.86,5.0,5.53,Hyundai,Grand
1784,Pune,2009,68000,Petrol,Manual,Third,20.36,1197,78.9,5.0,1.95,Hyundai,i10
1785,Hyderabad,2017,2000,Diesel,Manual,First,28.4,1248,74.0,5.0,8.2,Maruti,Swift
1786,Pune,1999,140000,Petrol,Manual,First,13.0,1343,90.0,5.0,0.9,Honda,City
1787,Pune,2013,255000,Diesel,Manual,Third,12.99,2494,100.6,7.0,6.5,Toyota,Innova
1788,Coimbatore,2014,45535,Diesel,Automatic,First,23.8,1998,112.0,5.0,19.41,Mini,Cooper
1789,Coimbatore,2016,39228,Petrol,Manual,First,15.7,1368,112.4,5.0,6.58,Fiat,Linea
1790,Mumbai,2011,57000,Petrol,Manual,Second,14.49,1399,92.7,5.0,2.1,Chevrolet,Aveo
1791,Chennai,2008,85445,Petrol,Manual,Second,19.81,1086,68.05,5.0,2.0,Hyundai,i10
1792,Delhi,2015,54000,Diesel,Manual,First,24.4,1120,71.0,5.0,3.7,Hyundai,Xcent
1793,Mumbai,2014,53000,Petrol,Automatic,First,23.1,998,67.04,5.0,3.8,Maruti,Celerio
1794,Jaipur,2014,60000,Petrol,Manual,First,20.36,1197,78.9,5.0,3.25,Hyundai,i10
1795,Coimbatore,2015,65668,Diesel,Manual,First,19.87,1461,83.8,5.0,5.53,Renault,Duster
1796,Ahmedabad,2011,100000,Diesel,Automatic,Second,22.69,1995,190.0,5.0,10.9,BMW,3
1797,Kolkata,2018,1800,Petrol,Manual,First,18.9,1197,82.0,5.0,5.1,Hyundai,Grand
1798,Pune,2009,44200,Petrol,Manual,Second,18.0,995,62.0,5.0,1.6,Chevrolet,Spark
1799,Ahmedabad,2018,14000,Petrol,Manual,First,17.4,1497,117.3,5.0,11.25,Honda,City
1800,Chennai,2013,720000,Diesel,Manual,First,20.54,1598,103.6,5.0,5.9,Volkswagen,Vento
1801,Delhi,2012,73000,Diesel,Automatic,First,11.5,2982,169.0,7.0,14.4,Toyota,Fortuner
1802,Delhi,2011,68000,Petrol,Manual,First,17.0,1497,118.0,5.0,3.6,Honda,City
1803,Jaipur,2017,19543,Diesel,Automatic,First,18.12,1995,190.0,5.0,40.5,BMW,5
1804,Bangalore,2014,38000,Diesel,Automatic,Second,14.16,1968,174.3,5.0,38.95,Audi,Q5
1805,Delhi,2014,32805,Diesel,Manual,First,23.2,1248,73.94,5.0,3.6,Maruti,Ritz
1806,Kochi,2016,44782,Diesel,Automatic,First,21.21,1498,103.2,5.0,7.12,Volkswagen,Vento
1807,Kochi,2016,55700,Diesel,Manual,First,26.0,1498,98.6,5.0,7.52,Honda,City
1808,Delhi,2012,60000,Diesel,Automatic,Second,15.2,1968,140.8,5.0,10.35,Audi,A4
1809,Hyderabad,2014,56000,Petrol,Manual,First,15.0,1598,103.52,5.0,7.0,Skoda,Rapid
1810,Delhi,2011,60000,Diesel,Manual,First,11.5,2982,171.0,7.0,10.85,Toyota,Fortuner
1811,Mumbai,2010,78563,Diesel,Manual,First,16.52,1991,123.7,5.0,2.35,Chevrolet,Optra
1812,Mumbai,2014,34669,Petrol,Manual,First,15.1,1196,73.0,7.0,2.9,Maruti,Eeco
1813,Delhi,2017,17000,Petrol,Manual,First,20.73,1373,91.1,5.0,7.65,Maruti,Ciaz
1814,Delhi,2016,66000,Diesel,Manual,First,28.09,1248,88.5,5.0,6.4,Maruti,Ciaz
1815,Pune,2014,102418,Diesel,Manual,First,12.99,2494,100.6,7.0,10.1,Toyota,Innova
1816,Kolkata,2014,48800,Petrol,Manual,First,19.1,1197,85.8,5.0,4.25,Maruti,Swift
1817,Kochi,2019,10601,Diesel,Automatic,First,11.36,2755,171.5,7.0,19.65,Toyota,Innova
1818,Pune,2017,8200,Diesel,Manual,First,25.0,1396,69.0,5.0,4.4,Tata,Indica
1819,Jaipur,2012,100000,Petrol,Manual,First,18.5,1197,82.85,5.0,3.25,Hyundai,i20
1820,Pune,2012,78000,Diesel,Manual,First,17.8,1399,68.0,5.0,2.8,Ford,Fiesta
1821,Kolkata,2015,50000,Diesel,Manual,First,18.2,1248,73.74,8.0,4.3,Chevrolet,Enjoy
1822,Chennai,2006,89327,Diesel,Manual,Third,17.8,1399,68.0,5.0,1.55,Ford,Fiesta
1823,Chennai,2007,98000,Petrol,Manual,Second,10.8,2354,152.0,5.0,4.7,Honda,CR-V
1824,Kochi,2017,24700,Petrol,Manual,First,18.7,1199,88.7,5.0,7.07,Honda,Jazz
1825,Delhi,2018,6000,Diesel,Automatic,First,11.0,2987,258.0,7.0,79.0,Mercedes-Benz,GLS
1826,Delhi,2018,9434,Petrol,Manual,First,18.9,1197,81.86,5.0,5.75,Hyundai,Grand
1827,Mumbai,2012,29000,Petrol,Manual,First,18.5,1197,85.8,5.0,3.25,Maruti,Ritz
1828,Coimbatore,2017,22440,Diesel,Automatic,First,22.0,1498,108.495,5.0,8.89,Volkswagen,Ameo
1829,Mumbai,2015,73070,Petrol,Manual,First,17.4,1497,117.3,5.0,5.9,Honda,City
1830,Kolkata,2016,21771,Petrol,Manual,First,18.7,1199,88.7,5.0,4.95,Honda,Jazz
1831,Delhi,2014,62000,Diesel,Manual,First,17.8,1248,75.0,5.0,3.75,Maruti,Swift
1832,Kochi,2017,37024,Diesel,Automatic,First,17.01,1582,126.2,5.0,10.97,Hyundai,Creta
1833,Kochi,2014,60336,Diesel,Automatic,Second,14.4,2967,241.4,5.0,24.94,Audi,A7
1834,Kolkata,2014,26008,Petrol,Manual,First,21.1,814,55.2,5.0,1.97,Hyundai,EON
1835,Jaipur,2010,90000,Diesel,Manual,Second,20.0,1399,68.0,5.0,1.4,Ford,Figo
1836,Coimbatore,2018,35569,Petrol,Manual,First,17.0,1198,73.75,5.0,7.27,Volkswagen,Ameo
1837,Kolkata,2013,40000,Diesel,Manual,First,21.64,1461,84.8,5.0,4.0,Renault,Scala
1838,Kolkata,2015,45000,Petrol,Manual,First,18.7,1199,88.7,5.0,4.75,Honda,Jazz
1839,Delhi,2015,42000,Petrol,Manual,First,17.0,1197,80.0,5.0,5.1,Hyundai,i20
1840,Coimbatore,2012,46913,Diesel,Automatic,First,14.94,2967,241.4,5.0,16.11,Audi,A4
1841,Delhi,2014,62000,Diesel,Automatic,First,11.18,2696,184.0,7.0,10.55,Mahindra,Ssangyong
1842,Ahmedabad,2017,15000,Diesel,Automatic,First,12.9,2755,174.5,7.0,30.0,Toyota,Fortuner
1843,Kolkata,2002,69000,Diesel,Manual,First,18.7,1896,66.0,5.0,1.6,Skoda,Octavia
1844,Hyderabad,2012,41367,Diesel,Automatic,First,15.8,2148,170.0,5.0,18.49,Mercedes-Benz,New
1845,Kochi,2018,15982,Petrol,Manual,First,20.73,1373,91.1,5.0,9.96,Maruti,Ciaz
1846,Hyderabad,2013,99595,Diesel,Manual,Second,22.9,1248,74.0,5.0,4.75,Maruti,Swift
1847,Delhi,2012,49000,Diesel,Automatic,Second,16.73,2495,218.0,5.0,15.5,BMW,5
1848,Kochi,2013,48272,Diesel,Manual,First,10.5,2835,116.9,6.0,11.82,Mitsubishi,Pajero
1849,Delhi,2008,63000,Petrol,Manual,First,13.4,1794,125.0,5.0,2.05,Toyota,Corolla
1850,Ahmedabad,2016,77000,CNG,Manual,First,35.910000000000004,998,58.16,5.0,3.3,Maruti,Wagon
1851,Mumbai,2013,11734,Petrol,Manual,First,16.8,796,34.2,8.0,2.25,Maruti,Omni
1852,Kochi,2014,62012,Diesel,Automatic,First,17.68,1968,174.33,5.0,20.12,Audi,A6
1853,Chennai,2017,46000,CNG,Manual,First,33.75,1197,81.86,5.0,4.95,Hyundai,Xcent
1854,Coimbatore,2016,45449,Diesel,Manual,First,27.3,1498,98.6,5.0,7.48,Honda,Jazz
1855,Mumbai,2004,85000,Petrol,Automatic,Second,10.5,1796,157.7,5.0,5.5,Mercedes-Benz,E-Class
1856,Kochi,2013,45330,Diesel,Automatic,First,16.55,1968,147.51,5.0,13.19,Audi,A4
1857,Mumbai,2012,88000,Petrol,Manual,First,19.1,1197,85.8,5.0,3.85,Maruti,Swift
1858,Delhi,2016,45376,Diesel,Manual,First,28.4,1248,73.75,5.0,5.75,Maruti,Dzire
1859,Pune,2014,81000,Diesel,Manual,First,15.1,2179,140.0,7.0,9.0,Mahindra,XUV500
1860,Kochi,2012,83381,Petrol,Manual,First,18.6,1199,79.4,5.0,2.21,Chevrolet,Beat
1861,Kochi,2017,78526,Diesel,Manual,First,23.0,1498,98.96,5.0,8.09,Ford,EcoSport
1862,Coimbatore,2017,27313,Diesel,Automatic,First,14.69,2993,258.0,5.0,48.63,BMW,5
1863,Coimbatore,2015,42747,Diesel,Automatic,Second,14.16,1968,174.3,5.0,39.47,Audi,Q5
1864,Coimbatore,2015,42265,Diesel,Automatic,Second,20.68,1995,190.0,5.0,22.24,BMW,X1
1865,Mumbai,2009,21000,Petrol,Automatic,First,19.2,1197,80.0,5.0,2.6,Hyundai,i10
1866,Ahmedabad,2016,55100,Diesel,Automatic,First,17.01,1582,126.2,5.0,12.0,Hyundai,Creta
1867,Chennai,2014,70000,Diesel,Automatic,First,17.11,1968,174.33,5.0,18.0,Audi,A4
1868,Mumbai,2007,55000,Petrol,Automatic,Third,10.13,3498,364.9,5.0,9.99,Mercedes-Benz,S
1869,Kolkata,2012,58235,Petrol,Manual,First,20.36,1197,78.9,5.0,2.45,Hyundai,i10
1870,Mumbai,2017,26000,Diesel,Manual,First,23.0,1498,98.96,5.0,8.99,Ford,EcoSport
1871,Kolkata,2011,35000,Diesel,Manual,First,20.54,1598,103.6,5.0,3.15,Volkswagen,Vento
1872,Jaipur,2017,24000,Diesel,Manual,First,28.4,1248,73.75,5.0,8.2,Maruti,Dzire
1873,Ahmedabad,2016,98000,Diesel,Manual,First,15.4,1997,120.0,7.0,11.5,Mahindra,Scorpio
1874,Coimbatore,2016,44487,Diesel,Manual,First,22.54,1396,88.73,5.0,7.3,Hyundai,i20
1875,Chennai,2008,65000,Petrol,Manual,First,19.7,796,46.3,5.0,1.59,Maruti,Alto
1876,Delhi,2015,34951,Petrol,Manual,Second,20.36,1197,78.9,5.0,3.15,Hyundai,i10
1877,Kolkata,2015,52373,Diesel,Manual,Second,15.4,2179,120.0,7.0,8.5,Mahindra,Scorpio
1878,Hyderabad,2010,66285,Diesel,Manual,First,19.5,1199,75.0,5.0,3.0,Skoda,Fabia
1879,Mumbai,2012,66000,Diesel,Automatic,First,15.3,2993,258.0,5.0,21.0,BMW,X5
1880,Hyderabad,2016,43000,Diesel,Manual,First,27.3,1498,98.6,5.0,7.75,Honda,Jazz
1881,Mumbai,2013,45200,Diesel,Automatic,First,10.0,2148,170.0,5.0,23.0,Mercedes-Benz,E-Class
1882,Mumbai,2016,41000,Diesel,Automatic,First,16.0,2179,140.0,7.0,13.75,Mahindra,XUV500
1883,Kochi,2017,39430,Petrol,Automatic,First,18.0,1497,117.3,5.0,8.29,Honda,City
1884,Coimbatore,2014,83274,Diesel,Manual,First,22.9,1248,74.0,5.0,5.79,Maruti,Swift
1885,Coimbatore,2017,32324,Diesel,Automatic,First,14.84,2143,170.0,5.0,30.5,Mercedes-Benz,New
1886,Mumbai,2011,49999,Petrol,Manual,First,17.0,1497,118.0,5.0,3.8,Honda,City
1887,Bangalore,2014,66000,Diesel,Manual,First,15.3,2956,83.8,7.0,4.45,Tata,Sumo
1888,Delhi,2012,54000,Petrol,Manual,First,18.5,1197,82.85,5.0,3.3,Hyundai,i20
1889,Jaipur,2009,80000,Diesel,Manual,Second,20.4,1248,91.2,5.0,1.75,Fiat,Linea
1890,Bangalore,2011,72000,Petrol,Automatic,Second,12.9,1799,130.0,5.0,5.5,Honda,Civic
1891,Pune,2017,44865,Diesel,Manual,First,19.67,1582,126.2,5.0,13.35,Hyundai,Creta
1892,Delhi,2017,22000,Diesel,Automatic,Second,20.38,1968,143.0,5.0,22.5,Audi,A3
1893,Delhi,2013,57478,Petrol,Manual,Second,17.0,1591,121.3,5.0,5.25,Hyundai,Verna
1894,Hyderabad,2011,75000,Diesel,Manual,First,21.9,1396,90.0,5.0,3.75,Hyundai,i20
1895,Kochi,2015,50624,Diesel,Manual,First,24.2,1498,98.6,7.0,6.32,Honda,Mobilio
1896,Bangalore,2018,75000,Diesel,Automatic,First,22.32,1582,126.32,5.0,7.75,Hyundai,Verna
1897,Chennai,2006,87000,Petrol,Manual,Second,15.3,1596,101.0,5.0,1.37,Ford,Fiesta
1898,Mumbai,2010,62000,Petrol,Manual,First,20.36,1197,78.9,5.0,2.1,Hyundai,i10
1899,Hyderabad,2016,41372,Diesel,Manual,First,24.3,1248,88.5,5.0,9.3,Maruti,Vitara
1900,Ahmedabad,2015,70000,Diesel,Manual,First,12.99,2494,100.6,7.0,12.0,Toyota,Innova
1901,Pune,2017,35000,Diesel,Automatic,First,17.9,2143,136.0,5.0,23.5,Mercedes-Benz,GLA
1902,Hyderabad,2006,71993,Petrol,Manual,First,19.7,796,46.3,5.0,1.8,Maruti,Alto
1903,Chennai,2013,62000,Diesel,Automatic,Second,14.84,2143,170.0,5.0,12.5,Mercedes-Benz,New
1904,Delhi,2015,51000,Diesel,Manual,First,22.9,1248,74.0,5.0,4.74,Maruti,Swift
1905,Kochi,2016,26038,Petrol,Manual,First,18.9,1197,82.0,5.0,5.43,Hyundai,Grand
1906,Kochi,2018,37713,Diesel,Automatic,Second,12.55,2982,168.5,7.0,31.62,Toyota,Fortuner
1907,Kolkata,2011,78088,Petrol,Manual,First,12.4,1998,132.0,8.0,6.3,Toyota,Innova
1908,Kochi,2017,30453,Diesel,Manual,First,22.77,1498,98.59,5.0,8.45,Ford,EcoSport
1909,Pune,2016,54000,Petrol,Manual,First,18.16,1196,86.8,5.0,5.0,Ford,Figo
1910,Chennai,2011,190000,Diesel,Manual,First,11.5,2982,171.0,7.0,13.0,Toyota,Fortuner
1911,Hyderabad,2012,65097,Petrol,Manual,First,19.1,1197,85.8,5.0,4.7,Maruti,Swift
1912,Coimbatore,2018,28060,Petrol,Automatic,First,12.05,2979,320.0,5.0,93.67,BMW,7
1913,Pune,2012,282000,Petrol,Manual,First,13.14,1798,160.0,5.0,3.3,Skoda,Superb
1914,Jaipur,2009,111000,Petrol,Manual,Second,18.9,1061,67.0,5.0,1.51,Maruti,Wagon
1915,Kochi,2013,63295,Diesel,Manual,First,19.01,1461,108.45,5.0,6.09,Renault,Duster
1916,Mumbai,2015,35770,Petrol,Manual,First,20.73,1373,91.1,5.0,5.95,Maruti,Ciaz
1917,Hyderabad,2012,125928,Diesel,Manual,First,22.7,1582,126.24,5.0,9.0,Hyundai,Elantra
1918,Kolkata,2015,45000,Diesel,Automatic,First,21.66,1498,103.52,5.0,4.25,Skoda,Rapid
1919,Hyderabad,2013,21000,Diesel,Automatic,First,14.84,2143,170.0,5.0,23.5,Mercedes-Benz,New
1920,Mumbai,2011,54774,Petrol,Automatic,First,11.7,2354,177.6,5.0,6.35,Honda,Accord
1921,Chennai,2014,41123,Petrol,Manual,First,23.1,998,67.04,5.0,3.4,Maruti,Celerio
1922,Bangalore,2017,17465,Petrol,Automatic,First,12.05,2979,320.0,5.0,93.0,BMW,7
1923,Chennai,2014,48000,Diesel,Automatic,First,22.69,1995,190.0,5.0,21.6,BMW,3
1924,Chennai,2011,173000,Diesel,Manual,First,20.54,1598,103.6,5.0,4.0,Volkswagen,Vento
1925,Pune,2018,12000,Diesel,Manual,First,23.4,1248,74.0,5.0,5.5,Maruti,Swift
1926,Mumbai,2012,34000,Diesel,Automatic,First,12.39,2179,147.51,5.0,19.25,Land,Rover
1927,Hyderabad,2012,71360,Diesel,Manual,First,21.9,1396,90.0,5.0,3.95,Hyundai,i20
1928,Mumbai,2012,74000,Diesel,Manual,Second,28.4,1248,73.75,5.0,4.25,Maruti,Dzire
1929,Kochi,2018,28937,Diesel,Manual,First,17.1,1956,170.0,5.0,17.02,Jeep,Compass
1930,Hyderabad,2012,82085,Diesel,Manual,First,20.77,1248,88.76,7.0,6.5,Maruti,Ertiga
1931,Bangalore,2011,68465,Petrol,Manual,First,15.6,1196,70.0,5.0,2.95,Ford,Figo
1932,Coimbatore,2013,63854,Diesel,Manual,First,21.43,1364,86.79,5.0,7.12,Toyota,Corolla
1933,Chennai,2018,3000,Diesel,Automatic,First,24.3,1248,88.5,5.0,11.25,Maruti,Vitara
1934,Delhi,2009,65055,Petrol,Manual,First,17.0,1497,118.0,5.0,2.75,Honda,City
1935,Hyderabad,2015,120000,Diesel,Manual,First,15.4,2179,120.0,7.0,12.0,Mahindra,Scorpio
1936,Mumbai,2014,64241,Petrol,Manual,First,20.14,1197,81.86,5.0,3.67,Hyundai,Xcent
1937,Pune,2008,2200,Petrol,Manual,First,15.7,1390,75.0,5.0,2.3,Mahindra,Renault
1938,Pune,2008,88123,Diesel,Manual,First,18.7,1896,66.0,5.0,2.2,Skoda,Octavia
1939,Pune,2014,79000,Diesel,Automatic,First,12.0,2987,224.0,7.0,41.0,Mercedes-Benz,GL-Class
1940,Bangalore,2016,28143,Diesel,Automatic,First,20.68,1995,190.0,5.0,28.5,BMW,X1
1941,Mumbai,2015,23001,Petrol,Manual,First,15.04,1598,103.2,5.0,5.49,Volkswagen,Vento
1942,Ahmedabad,2013,82002,Diesel,Automatic,Second,16.55,1968,147.51,5.0,17.5,Audi,A4
1943,Bangalore,2009,75000,Diesel,Manual,First,13.8,1399,68.0,5.0,1.99,Ford,Ikon
1944,Kochi,2016,37451,Diesel,Manual,First,22.32,1582,126.3,5.0,6.64,Hyundai,Verna
1945,Hyderabad,2017,67000,Diesel,Manual,First,13.68,2393,147.8,7.0,16.5,Toyota,Innova
1946,Pune,2016,25000,Petrol,Manual,First,18.9,1197,82.0,5.0,5.0,Hyundai,Grand
1947,Mumbai,2017,12000,Petrol,Manual,First,17.0,1198,73.75,5.0,5.4,Volkswagen,Ameo
1948,Kolkata,2017,25000,Petrol,Manual,First,25.17,799,53.3,5.0,2.99,Renault,KWID
1949,Jaipur,2011,95936,Petrol,Manual,First,17.0,1497,118.0,5.0,4.1,Honda,City
1950,Kochi,2018,5354,Petrol,Automatic,First,18.9,1197,81.86,5.0,6.76,Hyundai,Grand
1951,Chennai,2016,42000,Petrol,Manual,Second,18.78,999,75.0,5.0,5.5,Volkswagen,Polo
1952,Coimbatore,2014,44282,Diesel,Manual,First,25.2,1248,74.0,5.0,5.99,Maruti,Swift
1953,Delhi,2012,70000,Diesel,Manual,First,21.64,1461,84.8,5.0,2.59,Nissan,Sunny
1954,Mumbai,2013,31400,Diesel,Automatic,First,16.36,2179,187.7,5.0,26.75,Jaguar,XF
1955,Pune,2016,50000,Diesel,Manual,First,28.09,1248,88.5,5.0,8.5,Maruti,Ciaz
1956,Bangalore,2011,53000,Diesel,Automatic,First,12.8,1968,167.6,5.0,23.0,Audi,Q5
1957,Pune,2014,21727,Petrol,Manual,First,15.6,1196,70.02,5.0,3.35,Ford,Figo
1958,Bangalore,2012,43000,Diesel,Automatic,Second,11.72,2199,194.3,7.0,10.75,Hyundai,Santa
1959,Kolkata,2013,75000,Diesel,Manual,First,12.05,2179,120.0,8.0,6.29,Mahindra,Scorpio
1960,Bangalore,2014,73557,Diesel,Manual,First,19.6,1461,108.45,5.0,7.75,Renault,Duster
1961,Delhi,2012,44555,Diesel,Automatic,First,15.2,1968,140.8,5.0,13.5,Audi,A4
1962,Coimbatore,2013,54885,Petrol,Manual,First,15.1,1196,73.0,7.0,3.75,Maruti,Eeco
1963,Mumbai,2011,76000,Diesel,Manual,Second,14.0,2498,112.0,7.0,3.75,Mahindra,Xylo
1964,Jaipur,2006,101000,Petrol,Manual,Second,18.9,998,67.1,5.0,1.5,Maruti,Wagon
1965,Chennai,2005,66000,Petrol,Manual,First,14.0,1061,64.0,5.0,1.45,Maruti,Wagon
1966,Coimbatore,2013,84360,Petrol,Manual,First,15.5,1586,103.3,5.0,4.12,Maruti,SX4
1967,Mumbai,2016,25121,Diesel,Manual,First,13.68,2393,147.8,7.0,17.11,Toyota,Innova
1968,Pune,2015,100000,Diesel,Manual,Second,12.99,2494,100.6,7.0,10.25,Toyota,Innova
1969,Kolkata,2011,66035,Diesel,Manual,First,22.07,1199,73.9,5.0,2.49,Volkswagen,Polo
1970,Pune,2015,190000,Petrol,Manual,Second,16.78,1496,88.73,5.0,3.85,Toyota,Etios
1971,Hyderabad,2014,85670,Diesel,Manual,First,22.7,1498,89.84,5.0,6.25,Ford,Ecosport
1972,Hyderabad,2015,35000,Diesel,Manual,First,24.0,1120,70.0,5.0,4.88,Hyundai,Grand
1973,Mumbai,2016,8000,Petrol,Automatic,First,18.0,1497,117.3,5.0,9.45,Honda,City
1974,Hyderabad,2007,162000,Diesel,Manual,Second,12.8,2494,102.0,8.0,4.8,Toyota,Innova
1975,Kolkata,2012,60000,Petrol,Manual,First,21.1,814,55.2,5.0,1.99,Hyundai,EON
1976,Hyderabad,2010,70600,Petrol,Manual,First,20.36,1197,78.9,5.0,2.8,Hyundai,i10
1977,Bangalore,2011,25000,Petrol,Automatic,Second,12.3,1796,185.0,5.0,22.0,Mercedes-Benz,E-Class
1978,Hyderabad,2012,75000,Diesel,Manual,First,15.96,2523,62.1,7.0,4.3,Mahindra,Bolero
1979,Coimbatore,2014,85071,Diesel,Automatic,First,20.0,1968,138.1,5.0,9.75,Skoda,Laura
1980,Ahmedabad,2015,40000,Petrol,Manual,First,20.4,1197,81.8,5.0,5.9,Maruti,Swift
1981,Delhi,2013,67000,Diesel,Automatic,First,16.55,1968,147.51,5.0,14.5,Audi,A4
1982,Hyderabad,2009,55000,Diesel,Manual,Second,17.8,1399,68.0,5.0,2.4,Ford,Fiesta
1983,Mumbai,2008,62000,Petrol,Manual,Second,15.0,1586,104.68,5.0,2.11,Maruti,SX4
1984,Coimbatore,2017,22526,Petrol,Automatic,First,18.9,1197,82.0,5.0,7.6,Hyundai,Grand
1985,Hyderabad,2012,57788,Petrol,Automatic,First,17.16,1197,85.8,5.0,3.6,Maruti,Ritz
1986,Jaipur,2013,72000,Diesel,Manual,First,10.5,2179,120.0,8.0,6.0,Mahindra,Scorpio
1987,Mumbai,2014,83128,Diesel,Manual,First,15.4,2179,120.0,7.0,7.45,Mahindra,Scorpio
1988,Chennai,2011,75000,Petrol,Manual,First,19.7,796,46.3,5.0,2.1,Maruti,Alto
1989,Ahmedabad,2013,58000,Diesel,Manual,Second,19.01,1461,108.45,5.0,5.2,Renault,Duster
1990,Mumbai,2017,1000,Petrol,Manual,First,20.89,1197,81.8,5.0,6.36,Maruti,Ignis
1991,Kochi,2015,59751,Diesel,Manual,First,12.99,2494,100.6,7.0,11.62,Toyota,Innova
1992,Kochi,2015,29966,Diesel,Automatic,Second,16.77,2993,261.49,5.0,43.6,BMW,7
1993,Kolkata,2009,65000,Diesel,Manual,Second,13.6,1991,142.0,5.0,4.9,Hyundai,Sonata
1994,Kochi,2015,75863,Diesel,Manual,First,19.01,1461,108.45,5.0,6.7,Renault,Duster
1995,Mumbai,2013,54000,CNG,Manual,First,45.279,998,67.04,5.0,3.05,Maruti,Wagon
1996,Bangalore,2014,24000,Diesel,Automatic,First,17.11,1968,174.33,5.0,25.0,Audi,A4
1997,Coimbatore,2018,33218,Diesel,Manual,First,17.1,1956,170.0,5.0,19.05,Jeep,Compass
1998,Kolkata,2015,33425,Petrol,Manual,First,17.43,1396,105.5,5.0,4.5,Hyundai,Verna
1999,Pune,2013,47000,Petrol,Manual,First,18.0,1198,86.7,5.0,4.15,Honda,Amaze
2000,Chennai,2015,41000,Diesel,Manual,First,19.67,1582,126.2,5.0,11.9,Hyundai,Creta
2001,Delhi,2011,62000,Petrol,Manual,First,19.81,1086,68.05,5.0,2.1,Hyundai,i10
2002,Delhi,2016,47035,Diesel,Manual,First,18.49,1493,100.0,7.0,6.95,Mahindra,TUV
2003,Pune,2008,56230,Petrol,Manual,Second,17.5,1298,85.8,5.0,2.4,Maruti,Swift
2004,Chennai,2007,55000,Petrol,Manual,First,13.2,1495,94.0,5.0,2.65,Hyundai,Accent
2005,Jaipur,2014,70669,Diesel,Manual,First,15.1,2179,140.0,7.0,9.0,Mahindra,XUV500
2006,Pune,2012,69000,Petrol,Manual,First,20.92,998,67.1,5.0,2.1,Maruti,Alto
2007,Pune,2011,65000,Petrol,Manual,Second,18.6,1199,79.4,5.0,2.5,Chevrolet,Beat
2008,Mumbai,2009,30000,Diesel,Automatic,First,12.4,2698,179.5,5.0,8.95,Audi,A6
2009,Hyderabad,2017,2000,Diesel,Automatic,First,20.7,1496,113.98,5.0,34.0,Mini,Cooper
2010,Chennai,2015,40000,Petrol,Manual,First,17.57,1193,88.7,5.0,4.0,Tata,Zest
2011,Kolkata,2014,40000,Diesel,Manual,First,26.0,1498,98.6,5.0,4.45,Honda,City
2012,Jaipur,2010,26000,Petrol,Manual,First,18.6,1199,79.4,5.0,1.5,Chevrolet,Beat
2013,Jaipur,2011,105000,Diesel,Automatic,Second,16.55,1968,140.0,5.0,14.5,Audi,A4
2014,Kolkata,2015,2800,Diesel,Manual,First,26.1,1498,99.0,5.0,8.41,Ford,Aspire
2015,Mumbai,2014,71000,Diesel,Automatic,Second,19.08,1582,126.32,5.0,5.45,Hyundai,Verna
2016,Mumbai,2015,32896,Petrol,Automatic,First,18.0,1497,117.3,5.0,8.9,Honda,City
2017,Hyderabad,2012,45000,Petrol,Manual,First,20.36,1197,78.9,5.0,3.65,Hyundai,i10
2018,Bangalore,2015,65000,Diesel,Automatic,Second,18.56,1995,190.0,5.0,29.0,BMW,X3
2019,Mumbai,2013,45200,Diesel,Automatic,First,16.55,1968,147.51,5.0,13.5,Audi,A4
2020,Hyderabad,2008,82167,Petrol,Automatic,First,10.1,2354,152.0,5.0,5.4,Honda,CR-V
2021,Coimbatore,2016,37429,Petrol,Manual,First,18.9,1197,81.86,5.0,5.89,Hyundai,Grand
2022,Hyderabad,2016,46000,Diesel,Manual,First,28.09,1248,88.5,5.0,8.45,Maruti,Ciaz
2023,Delhi,2011,67031,Petrol,Manual,First,17.4,1497,117.3,5.0,4.0,Honda,City
2024,Mumbai,2013,30000,Diesel,Automatic,First,9.52,2993,313.0,4.0,45.0,BMW,6
2025,Mumbai,2016,47691,Petrol,Automatic,First,23.1,998,67.04,5.0,3.94,Maruti,Celerio
2026,Jaipur,2011,32531,Diesel,Automatic,Second,13.73,1995,148.0,5.0,8.0,Renault,Koleos
2027,Hyderabad,2013,71336,Diesel,Manual,First,20.0,1399,68.0,5.0,4.1,Ford,Figo
2028,Chennai,2006,196000,Diesel,Manual,First,12.8,2494,102.0,7.0,6.25,Toyota,Innova
2029,Kolkata,2015,28193,Diesel,Manual,First,28.4,1248,73.75,5.0,5.25,Maruti,Dzire
2030,Coimbatore,2019,2526,Petrol,Automatic,First,19.0,2996,362.07,2.0,83.96,Mercedes-Benz,SLC
2031,Hyderabad,2013,85000,Diesel,Automatic,First,16.1,1950,194.0,5.0,21.0,Mercedes-Benz,E-Class
2032,Ahmedabad,2015,20780,Petrol,Manual,First,18.9,1197,81.86,5.0,4.3,Hyundai,Grand
2033,Mumbai,2014,43081,Petrol,Manual,First,17.3,1497,117.3,7.0,5.25,Honda,Mobilio
2034,Mumbai,2010,35000,Petrol,Automatic,Second,11.9,4806,550.0,5.0,32.0,Porsche,Cayenne
2035,Kolkata,2013,36000,Diesel,Manual,First,17.21,1493,100.0,7.0,3.9,Mahindra,Quanto
2036,Mumbai,2007,67000,Petrol,Manual,Third,13.4,1794,125.0,5.0,2.2,Toyota,Corolla
2037,Mumbai,2016,34079,Diesel,Manual,First,25.32,1198,77.0,6.0,3.7,Mahindra,KUV
2038,Coimbatore,2010,77849,Petrol,Automatic,Second,10.9,2497,215.0,5.0,11.27,BMW,3
2039,Jaipur,2013,86000,Petrol,Manual,First,22.74,796,47.3,5.0,2.41,Maruti,Alto
2040,Pune,2015,110000,Diesel,Automatic,First,15.73,1968,174.33,5.0,19.0,Audi,Q3
2041,Hyderabad,2015,116000,Diesel,Manual,Second,23.59,1364,67.05,5.0,5.8,Toyota,Etios
2042,Coimbatore,2016,41840,Diesel,Manual,First,15.1,2179,140.0,7.0,13.52,Mahindra,XUV500
2043,Hyderabad,2015,19317,Diesel,Manual,First,13.0,2982,168.7,7.0,24.5,Toyota,Fortuner
2044,Pune,2014,41000,CNG,Manual,First,33.21,1193,55.23,5.0,3.25,Tata,Indigo
2045,Kochi,2017,25601,Diesel,Automatic,First,17.9,2143,201.15,5.0,56.73,Mercedes-Benz,GLE
2046,Jaipur,2015,83950,Diesel,Manual,First,19.67,1582,126.2,5.0,9.95,Hyundai,Creta
2047,Pune,2012,60000,Petrol,Automatic,First,16.8,1497,118.0,5.0,5.5,Honda,City
2048,Hyderabad,2015,50000,Diesel,Automatic,First,17.11,1968,174.33,5.0,25.0,Audi,A4
2049,Kolkata,2009,37000,Petrol,Manual,First,17.3,993,60.0,5.0,1.0,Maruti,Zen
2050,Hyderabad,2011,76976,Petrol,Manual,Second,19.7,796,46.3,5.0,2.15,Maruti,Alto
2051,Kochi,2018,21684,Petrol,Automatic,First,21.4,1197,83.1,5.0,7.89,Maruti,Baleno
2052,Delhi,2015,62000,Diesel,Manual,First,16.0,2179,140.0,7.0,10.25,Mahindra,XUV500
2053,Mumbai,2007,1261,Petrol,Manual,First,19.0,1194,94.68,5.0,6.0,Ford,Freestyle
2054,Coimbatore,2017,59450,Petrol,Manual,First,18.6,1197,81.86,5.0,7.53,Hyundai,Elite
2055,Coimbatore,2018,24465,Diesel,Automatic,First,19.27,2143,167.62,5.0,39.45,Mercedes-Benz,New
2056,Delhi,2014,55000,Petrol,Manual,First,17.8,1497,117.3,5.0,5.84,Honda,City
2057,Mumbai,2017,2000,Petrol,Manual,First,18.88,1499,110.4,5.0,8.65,Ford,EcoSport
2058,Kochi,2017,25040,Petrol,Manual,First,21.4,1197,83.1,5.0,7.74,Maruti,Baleno
2059,Bangalore,2008,84000,Petrol,Manual,First,20.36,1197,78.9,5.0,2.5,Hyundai,i10
2060,Pune,2007,170428,Diesel,Manual,Second,12.8,2494,102.0,8.0,5.7,Toyota,Innova
2061,Mumbai,2016,12573,Petrol,Manual,First,21.4,1197,83.1,5.0,5.8,Maruti,Baleno
2062,Hyderabad,2012,88000,Diesel,Automatic,First,12.07,2967,241.4,7.0,36.5,Audi,Q7
2063,Delhi,2012,86000,Diesel,Automatic,Second,13.01,2199,194.3,7.0,9.5,Hyundai,Santa
2064,Mumbai,2013,45000,Petrol,Manual,First,17.0,1497,118.0,5.0,4.55,Honda,City
2065,Jaipur,2012,51000,Diesel,Manual,First,21.9,1396,90.0,5.0,3.9,Hyundai,i20
2066,Pune,2007,92000,Diesel,Manual,First,13.6,2523,63.0,7.0,2.7,Mahindra,Bolero
2067,Pune,2017,29000,Diesel,Automatic,First,12.9,2755,174.5,7.0,31.0,Toyota,Fortuner
2068,Bangalore,2009,70521,Petrol,Automatic,Second,10.9,2497,215.0,5.0,10.3,BMW,3
2069,Kolkata,2010,51000,Diesel,Automatic,First,16.07,1995,181.0,5.0,7.75,BMW,3
2070,Hyderabad,2012,52618,Petrol,Manual,First,18.9,998,67.1,5.0,3.2,Maruti,Wagon
2071,Delhi,2013,68000,Diesel,Manual,First,25.47,1248,88.5,7.0,4.85,Maruti,Ertiga
2072,Kochi,2016,29022,Diesel,Automatic,Second,15.68,1999,177.0,5.0,34.08,Land,Rover
2073,Chennai,2017,80000,Diesel,Manual,First,24.52,1248,88.5,7.0,8.1,Maruti,Ertiga
2074,Chennai,2016,78000,Diesel,Manual,Second,25.0,1396,69.01,5.0,2.35,Tata,Indigo
2075,Pune,2012,100000,Petrol,Manual,First,20.92,998,67.1,5.0,1.8,Maruti,Alto
2076,Coimbatore,2015,31412,Petrol,Manual,First,21.1,814,55.2,5.0,3.42,Hyundai,EON
2077,Mumbai,2010,78000,Diesel,Automatic,Second,11.4,2953,153.86,7.0,5.34,Ford,Endeavour
2078,Hyderabad,2018,14000,Diesel,Automatic,First,12.62,2198,158.0,7.0,31.99,Ford,Endeavour
2079,Bangalore,2011,80000,Diesel,Manual,First,20.54,1598,103.6,5.0,4.75,Volkswagen,Vento
2080,Mumbai,2014,46738,Petrol,Automatic,First,19.12,1373,91.1,5.0,6.1,Maruti,Ciaz
2081,Coimbatore,2013,54884,Petrol,Manual,Second,21.1,814,55.2,5.0,3.69,Hyundai,EON
2082,Delhi,2012,74500,Diesel,Automatic,Second,14.16,1968,174.3,5.0,15.0,Audi,Q5
2083,Coimbatore,2016,67472,Diesel,Manual,First,16.0,2179,140.0,7.0,14.5,Mahindra,XUV500
2084,Hyderabad,2013,84000,Diesel,Manual,First,28.4,1248,74.0,5.0,5.65,Maruti,Swift
2085,Kolkata,2011,77400,Diesel,Manual,First,21.1,1248,73.9,5.0,2.5,Maruti,Ritz
2086,Mumbai,2017,14470,Diesel,Automatic,First,19.71,2143,201.15,5.0,38.5,Mercedes-Benz,New
2087,Kolkata,2014,52108,Diesel,Manual,First,19.01,1461,108.45,5.0,5.49,Renault,Duster
2088,Kolkata,2013,40000,Petrol,Manual,First,19.1,1197,85.8,5.0,3.55,Maruti,Swift
2089,Jaipur,2014,105044,Diesel,Manual,First,12.99,2494,100.6,7.0,10.75,Toyota,Innova
2090,Delhi,2016,24347,Petrol,Manual,First,15.8,1591,121.3,5.0,11.0,Hyundai,Creta
2091,Ahmedabad,2014,58000,Diesel,Manual,First,21.79,1248,88.73,5.0,4.5,Maruti,SX4
2092,Kochi,2014,49663,Diesel,Manual,First,15.1,2179,140.0,7.0,8.42,Mahindra,XUV500
2093,Mumbai,2017,17000,Petrol,Automatic,First,18.0,1497,117.3,5.0,11.6,Honda,City
2094,Kochi,2016,13418,Diesel,Automatic,First,16.36,2179,187.7,5.0,33.63,Jaguar,XF
2095,Pune,2008,117080,Diesel,Manual,Third,17.8,1399,68.0,5.0,2.25,Ford,Fiesta
2096,Mumbai,2010,74000,Petrol,Automatic,First,10.8,2497,150.0,5.0,12.95,BMW,5
2097,Coimbatore,2014,66882,Diesel,Automatic,First,17.68,1968,174.33,5.0,25.02,Audi,A6
2098,Kochi,2014,41460,Petrol,Manual,First,18.5,1198,86.8,5.0,3.95,Honda,Brio
2099,Mumbai,2011,57000,Petrol,Automatic,First,16.8,1497,118.0,5.0,4.4,Honda,City
2100,Bangalore,2015,34010,Petrol,Manual,Third,16.47,1198,73.9,5.0,4.95,Volkswagen,Polo
2101,Pune,2010,96813,Diesel,Manual,Second,12.05,2179,120.0,8.0,5.5,Mahindra,Scorpio
2102,Mumbai,2011,84000,Petrol,Manual,First,16.8,1497,116.3,5.0,3.25,Honda,City
2103,Kochi,2013,50004,Petrol,Manual,First,15.0,1598,103.5,5.0,4.02,Skoda,Rapid
2104,Coimbatore,2016,67995,Diesel,Manual,First,16.0,2179,140.0,7.0,11.73,Mahindra,XUV500
2105,Chennai,2012,55000,Diesel,Manual,First,15.0,1896,105.0,5.0,9.5,Volkswagen,Jetta
2106,Hyderabad,2017,14900,Petrol,Automatic,First,21.4,1197,83.1,5.0,8.6,Maruti,Baleno
2107,Jaipur,2013,70961,Diesel,Manual,First,25.8,1498,98.6,5.0,4.0,Honda,Amaze
2108,Mumbai,2015,40194,Petrol,Manual,First,15.04,1598,103.2,5.0,5.55,Volkswagen,Vento
2109,Hyderabad,2015,96000,Petrol,Manual,First,22.74,796,47.3,5.0,2.5,Maruti,Alto
2110,Mumbai,2017,35000,Diesel,Automatic,First,18.0,2993,255.0,7.0,41.6,Land,Rover
2111,Delhi,2015,50000,Petrol,Automatic,First,18.0,1497,117.3,5.0,7.41,Honda,City
2112,Mumbai,2014,50000,Diesel,Manual,First,19.01,1461,108.5,5.0,6.5,Nissan,Terrano
2113,Mumbai,2008,26299,Petrol,Manual,First,19.7,796,46.3,5.0,1.2,Maruti,Alto
2114,Bangalore,2015,150386,Diesel,Manual,First,14.24,2755,174.5,7.0,23.0,Toyota,Fortuner
2115,Kolkata,2012,60000,Diesel,Manual,First,21.9,1396,90.0,5.0,2.74,Hyundai,i20
2116,Hyderabad,2013,65000,Diesel,Manual,First,20.0,1399,68.0,5.0,3.9,Ford,Figo
2117,Ahmedabad,2017,80000,Diesel,Manual,First,24.3,1248,88.5,5.0,8.0,Maruti,Vitara
2118,Chennai,2012,92000,Diesel,Manual,Third,22.32,1582,126.32,5.0,4.0,Hyundai,Verna
2119,Mumbai,2016,13000,Petrol,Automatic,First,12.95,1999,152.88,5.0,17.75,Hyundai,Tucson
2120,Coimbatore,2013,73278,Diesel,Manual,First,21.1,1248,73.9,5.0,5.05,Maruti,Ritz
2121,Mumbai,2011,38000,Petrol,Automatic,First,10.8,1984,132.0,5.0,12.0,Audi,A4
2122,Kochi,2016,46936,Diesel,Automatic,First,13.0,2143,204.0,5.0,29.6,Mercedes-Benz,E-Class
2123,Jaipur,2015,55000,Diesel,Manual,First,19.87,1461,83.8,5.0,6.5,Renault,Duster
2124,Mumbai,2014,19000,Petrol,Automatic,First,15.5,1198,86.7,5.0,4.75,Honda,Amaze
2125,Coimbatore,2016,42259,Diesel,Automatic,First,9.0,1984,181.0,5.0,24.36,Volvo,S60
2126,Mumbai,2011,14000,Petrol,Manual,Second,17.5,1197,85.8,5.0,3.2,Maruti,Swift
2127,Kolkata,2016,16956,Petrol,Manual,First,22.5,998,67.04,5.0,3.6,Maruti,Wagon
2128,Coimbatore,2017,15473,Petrol,Manual,First,16.8,796,34.2,5.0,3.58,Maruti,Omni
2129,Delhi,2011,75000,Diesel,Manual,First,21.5,1248,88.8,5.0,2.5,Maruti,SX4
2130,Ahmedabad,2013,96000,Diesel,Manual,Second,23.5,1498,90.0,5.0,3.5,Ford,Fiesta
2131,Delhi,2015,25000,Petrol,Automatic,First,19.16,2494,158.2,5.0,25.0,Toyota,Camry
2132,Mumbai,2010,38000,Petrol,Manual,Second,22.5,998,67.04,5.0,1.75,Maruti,Wagon
2133,Bangalore,2005,54000,Diesel,Automatic,First,11.0,2987,198.5,5.0,10.0,Mercedes-Benz,E-Class
2134,Jaipur,2018,4131,Petrol,Automatic,First,21.4,1197,83.1,5.0,7.75,Maruti,Baleno
2135,Hyderabad,2016,31700,Petrol,Manual,First,18.7,1199,88.7,5.0,6.45,Honda,Jazz
2136,Pune,2017,66988,Diesel,Automatic,First,15.4,2179,120.0,7.0,10.0,Mahindra,Scorpio
2137,Mumbai,2014,54230,Petrol,Manual,First,16.47,1198,74.0,5.0,4.5,Volkswagen,Polo
2138,Kolkata,2015,35000,Petrol,Manual,First,17.0,1197,80.0,5.0,3.4,Hyundai,i20
2139,Mumbai,2010,62714,Petrol,Automatic,First,12.1,2362,164.7,5.0,4.5,Toyota,Camry
2140,Hyderabad,2015,45295,Petrol,Manual,First,18.9,998,67.1,5.0,4.3,Maruti,Wagon
2141,Pune,2018,7000,Diesel,Automatic,First,18.12,1995,190.0,5.0,46.0,BMW,5
2142,Chennai,2016,57000,Petrol,Automatic,First,24.07,998,67.1,5.0,3.4,Maruti,Alto
2143,Delhi,2013,40100,Diesel,Automatic,First,14.84,2143,170.0,5.0,14.5,Mercedes-Benz,New
2144,Delhi,2013,56000,Petrol,Manual,First,24.7,796,47.3,5.0,2.1,Maruti,Alto
2145,Mumbai,2012,15000,Petrol,Manual,First,18.6,1197,85.8,5.0,3.65,Maruti,Swift
2146,Kolkata,2014,14000,Petrol,Manual,First,18.2,1199,82.5,5.0,3.0,Chevrolet,Sail
2147,Ahmedabad,2009,68000,Diesel,Manual,Second,23.0,1396,90.0,5.0,3.95,Hyundai,i20
2148,Delhi,2012,83000,Diesel,Automatic,First,11.9,2496,163.2,5.0,6.75,Skoda,Superb
2149,Kochi,2013,81504,Diesel,Manual,First,21.43,1364,87.2,5.0,6.53,Toyota,Corolla
2150,Hyderabad,2015,73500,Diesel,Manual,First,13.0,2982,168.5,7.0,22.0,Toyota,Fortuner
2151,Pune,2013,52900,Petrol,Automatic,First,14.3,1598,103.52,5.0,4.75,Skoda,Rapid
2152,Mumbai,2017,20000,Petrol,Automatic,First,16.5,1198,86.8,5.0,5.99,Honda,Brio
2153,Jaipur,2011,46000,Petrol,Manual,First,16.47,1198,73.9,5.0,3.05,Volkswagen,Polo
2154,Delhi,2010,65000,Petrol,Manual,First,16.47,1198,73.9,5.0,2.4,Volkswagen,Polo
2155,Pune,2007,42000,Petrol,Manual,Third,18.2,998,67.1,5.0,1.3,Maruti,Zen
2156,Kochi,2016,36681,Diesel,Manual,First,23.59,1364,67.06,5.0,6.71,Toyota,Etios
2157,Ahmedabad,2014,67000,Diesel,Manual,Second,15.1,2179,140.0,7.0,7.2,Mahindra,XUV500
2158,Chennai,2016,18000,Petrol,Automatic,First,18.9,1197,82.0,5.0,5.4,Hyundai,Grand
2159,Kochi,2015,56409,Diesel,Manual,First,22.7,1498,89.84,5.0,6.63,Ford,Ecosport
2160,Mumbai,2016,65263,CNG,Manual,First,23.625,1373,80.46,7.0,7.5,Maruti,Ertiga
2161,Coimbatore,2018,20300,Petrol,Automatic,First,18.0,1497,117.3,5.0,14.21,Honda,City
2162,Kolkata,2010,45008,Petrol,Manual,First,17.0,1497,118.0,5.0,3.0,Honda,City
2163,Kochi,2017,21799,Petrol,Manual,First,23.1,998,67.04,5.0,5.11,Maruti,Celerio
2164,Pune,2011,57328,Petrol,Manual,First,15.04,1598,103.6,5.0,3.39,Volkswagen,Vento
2165,Hyderabad,2017,35358,Diesel,Automatic,First,11.36,2755,171.5,7.0,22.99,Toyota,Innova
2166,Delhi,2009,46946,Petrol,Manual,Second,18.5,1197,80.0,5.0,2.35,Hyundai,i20
2167,Kolkata,2012,39772,Diesel,Manual,First,23.2,1248,73.94,5.0,2.85,Maruti,Ritz
2168,Delhi,2014,58000,Diesel,Automatic,First,17.68,1968,174.33,5.0,18.5,Audi,A6
2169,Bangalore,2014,52000,Petrol,Manual,First,13.24,1598,102.57,5.0,5.99,Renault,Duster
2170,Hyderabad,2008,152000,Petrol,Manual,Second,13.5,1799,130.0,5.0,3.0,Honda,Civic
2171,Jaipur,2016,42700,Petrol,Manual,First,23.84,1199,84.0,5.0,3.6,Tata,Tiago
2172,Hyderabad,2014,60000,Diesel,Automatic,First,16.55,1968,147.51,5.0,24.0,Audi,A4
2173,Coimbatore,2015,33195,Petrol,Manual,First,19.1,1197,85.8,5.0,6.26,Maruti,Swift
2174,Hyderabad,2010,110000,Diesel,Manual,First,14.24,2755,174.5,7.0,13.7,Toyota,Fortuner
2175,Mumbai,2016,52000,Diesel,Automatic,First,15.26,2143,203.2,5.0,35.0,Mercedes-Benz,M-Class
2176,Kochi,2015,64399,Diesel,Manual,First,21.9,1396,90.0,5.0,5.02,Hyundai,i20
2177,Mumbai,2015,55000,Petrol,Manual,First,21.5,1197,81.8,5.0,3.1,Maruti,Wagon
2178,Bangalore,2012,50000,Diesel,Manual,First,20.54,1598,103.6,5.0,5.5,Volkswagen,Vento
2179,Kolkata,2014,33485,Petrol,Manual,First,19.1,1197,85.8,5.0,3.59,Maruti,Swift
2180,Kolkata,2015,32000,Diesel,Manual,First,20.4,1248,91.7,5.0,4.65,Fiat,Linea
2181,Bangalore,2009,71400,Petrol,Manual,Third,17.0,1497,118.0,5.0,3.8,Honda,City
2182,Hyderabad,2016,41713,Diesel,Manual,First,19.67,1582,126.2,5.0,12.5,Hyundai,Creta
2183,Hyderabad,2017,46000,Diesel,Manual,First,25.6,1498,98.6,5.0,12.9,Honda,City
2184,Hyderabad,2015,52950,Petrol,Manual,First,14.0,796,35.0,5.0,2.35,Maruti,Omni
2185,Chennai,2015,29500,Petrol,Manual,First,20.4,1197,81.8,5.0,4.15,Maruti,Swift
2186,Coimbatore,2012,63888,Diesel,Automatic,First,14.0,2987,224.0,5.0,22.58,Mercedes-Benz,M-Class
2187,Ahmedabad,2016,60000,Petrol,Manual,First,24.7,796,47.3,5.0,2.65,Maruti,Alto
2188,Delhi,2010,59196,Petrol,Manual,Second,15.6,1196,70.0,5.0,2.25,Ford,Figo
2189,Hyderabad,2016,121362,Diesel,Manual,First,13.68,2393,147.8,7.0,16.0,Toyota,Innova
2190,Mumbai,2013,78000,Diesel,Automatic,First,18.48,1995,177.0,5.0,19.5,BMW,5
2191,Bangalore,2015,59000,Diesel,Automatic,First,13.01,2199,194.3,7.0,21.0,Hyundai,Santa
2192,Ahmedabad,2012,95000,Diesel,Automatic,Second,22.48,1995,190.0,5.0,17.5,BMW,5
2193,Hyderabad,2010,84000,Diesel,Manual,Second,17.8,1399,68.0,5.0,2.41,Ford,Fiesta
2194,Coimbatore,2014,64557,Diesel,Automatic,Second,12.7,2179,187.7,5.0,29.93,Land,Rover
2195,Kolkata,2009,68078,Petrol,Manual,First,19.7,796,46.3,5.0,1.02,Maruti,Alto
2196,Jaipur,2009,149706,Diesel,Manual,First,11.5,2982,171.0,7.0,11.0,Toyota,Fortuner
2197,Mumbai,2013,25984,Petrol,Manual,First,15.8,1499,110.0,5.0,5.35,Ford,Ecosport
2198,Mumbai,2017,15544,Petrol,Manual,First,21.4,1197,83.1,5.0,5.65,Maruti,Baleno
2199,Mumbai,2015,34000,Diesel,Automatic,First,23.8,1998,112.0,5.0,22.0,Mini,Cooper
2200,Mumbai,2013,24000,Petrol,Automatic,First,17.01,1591,121.4,5.0,5.95,Hyundai,Verna
2201,Pune,2011,95000,Diesel,Manual,Third,20.0,1399,68.0,5.0,2.35,Ford,Figo
2202,Pune,2014,52000,Diesel,Manual,Second,25.8,1498,98.6,5.0,4.1,Honda,Amaze
2203,Pune,2012,135000,Diesel,Manual,First,19.01,1461,108.45,5.0,5.4,Renault,Duster
2204,Delhi,2017,39000,Diesel,Manual,First,23.0,1498,98.96,5.0,8.45,Ford,EcoSport
2205,Jaipur,2013,45306,Diesel,Automatic,Second,11.2,2993,241.0,4.0,42.5,BMW,X6
2206,Mumbai,2010,140000,Diesel,Manual,First,14.24,2755,174.5,7.0,10.75,Toyota,Fortuner
2207,Pune,2010,55000,LPG,Manual,Second,18.1575,1086,62.1,5.0,1.65,Hyundai,Santro
2208,Kochi,2015,67415,Diesel,Automatic,First,11.18,2696,184.0,7.0,11.03,Mahindra,Ssangyong
2209,Kolkata,2016,25562,Petrol,Manual,First,23.1,998,67.04,5.0,3.5,Maruti,Celerio
2210,Jaipur,2016,30292,Petrol,Manual,First,18.6,1197,81.83,5.0,6.3,Hyundai,i20
2211,Bangalore,2014,84056,Petrol,Manual,First,18.88,999,123.24,5.0,6.75,Ford,EcoSport
2212,Jaipur,2017,62691,Diesel,Manual,First,26.21,1248,88.5,5.0,7.5,Maruti,Ciaz
2213,Pune,2013,87000,Diesel,Automatic,First,17.11,1968,174.33,5.0,15.5,Audi,A4
2214,Delhi,2015,52513,Petrol,Manual,First,18.0,1198,86.7,5.0,4.65,Honda,Amaze
2215,Kochi,2016,43983,Petrol,Automatic,First,15.63,1499,110.4,5.0,7.58,Ford,EcoSport
2216,Hyderabad,2013,90121,Petrol,Manual,First,20.92,998,67.1,5.0,2.2,Maruti,Alto
2217,Bangalore,2011,50000,Diesel,Automatic,Third,16.77,2967,241.38,5.0,21.0,Audi,A6
2218,Kolkata,2011,42500,Diesel,Automatic,First,18.33,1968,167.7,5.0,5.25,Volkswagen,Passat
2219,Kochi,2016,62192,Diesel,Manual,First,28.4,1248,74.0,5.0,5.22,Maruti,Swift
2220,Chennai,2011,128000,Diesel,Manual,Third,19.2,1461,65.0,5.0,2.0,Mahindra,Logan
2221,Kochi,2018,38394,Petrol,Manual,First,21.56,1462,103.25,5.0,9.18,Maruti,Ciaz
2222,Coimbatore,2013,37287,Petrol,Manual,First,26.0,624,35.0,4.0,1.74,Tata,Nano
2223,Delhi,2011,60000,Petrol,Automatic,First,16.8,1497,118.0,5.0,4.45,Honda,City
2224,Coimbatore,2017,39419,Petrol,Manual,First,18.16,1196,86.8,5.0,4.95,Ford,Figo
2225,Delhi,2014,55000,Diesel,Manual,First,22.54,1396,88.73,5.0,5.64,Hyundai,i20
2226,Mumbai,2016,7000,Petrol,Manual,First,18.88,1499,110.4,5.0,6.9,Ford,EcoSport
2227,Hyderabad,2011,85000,Diesel,Automatic,First,16.55,1968,147.51,5.0,13.95,Audi,A4
2228,Hyderabad,2013,51000,Diesel,Automatic,Second,20.58,1995,143.0,5.0,17.0,BMW,1
2229,Bangalore,2012,90000,Diesel,Manual,Second,13.93,2179,138.03,7.0,4.6,Tata,Safari
2230,Jaipur,2010,105000,Diesel,Manual,Second,12.05,2179,120.0,8.0,5.21,Mahindra,Scorpio
2231,Coimbatore,2017,36458,Petrol,Manual,First,15.29,1591,121.3,5.0,12.34,Hyundai,Creta
2232,Chennai,2006,109000,Petrol,Manual,First,16.9,1497,100.0,5.0,1.5,Honda,City
2233,Delhi,2015,49000,Diesel,Automatic,First,17.05,1995,184.0,5.0,22.99,BMW,X1
2234,Hyderabad,2010,45000,Diesel,Automatic,First,14.7,2993,241.4,6.0,40.0,Land,Rover
2235,Chennai,2008,68000,Petrol,Manual,Third,19.7,796,46.3,5.0,1.2,Maruti,Alto
2236,Mumbai,2011,54000,Petrol,Automatic,First,19.2,1197,80.0,5.0,2.9,Hyundai,i10
2237,Delhi,2016,28000,Petrol,Automatic,First,14.62,1999,149.92,5.0,13.9,Hyundai,Elantra
2238,Delhi,2016,38500,Diesel,Manual,Second,28.09,1248,88.5,5.0,7.85,Maruti,Ciaz
2239,Coimbatore,2016,17738,Diesel,Automatic,First,15.3,2993,258.0,5.0,54.45,BMW,X5
2240,Kolkata,2012,67132,Diesel,Manual,First,13.58,2499,78.0,9.0,4.75,Chevrolet,Tavera
2241,Mumbai,2011,47000,Diesel,Manual,First,20.64,1498,108.5,5.0,3.25,Volkswagen,Vento
2242,Mumbai,2015,28005,Petrol,Manual,First,17.8,1497,117.3,5.0,7.1,Honda,City
2243,Kolkata,2017,13000,Petrol,Manual,First,20.4,1197,81.8,5.0,4.65,Maruti,Swift
2244,Kolkata,2012,67000,Diesel,Manual,First,19.33,1968,138.1,5.0,5.0,Volkswagen,Jetta
2245,Delhi,2015,50000,Petrol,Manual,First,18.6,1197,81.83,5.0,4.95,Hyundai,i20
2246,Bangalore,2014,55000,Diesel,Manual,First,15.1,2179,140.0,7.0,9.8,Mahindra,XUV500
2247,Coimbatore,2019,9312,Diesel,Automatic,First,18.0,2987,258.0,5.0,78.8,Mercedes-Benz,E-Class
2248,Kolkata,2015,30458,Petrol,Manual,First,23.1,998,67.04,5.0,2.99,Maruti,Celerio
2249,Mumbai,2014,46000,Petrol,Manual,First,15.04,1598,103.2,5.0,4.45,Volkswagen,Vento
2250,Pune,2011,50000,Petrol,Manual,Second,23.9,624,37.48,4.0,0.75,Tata,Nano
2251,Delhi,2016,36676,CNG,Manual,First,33.75,1197,81.86,5.0,5.0,Hyundai,Xcent
2252,Chennai,2014,72563,Diesel,Manual,Second,22.77,1498,98.59,5.0,5.0,Ford,EcoSport
2253,Coimbatore,2015,58239,Petrol,Automatic,First,14.62,1999,149.92,5.0,9.69,Hyundai,Elantra
2254,Coimbatore,2015,57934,Diesel,Manual,First,18.2,1248,73.74,8.0,5.5,Chevrolet,Enjoy
2255,Jaipur,2015,63000,Diesel,Manual,First,20.14,1498,88.8,5.0,5.11,Volkswagen,Polo
2256,Mumbai,2012,27014,Petrol,Manual,First,16.25,1198,75.0,5.0,2.19,Skoda,Fabia
2257,Chennai,2012,90906,Diesel,Manual,First,20.54,1598,103.6,5.0,4.25,Volkswagen,Vento
2258,Hyderabad,2013,61202,Diesel,Automatic,First,11.18,2696,184.0,7.0,14.5,Mahindra,Ssangyong
2259,Mumbai,2014,51000,Diesel,Manual,First,19.87,1461,83.14,5.0,5.65,Nissan,Terrano
2260,Ahmedabad,2016,88008,Diesel,Automatic,Second,12.9,2755,174.5,7.0,22.5,Toyota,Fortuner
2261,Jaipur,2004,160000,Petrol,Automatic,Second,11.3,1794,125.0,5.0,1.5,Toyota,Corolla
2262,Kochi,2012,42591,Petrol,Manual,First,20.36,1197,78.9,5.0,3.2,Hyundai,i10
2263,Bangalore,2012,67000,Diesel,Manual,First,23.0,1396,90.0,5.0,4.5,Hyundai,i20
2264,Pune,2014,48000,Diesel,Manual,Second,25.8,1498,98.6,5.0,4.5,Honda,Amaze
2265,Jaipur,2014,97000,Diesel,Automatic,First,22.32,1582,126.32,5.0,8.0,Hyundai,Verna
2266,Mumbai,2018,10000,Diesel,Automatic,First,17.9,2143,136.0,5.0,28.9,Mercedes-Benz,GLA
2267,Coimbatore,2015,56900,Diesel,Manual,First,20.14,1498,88.8,5.0,4.1,Volkswagen,Polo
2268,Kochi,2017,36152,Petrol,Automatic,First,21.4,1197,83.1,5.0,7.22,Maruti,Baleno
2269,Hyderabad,2014,85512,Diesel,Manual,First,22.9,1248,74.0,5.0,5.8,Maruti,Swift
2270,Chennai,2013,234000,Diesel,Manual,Second,14.0,2489,95.0,8.0,3.5,Mahindra,Xylo
2271,Bangalore,2013,36000,Diesel,Manual,Second,22.7,1498,89.84,5.0,6.35,Ford,Ecosport
2272,Delhi,2015,36096,Diesel,Manual,First,15.1,2179,140.0,7.0,8.85,Mahindra,XUV500
2273,Hyderabad,2010,111111,Petrol,Manual,Second,18.6,1199,79.4,5.0,2.0,Chevrolet,Beat
2274,Bangalore,2012,73000,Petrol,Manual,First,17.01,1591,121.3,5.0,5.5,Hyundai,Verna
2275,Kolkata,2014,44300,Petrol,Manual,Second,18.9,1197,82.0,5.0,2.3,Hyundai,Grand
2276,Bangalore,2014,74500,Diesel,Manual,First,19.01,1461,108.45,5.0,7.95,Renault,Duster
2277,Coimbatore,2016,21495,Petrol,Manual,First,19.1,1197,81.86,5.0,6.16,Hyundai,Xcent
2278,Delhi,2012,59000,Petrol,Manual,First,20.36,1197,78.9,5.0,2.85,Hyundai,i10
2279,Delhi,2016,23000,Petrol,Automatic,First,13.7,1991,183.0,5.0,25.0,Mercedes-Benz,GLA
2280,Coimbatore,2008,50135,Diesel,Manual,First,15.8,2148,170.0,5.0,10.36,Mercedes-Benz,New
2281,Delhi,2016,25000,Petrol,Automatic,First,15.04,1991,183.0,5.0,26.0,Mercedes-Benz,CLA
2282,Kolkata,2013,47000,Diesel,Manual,First,22.32,1582,126.32,5.0,4.35,Hyundai,Verna
2283,Chennai,2016,150000,Diesel,Manual,First,14.95,2489,93.7,9.0,4.5,Mahindra,Xylo
2284,Delhi,2015,53503,Diesel,Manual,First,26.59,1248,74.0,5.0,5.0,Maruti,Swift
2285,Ahmedabad,2014,47003,Petrol,Manual,First,20.36,1197,78.9,5.0,3.67,Hyundai,i10
2286,Delhi,2014,80000,Diesel,Manual,First,14.0,2179,138.1,7.0,6.0,Tata,Safari
2287,Coimbatore,2018,20492,Petrol,Manual,First,18.9,1197,82.0,5.0,6.34,Hyundai,Grand
2288,Chennai,2012,17000,Petrol,Automatic,Second,16.82,1998,189.08,4.0,22.0,Mini,Cooper
2289,Delhi,2006,79000,Petrol,Manual,Second,13.4,1794,125.0,5.0,1.67,Toyota,Corolla
2290,Kolkata,2014,27000,Petrol,Manual,First,14.28,1798,138.03,5.0,7.95,Toyota,Corolla
2291,Kochi,2018,28786,Petrol,Manual,First,10.4,2393,163.5,5.0,9.74,Maruti,Grand
2292,Chennai,2011,143354,Diesel,Manual,Second,16.0,1997,140.0,7.0,6.0,Mahindra,XUV500
2293,Mumbai,2013,21000,Petrol,Automatic,First,17.44,1998,189.08,4.0,21.5,Mini,Cooper
2294,Pune,2014,29202,CNG,Manual,First,45.279,998,67.04,5.0,3.9,Maruti,Wagon
2295,Jaipur,2009,73000,Diesel,Manual,Second,21.1,1248,73.9,5.0,2.35,Maruti,Ritz
2296,Delhi,2012,74000,Diesel,Manual,Second,22.07,1199,73.9,5.0,2.65,Volkswagen,Polo
2297,Kochi,2011,65423,Petrol,Manual,First,20.36,1197,78.9,5.0,3.16,Hyundai,i10
2298,Jaipur,2009,65000,Petrol,Manual,Second,19.0,998,66.1,5.0,2.05,Maruti,A-Star
2299,Hyderabad,2013,83875,CNG,Manual,Second,35.910000000000004,998,58.16,5.0,2.95,Maruti,Wagon
2300,Hyderabad,2014,55277,Petrol,Manual,First,20.51,998,67.04,5.0,3.9,Maruti,Wagon
2301,Coimbatore,2017,50808,Diesel,Manual,Second,24.2,1498,98.6,7.0,6.68,Honda,Mobilio
2302,Jaipur,2017,52000,Petrol,Manual,Second,21.1,814,55.2,5.0,3.5,Hyundai,EON
2303,Mumbai,2017,32000,Petrol,Automatic,First,14.84,1598,103.52,5.0,8.11,Skoda,Rapid
2304,Delhi,2017,25000,Diesel,Manual,First,28.09,1248,88.5,5.0,8.3,Maruti,Ciaz
2305,Coimbatore,2016,23218,Diesel,Automatic,First,15.26,2143,203.2,5.0,45.61,Mercedes-Benz,M-Class
2306,Pune,2010,84000,Diesel,Automatic,First,20.0,1968,138.1,5.0,4.45,Skoda,Laura
2307,Delhi,2017,40000,Diesel,Manual,First,24.3,1248,88.5,5.0,7.85,Maruti,Vitara
2308,Hyderabad,2011,17000,LPG,Manual,First,18.1575,1086,62.1,5.0,3.1,Hyundai,Santro
2309,Kolkata,2014,25135,Diesel,Manual,First,24.0,1120,70.0,5.0,3.75,Hyundai,Grand
2310,Delhi,2017,65000,Diesel,Manual,First,25.47,1248,88.5,7.0,7.65,Maruti,Ertiga
2311,Ahmedabad,2013,40000,Petrol,Manual,First,17.0,1197,80.0,5.0,4.9,Hyundai,i20
2312,Coimbatore,2018,24500,Diesel,Automatic,First,16.0,2179,140.0,7.0,16.52,Mahindra,XUV500
2313,Kochi,2016,56674,Petrol,Automatic,First,13.7,1798,157.75,5.0,14.05,Skoda,Superb
2314,Kochi,2016,51950,Petrol,Manual,First,20.73,1373,91.1,5.0,6.75,Maruti,Ciaz
2315,Kolkata,2016,51000,Diesel,Manual,First,19.67,1582,126.2,5.0,9.2,Hyundai,Creta
2316,Chennai,2008,114750,Petrol,Manual,Second,17.0,1497,118.0,5.0,2.75,Honda,City
2317,Hyderabad,2016,107890,Diesel,Manual,First,13.5,2198,157.7,7.0,20.5,Ford,Endeavour
2318,Pune,2012,64000,Diesel,Manual,First,21.9,1396,90.0,5.0,4.25,Hyundai,i20
2319,Kolkata,2016,21460,Petrol,Manual,First,17.0,1497,121.36,5.0,6.0,Ford,EcoSport
2320,Coimbatore,2015,29634,Petrol,Manual,Second,17.0,1197,80.0,5.0,6.0,Hyundai,i20
2321,Ahmedabad,2008,52000,Petrol,Manual,First,16.1,1298,88.2,5.0,2.41,Maruti,Swift
2322,Hyderabad,2015,33000,Petrol,Automatic,First,19.0,1199,88.7,5.0,7.25,Honda,Jazz
2323,Kochi,2014,89230,Diesel,Manual,First,11.1,2400,200.0,7.0,23.65,Volvo,XC90
2324,Delhi,2016,27000,Petrol,Manual,First,21.4,1197,83.1,5.0,6.5,Maruti,Baleno
2325,Kochi,2017,72524,Diesel,Automatic,Second,17.9,2143,136.0,5.0,18.06,Mercedes-Benz,GLA
2326,Hyderabad,2016,73000,Petrol,Manual,First,25.17,799,53.3,5.0,3.2,Renault,KWID
2327,Coimbatore,2017,21740,Petrol,Manual,First,18.16,1196,86.8,5.0,6.42,Ford,Figo
2328,Jaipur,2015,59000,Diesel,Manual,First,13.0,2982,168.5,7.0,23.0,Toyota,Fortuner
2329,Chennai,2013,83432,Petrol,Manual,First,17.0,1497,118.0,5.0,5.9,Honda,City
2330,Pune,2014,87200,Diesel,Manual,First,15.4,2523,75.0,7.0,7.75,Mahindra,Scorpio
2331,Hyderabad,2012,88000,Diesel,Automatic,First,13.2,1995,170.0,5.0,15.0,BMW,3
2332,Jaipur,2017,48324,Diesel,Manual,First,24.3,1248,88.5,5.0,9.0,Maruti,Vitara
2333,Delhi,2011,51000,Petrol,Automatic,First,11.74,1796,186.0,5.0,11.5,Mercedes-Benz,New
2334,Kolkata,2012,24000,Petrol,Manual,Second,17.01,1591,121.3,5.0,6.2,Hyundai,Verna
2335,Kochi,2017,20773,Diesel,Manual,First,24.0,1186,73.97,5.0,5.92,Hyundai,Grand
2336,Kolkata,2016,22000,Diesel,Manual,First,20.14,1498,88.0,5.0,6.29,Volkswagen,Polo
2337,Kochi,2014,66355,Petrol,Manual,First,18.0,1198,86.7,5.0,4.12,Honda,Amaze
2338,Pune,2007,115800,Petrol,Automatic,Third,10.1,2354,152.0,5.0,3.8,Honda,CR-V
2339,Ahmedabad,2014,41125,Petrol,Manual,First,17.92,1086,62.1,5.0,2.7,Hyundai,Santro
2340,Coimbatore,2017,43812,Diesel,Automatic,First,15.0,2143,107.3,5.0,20.28,Mercedes-Benz,B
2341,Delhi,2014,69876,Petrol,Manual,First,18.0,1198,86.7,5.0,3.9,Honda,Amaze
2342,Pune,2014,102000,Diesel,Automatic,Second,12.55,2982,168.5,7.0,16.5,Toyota,Fortuner
2343,Pune,2011,68000,Petrol,Manual,First,17.01,1591,121.3,5.0,3.7,Hyundai,Verna
2344,Delhi,2016,12000,Diesel,Automatic,First,10.5,2993,271.23,4.0,79.0,Jaguar,XJ
2345,Mumbai,2013,25000,Diesel,Automatic,First,22.69,1995,190.0,5.0,17.99,BMW,3
2346,Jaipur,2013,51873,Diesel,Manual,First,21.9,1396,88.76,5.0,3.9,Hyundai,i20
2347,Chennai,2012,72500,Diesel,Manual,First,18.5,1399,68.0,5.0,3.12,Ford,Figo
2348,Pune,2007,83000,Petrol,Manual,First,14.0,1061,64.0,5.0,1.65,Maruti,Wagon
2349,Kolkata,2015,39871,Petrol,Manual,First,19.1,1197,81.86,5.0,3.5,Hyundai,Xcent
2350,Chennai,2015,82000,Diesel,Manual,Second,14.02,2179,118.3,7.0,4.85,Mahindra,Xylo
2351,Coimbatore,2018,23152,Diesel,Automatic,First,19.27,2143,167.62,5.0,39.22,Mercedes-Benz,New
2352,Kolkata,2007,71600,Petrol,Manual,Second,20.36,1197,78.9,5.0,2.0,Hyundai,i10
2353,Mumbai,2010,122000,Diesel,Manual,Second,11.5,2982,171.0,7.0,10.45,Toyota,Fortuner
2354,Chennai,2016,29277,Petrol,Automatic,First,19.16,2494,158.2,5.0,27.0,Toyota,Camry
2355,Kolkata,2011,60000,Diesel,Manual,First,20.0,1399,68.0,5.0,2.25,Ford,Figo
2356,Kolkata,2014,42000,Petrol,Manual,First,19.1,1197,81.86,5.0,3.45,Hyundai,Xcent
2357,Kochi,2016,61823,Petrol,Manual,First,18.6,1197,81.83,5.0,6.14,Hyundai,i20
2358,Jaipur,2012,53000,LPG,Manual,Second,25.92,1086,68.05,5.0,2.85,Hyundai,i10
2359,Chennai,2015,75000,CNG,Manual,First,33.21,1193,55.23,5.0,3.25,Tata,Indigo
2360,Hyderabad,2011,110000,Diesel,Manual,First,28.4,1248,73.75,5.0,4.0,Maruti,Dzire
2361,Kolkata,2010,38446,Petrol,Manual,First,17.0,1497,118.0,5.0,2.59,Honda,City
2362,Delhi,2017,33000,Diesel,Manual,First,27.39,1248,74.0,5.0,6.96,Maruti,Baleno
2363,Jaipur,2016,70000,Petrol,Manual,First,21.1,814,55.2,5.0,3.0,Hyundai,EON
2364,Delhi,2012,68038,Diesel,Manual,First,20.14,1498,88.0,5.0,3.6,Volkswagen,Polo
2365,Coimbatore,2014,55012,Diesel,Manual,Second,25.44,936,57.6,5.0,3.7,Chevrolet,Beat
2366,Ahmedabad,2013,55000,Diesel,Automatic,First,22.48,1995,190.0,5.0,21.75,BMW,5
2367,Mumbai,2017,25000,Diesel,Automatic,First,17.9,2143,170.0,5.0,45.0,Mercedes-Benz,GLC
2368,Coimbatore,2011,46808,Petrol,Manual,Second,24.07,998,67.1,5.0,3.19,Maruti,Alto
2369,Coimbatore,2015,65743,Petrol,Manual,First,20.14,1197,81.86,5.0,6.2,Hyundai,Xcent
2370,Coimbatore,2013,64466,Petrol,Manual,First,19.81,1086,68.05,5.0,3.96,Hyundai,i10
2371,Jaipur,2016,80000,Diesel,Manual,First,23.4,1248,74.0,5.0,4.5,Maruti,Swift
2372,Mumbai,2017,69000,Diesel,Manual,First,25.4,1186,73.97,5.0,3.55,Hyundai,Xcent
2373,Chennai,2014,79200,Diesel,Manual,First,22.71,1461,84.8,5.0,5.5,Nissan,Sunny
2374,Mumbai,2016,29477,Petrol,Manual,First,15.8,1591,121.3,5.0,10.25,Hyundai,Creta
2375,Delhi,2017,40000,Diesel,Automatic,First,12.9,2755,174.5,7.0,30.0,Toyota,Fortuner
2376,Pune,2014,25000,Petrol,Manual,Second,18.5,1197,85.8,5.0,3.5,Maruti,Ritz
2377,Delhi,2014,67668,Diesel,Manual,First,23.08,1461,63.12,5.0,3.1,Renault,Pulse
2378,Hyderabad,2010,78000,Petrol,Manual,First,17.5,1198,75.0,5.0,3.25,Skoda,Fabia
2379,Mumbai,2017,30000,Diesel,Manual,First,23.0,1498,98.96,5.0,8.99,Ford,EcoSport
2380,Kolkata,2015,70623,Petrol,Manual,First,15.04,1598,103.6,5.0,3.99,Volkswagen,Vento
2381,Mumbai,2015,54000,Diesel,Manual,Second,19.01,1461,108.5,5.0,6.0,Nissan,Terrano
2382,Mumbai,2015,48000,Diesel,Automatic,First,15.73,1968,174.33,5.0,18.25,Audi,Q3
2383,Delhi,2012,62000,Diesel,Manual,First,12.99,2494,100.0,7.0,7.75,Toyota,Innova
2384,Delhi,2017,47000,Petrol,Manual,Second,17.57,1193,88.7,5.0,4.5,Tata,Zest
2385,Bangalore,2014,171000,Diesel,Manual,First,11.5,2982,171.0,7.0,16.75,Toyota,Fortuner
2386,Pune,2012,108000,Diesel,Automatic,First,16.09,1995,184.0,5.0,17.5,BMW,X3
2387,Chennai,2016,41000,Diesel,Manual,First,22.7,1598,118.0,5.0,7.7,Maruti,SX4
2388,Pune,2012,66000,Petrol,Manual,Second,17.0,1497,118.0,5.0,4.45,Honda,City
2389,Jaipur,2015,144000,Diesel,Manual,First,26.59,1248,74.0,5.0,5.25,Maruti,Swift
2390,Kochi,2017,23806,Diesel,Automatic,First,22.69,1995,190.0,5.0,33.66,BMW,3
2391,Chennai,2013,89000,Petrol,Automatic,Second,19.34,1198,76.0,5.0,2.8,Nissan,Micra
2392,Coimbatore,2018,38852,Petrol,Automatic,First,21.4,1197,83.1,5.0,8.47,Maruti,Baleno
2393,Coimbatore,2018,68737,Diesel,Manual,First,26.21,1248,88.5,5.0,9.32,Maruti,Ciaz
2394,Coimbatore,2017,23106,Diesel,Automatic,First,17.9,2143,136.0,5.0,27.43,Mercedes-Benz,CLA
2395,Delhi,2015,31250,Diesel,Manual,First,24.5,1498,98.6,7.0,6.5,Honda,Mobilio
2396,Delhi,2014,77795,Diesel,Manual,First,12.99,2494,100.6,8.0,9.5,Toyota,Innova
2397,Kochi,2015,47759,Diesel,Automatic,First,14.74,2993,270.9,5.0,31.8,Jaguar,XF
2398,Chennai,2013,67620,Petrol,Manual,Second,17.6,1496,88.8,5.0,4.2,Toyota,Etios
2399,Kochi,2013,44378,Diesel,Manual,First,25.44,936,57.6,5.0,3.85,Chevrolet,Beat
2400,Delhi,2012,64709,Petrol,Manual,Second,12.8,2354,177.6,5.0,6.0,Honda,Accord
2401,Hyderabad,2007,76161,Petrol,Manual,First,19.7,796,46.3,5.0,1.65,Maruti,Alto
2402,Bangalore,2013,58410,Diesel,Automatic,First,19.3,1968,141.0,5.0,14.5,Skoda,Octavia
2403,Delhi,2011,72000,Diesel,Manual,First,12.8,2494,102.0,7.0,7.1,Toyota,Innova
2404,Chennai,2016,11000,Diesel,Automatic,First,17.11,1968,174.33,5.0,28.0,Audi,A4
2405,Kochi,2017,45362,Diesel,Manual,First,24.3,1248,88.5,5.0,9.38,Maruti,Vitara
2406,Kochi,2016,59767,Petrol,Manual,First,18.9,1197,82.0,5.0,4.78,Hyundai,Grand
2407,Chennai,2003,70000,Petrol,Manual,Second,13.4,1794,125.0,5.0,1.7,Toyota,Corolla
2408,Coimbatore,2019,14233,Diesel,Automatic,First,17.6,2179,153.86,7.0,17.85,Tata,Hexa
2409,Pune,2010,72000,Petrol,Manual,Second,17.0,1197,80.0,5.0,2.75,Hyundai,i20
2410,Mumbai,2014,11000,Petrol,Manual,First,17.01,1591,121.3,5.0,5.95,Hyundai,Verna
2411,Mumbai,2011,39000,Petrol,Manual,First,14.0,796,35.0,5.0,1.5,Maruti,Omni
2412,Kochi,2019,19855,Petrol,Manual,First,24.7,796,47.3,5.0,3.8,Maruti,Alto
2413,Bangalore,2017,20149,Diesel,Automatic,First,19.27,2143,167.62,5.0,38.5,Mercedes-Benz,New
2414,Jaipur,2011,70000,Petrol,Manual,First,19.81,1086,68.05,5.0,2.15,Hyundai,i10
2415,Mumbai,2010,62004,Petrol,Automatic,Second,14.67,1798,177.46,5.0,3.75,Skoda,Superb
2416,Mumbai,2016,25500,Diesel,Automatic,First,21.5,1498,108.5,5.0,8.95,Volkswagen,Vento
2417,Pune,2010,61700,Petrol,Manual,First,14.8,1799,130.2,5.0,2.95,Honda,Civic
2418,Coimbatore,2010,59660,Petrol,Automatic,First,12.05,1995,154.0,5.0,10.49,BMW,3
2419,Hyderabad,2007,69775,Petrol,Manual,Second,17.92,1086,62.1,5.0,1.85,Hyundai,Santro
2420,Jaipur,2009,88000,Petrol,Automatic,First,11.1,2354,142.0,5.0,5.25,Honda,Accord
2421,Kolkata,2014,47052,Diesel,Manual,First,20.77,1248,88.76,7.0,5.99,Maruti,Ertiga
2422,Kochi,2015,69749,Diesel,Manual,First,18.6,1388,67.0,5.0,3.82,Ford,Fiesta
2423,Hyderabad,2012,79000,Diesel,Automatic,First,12.07,2967,241.4,7.0,39.0,Audi,Q7
2424,Coimbatore,2016,39644,Diesel,Automatic,First,17.11,1968,174.33,5.0,25.75,Audi,A4
2425,Hyderabad,2012,137800,Diesel,Manual,First,22.3,1248,74.0,5.0,2.2,Tata,Indica
2426,Chennai,2008,120000,Diesel,Manual,Second,18.1,1493,110.0,5.0,2.0,Hyundai,Verna
2427,Mumbai,2018,11000,Diesel,Automatic,First,16.1,1950,194.0,5.0,56.5,Mercedes-Benz,E-Class
2428,Mumbai,2014,18600,Diesel,Automatic,Second,22.69,1995,190.0,5.0,21.0,BMW,3
2429,Ahmedabad,2014,116905,Diesel,Manual,First,24.0,1120,70.0,5.0,4.0,Hyundai,Grand
2430,Coimbatore,2011,32824,Petrol,Automatic,First,16.95,1197,78.9,5.0,3.83,Hyundai,i10
2431,Kochi,2016,19148,Petrol,Manual,First,16.1,1197,85.0,5.0,5.89,Maruti,Swift
2432,Kolkata,2010,35008,Petrol,Manual,First,17.92,1086,62.1,5.0,1.36,Hyundai,Santro
2433,Delhi,2013,21000,Diesel,Automatic,Second,17.54,2993,313.0,4.0,44.0,BMW,6
2434,Mumbai,2014,53000,CNG,Manual,First,29.835000000000004,1586,85.7,5.0,3.26,Maruti,SX4
2435,Bangalore,2016,36000,Petrol,Manual,First,17.43,1396,105.5,5.0,8.0,Hyundai,Verna
2436,Ahmedabad,2012,56121,Diesel,Manual,First,23.4,1248,74.0,5.0,4.25,Maruti,Swift
2437,Pune,2018,30000,Diesel,Manual,First,28.4,1248,74.0,5.0,6.0,Maruti,Swift
2438,Kochi,2016,31021,Diesel,Automatic,First,19.5,1968,141.0,5.0,16.61,Skoda,Octavia
2439,Coimbatore,2013,52600,Diesel,Manual,First,19.6,1461,108.45,5.0,7.26,Renault,Duster
2440,Bangalore,2005,60000,Diesel,Manual,First,10.5,2179,120.0,8.0,4.0,Mahindra,Scorpio
2441,Ahmedabad,2016,44001,Diesel,Automatic,First,18.12,1995,190.0,5.0,34.51,BMW,5
2442,Chennai,2003,101000,Petrol,Manual,Third,17.3,1061,64.0,5.0,0.95,Maruti,Wagon
2443,Hyderabad,2007,84169,Petrol,Manual,First,14.0,1061,64.0,5.0,2.2,Maruti,Wagon
2444,Mumbai,2017,14001,Petrol,Manual,First,18.6,1197,81.83,5.0,5.75,Hyundai,i20
2445,Delhi,2016,59000,Diesel,Automatic,First,18.0,2993,255.0,7.0,36.75,Land,Rover
2446,Hyderabad,2009,29000,Petrol,Automatic,Second,11.7,1796,178.0,5.0,10.0,Mercedes-Benz,New
2447,Mumbai,2012,38800,Diesel,Manual,First,21.64,1461,84.8,5.0,4.05,Nissan,Sunny
2448,Hyderabad,2011,98000,Diesel,Automatic,First,12.07,2967,241.4,7.0,22.0,Audi,Q7
2449,Coimbatore,2017,20969,Diesel,Automatic,First,17.9,2143,136.0,5.0,27.87,Mercedes-Benz,CLA
2450,Kolkata,2018,2900,Diesel,Manual,First,24.3,1248,88.5,5.0,8.75,Maruti,Vitara
2451,Hyderabad,2016,69000,Diesel,Manual,First,19.3,1248,73.9,5.0,4.79,Maruti,Swift
2452,Coimbatore,2018,5833,Diesel,Manual,First,21.13,1498,108.4,5.0,11.92,Skoda,Rapid
2453,Coimbatore,2016,28733,Diesel,Automatic,Second,12.07,2967,241.4,7.0,53.11,Audi,Q7
2454,Jaipur,2006,145000,Petrol,Manual,First,18.9,998,67.1,5.0,1.15,Maruti,Wagon
2455,Pune,2014,71000,Diesel,Manual,First,25.1,1498,98.6,5.0,7.45,Honda,City
2456,Jaipur,2017,12000,Petrol,Manual,First,21.1,814,55.2,5.0,3.5,Hyundai,EON
2457,Kochi,2018,21603,Diesel,Automatic,First,13.0,2987,265.0,5.0,70.15,Mercedes-Benz,E-Class
2458,Hyderabad,2013,58000,Diesel,Automatic,First,13.2,1995,170.0,5.0,19.5,BMW,3
2459,Pune,2012,39000,Petrol,Automatic,Second,12.05,1995,154.0,5.0,15.0,BMW,3
2460,Coimbatore,2017,37712,Diesel,Manual,First,17.45,1493,100.0,7.0,7.57,Mahindra,NuvoSport
2461,Hyderabad,2012,68000,Petrol,Manual,First,18.5,1197,85.8,5.0,4.4,Maruti,Ritz
2462,Chennai,2016,25000,Diesel,Automatic,First,15.87,2993,308.43,5.0,60.0,BMW,X6
2463,Kolkata,2010,30000,Petrol,Manual,First,18.6,1199,79.4,5.0,1.6,Chevrolet,Beat
2464,Pune,2014,68218,Petrol,Manual,First,19.1,1197,85.8,5.0,4.9,Maruti,Swift
2465,Delhi,2014,52000,Diesel,Manual,First,20.77,1248,88.8,7.0,5.95,Maruti,Ertiga
2466,Coimbatore,2015,63591,Diesel,Manual,First,20.45,1461,83.8,5.0,5.35,Renault,Duster
2467,Hyderabad,2014,57937,Petrol,Automatic,First,15.5,1198,86.7,5.0,5.4,Honda,Amaze
2468,Coimbatore,2015,21979,Diesel,Automatic,First,17.11,1968,174.33,5.0,23.45,Audi,A4
2469,Hyderabad,2002,99000,Diesel,Manual,Second,18.7,1896,66.0,5.0,1.9,Skoda,Octavia
2470,Pune,2016,62000,Diesel,Manual,First,25.8,1498,98.6,5.0,6.1,Honda,Amaze
2471,Mumbai,2006,127001,Diesel,Manual,First,12.8,2494,102.0,8.0,4.95,Toyota,Innova
2472,Hyderabad,2013,84600,Petrol,Manual,Second,21.1,814,55.2,5.0,2.5,Hyundai,EON
2473,Kochi,2018,30953,Petrol,Manual,First,22.7,799,53.64,5.0,3.48,Datsun,redi-GO
2474,Chennai,2012,78000,Diesel,Manual,First,22.9,1248,74.0,5.0,4.4,Maruti,Swift
2475,Hyderabad,2008,85000,Diesel,Manual,First,9.5,2835,118.6,6.0,7.99,Mitsubishi,Pajero
2476,Hyderabad,2008,79000,Diesel,Automatic,First,13.1,2400,215.0,5.0,10.99,Volvo,S80
2477,Delhi,2014,79000,Diesel,Automatic,First,12.55,2982,168.5,7.0,18.5,Toyota,Fortuner
2478,Coimbatore,2018,48188,Diesel,Manual,First,16.3,1956,170.0,5.0,21.69,Jeep,Compass
2479,Coimbatore,2014,67557,Diesel,Manual,First,23.4,1248,74.0,5.0,5.17,Maruti,Swift
2480,Delhi,2011,103814,Diesel,Manual,Second,22.32,1582,126.32,5.0,4.5,Hyundai,Verna
2481,Kolkata,2014,45128,Diesel,Manual,First,12.05,2179,120.0,8.0,6.75,Mahindra,Scorpio
2482,Kochi,2013,56075,Petrol,Manual,First,19.81,1086,68.05,5.0,3.12,Hyundai,i10
2483,Hyderabad,2011,166000,Diesel,Manual,First,12.99,2494,100.6,8.0,8.25,Toyota,Innova
2484,Coimbatore,2017,65367,Diesel,Automatic,First,11.36,2755,171.5,7.0,20.14,Toyota,Innova
2485,Hyderabad,2013,114708,Diesel,Manual,First,12.99,2494,100.0,8.0,12.6,Toyota,Innova
2486,Kochi,2015,35082,Diesel,Manual,First,23.4,1248,74.0,5.0,6.61,Maruti,Swift
2487,Kochi,2016,38593,Diesel,Automatic,First,17.01,1582,126.2,5.0,13.23,Hyundai,Creta
2488,Mumbai,2008,70700,Diesel,Manual,First,12.99,2494,100.0,8.0,4.75,Toyota,Innova
2489,Mumbai,2011,83000,Diesel,Manual,Second,20.54,1598,103.6,5.0,2.9,Volkswagen,Vento
2490,Kochi,2014,91586,Diesel,Automatic,Second,11.18,2696,184.0,7.0,9.47,Mahindra,Ssangyong
2491,Mumbai,2008,38235,Petrol,Manual,First,20.36,1197,78.9,5.0,1.95,Hyundai,i10
2492,Kolkata,2011,37000,Petrol,Manual,First,20.36,1197,78.9,5.0,2.2,Hyundai,i10
2493,Bangalore,2013,44000,Petrol,Manual,Second,18.0,1198,86.7,5.0,4.35,Honda,Amaze
2494,Pune,2016,54000,Petrol,Automatic,First,23.1,998,67.04,5.0,4.5,Maruti,Celerio
2495,Chennai,2013,90000,Petrol,Manual,First,18.9,1197,82.0,5.0,3.55,Hyundai,Grand
2496,Kolkata,2015,35000,Diesel,Manual,First,19.3,1248,73.9,5.0,4.75,Maruti,Swift
2497,Coimbatore,2012,47324,Petrol,Manual,Second,20.36,1197,78.9,5.0,4.52,Hyundai,i10
2498,Mumbai,2012,65148,Diesel,Automatic,First,15.06,1995,177.0,5.0,12.75,BMW,X1
2499,Coimbatore,2014,57773,Diesel,Automatic,Second,17.11,1968,174.33,5.0,20.04,Audi,A4
2500,Bangalore,2014,87000,Diesel,Manual,First,20.45,1461,83.8,5.0,6.5,Nissan,Terrano
2501,Chennai,2007,179032,Diesel,Manual,First,11.56,3200,199.3,7.0,7.5,Mitsubishi,Montero
2502,Mumbai,2016,8000,Petrol,Automatic,First,22.5,998,67.0,5.0,4.15,Maruti,Wagon
2503,Hyderabad,2007,77000,Petrol,Manual,First,13.5,1799,130.0,5.0,2.5,Honda,Civic
2504,Pune,2016,20600,Petrol,Manual,First,18.6,1197,81.83,5.0,5.4,Hyundai,i20
2505,Mumbai,2016,13198,Petrol,Manual,First,24.07,998,67.1,5.0,3.15,Maruti,Alto
2506,Bangalore,2015,21000,Diesel,Automatic,Second,12.07,2967,241.4,7.0,52.5,Audi,Q7
2507,Delhi,2016,38000,Petrol,Manual,First,18.6,1197,81.83,5.0,5.95,Hyundai,i20
2508,Coimbatore,2019,15379,Petrol,Automatic,First,23.84,1199,83.83,5.0,6.97,Tata,Tiago
2509,Hyderabad,2011,60000,Petrol,Manual,First,20.36,1197,78.9,5.0,3.2,Hyundai,i10
2510,Bangalore,2013,75371,Diesel,Manual,First,20.46,1461,83.8,5.0,6.69,Renault,Duster
2511,Bangalore,2014,60000,Diesel,Manual,Second,13.49,2179,138.03,5.0,5.9,Tata,Xenon
2512,Kolkata,2009,30675,Petrol,Manual,First,18.5,1197,80.0,5.0,2.25,Hyundai,i20
2513,Kolkata,2013,22000,Diesel,Manual,First,23.4,1248,74.0,5.0,4.5,Maruti,Swift
2514,Pune,2015,55000,Petrol,Manual,First,22.0,814,55.0,5.0,2.61,Hyundai,EON
2515,Jaipur,2010,74213,Diesel,Automatic,First,14.84,2143,170.0,5.0,11.5,Mercedes-Benz,New
2516,Mumbai,2016,15000,Petrol,Automatic,First,16.82,1998,189.08,4.0,35.0,Mini,Cooper
2517,Jaipur,2010,57000,Petrol,Manual,First,26.0,624,35.0,4.0,0.5,Tata,Nano
2518,Kolkata,2015,62144,Diesel,Manual,Second,26.21,1248,88.5,5.0,5.75,Maruti,Ciaz
2519,Pune,2017,50000,Diesel,Manual,First,22.0,1582,126.2,5.0,11.5,Hyundai,Verna
2520,Jaipur,2015,38000,Petrol,Manual,First,21.1,814,55.2,5.0,2.75,Hyundai,EON
2521,Chennai,2016,30000,Diesel,Automatic,Second,18.12,1995,190.0,5.0,31.5,BMW,5
2522,Kochi,2016,38735,Petrol,Manual,First,19.4,1198,86.8,5.0,4.92,Honda,Brio
2523,Pune,2012,23598,Diesel,Manual,First,23.2,1248,73.94,5.0,3.52,Maruti,Ritz
2524,Chennai,2014,70000,Diesel,Automatic,First,18.88,1995,184.0,5.0,17.55,BMW,3
2525,Pune,2016,39000,Diesel,Manual,First,26.59,1248,74.0,5.0,5.8,Maruti,Swift
2526,Hyderabad,2013,84175,Diesel,Manual,First,23.4,1248,74.0,5.0,6.95,Maruti,Swift
2527,Kolkata,2013,45000,Petrol,Manual,First,16.95,1498,97.6,5.0,2.4,Renault,Scala
2528,Mumbai,2013,59302,Diesel,Automatic,First,14.39,1998,163.7,5.0,5.25,Chevrolet,Cruze
2529,Ahmedabad,2012,55002,Petrol,Manual,First,17.5,1298,85.8,5.0,4.25,Maruti,Swift
2530,Jaipur,2008,128813,Diesel,Manual,First,19.09,1396,69.0,5.0,1.5,Tata,Indigo
2531,Jaipur,2016,46522,Diesel,Manual,First,24.0,1120,70.0,5.0,4.5,Hyundai,Grand
2532,Pune,2014,180000,Diesel,Manual,First,22.3,1248,74.0,5.0,2.5,Tata,Indica
2533,Chennai,2006,89326,Diesel,Manual,Third,17.8,1399,68.0,5.0,1.55,Ford,Fiesta
2534,Pune,2016,54000,Diesel,Manual,First,19.87,1461,83.8,5.0,6.5,Renault,Duster
2535,Kochi,2015,66337,Diesel,Manual,First,24.0,1120,70.0,5.0,4.96,Hyundai,Grand
2536,Bangalore,2012,60000,Petrol,Manual,First,19.4,1198,86.8,5.0,3.25,Honda,Brio
2537,Kolkata,2010,38001,Petrol,Automatic,First,12.3,1781,163.2,5.0,8.5,Audi,A4
2538,Bangalore,2014,73000,Petrol,Manual,Second,24.7,796,47.3,5.0,2.75,Maruti,Alto
2539,Bangalore,2011,61000,Petrol,Manual,Second,16.2,1599,103.2,5.0,3.4,Hyundai,Verna
2540,Hyderabad,2013,120000,Diesel,Manual,First,20.77,1248,88.8,7.0,7.0,Maruti,Ertiga
2541,Kochi,2012,71787,Petrol,Manual,First,12.9,1598,102.5,5.0,3.21,Chevrolet,Optra
2542,Coimbatore,2016,11554,Diesel,Manual,First,19.67,1582,126.2,5.0,14.25,Hyundai,Creta
2543,Hyderabad,2014,90000,Diesel,Manual,First,20.34,1498,103.2,5.0,6.5,Volkswagen,Vento
2544,Kolkata,2014,48104,Petrol,Manual,First,17.4,1497,117.3,5.0,5.49,Honda,City
2545,Pune,2005,91000,Petrol,Manual,Third,16.8,1341,83.0,5.0,0.8,Hyundai,Getz
2546,Coimbatore,2015,33931,Petrol,Automatic,Second,18.9,1197,82.0,5.0,5.91,Hyundai,Grand
2547,Coimbatore,2019,13916,Petrol,Manual,First,18.9,1197,81.86,5.0,6.44,Hyundai,Grand
2548,Pune,2012,90400,CNG,Manual,First,35.370000000000005,998,58.2,5.0,2.9,Maruti,Wagon
2549,Jaipur,2015,14000,Petrol,Manual,First,18.9,1197,82.0,5.0,4.6,Hyundai,Grand
2550,Coimbatore,2016,17560,Petrol,Manual,First,18.6,1197,81.83,5.0,7.21,Hyundai,i20
2551,Pune,2016,60000,Diesel,Manual,First,19.87,1461,83.8,5.0,8.0,Renault,Duster
2552,Hyderabad,2009,88096,Diesel,Manual,Second,19.3,1248,73.9,5.0,3.5,Maruti,Swift
2553,Pune,2008,178280,Diesel,Manual,First,12.8,2494,102.0,8.0,5.9,Toyota,Innova
2554,Coimbatore,2015,19963,Petrol,Manual,Second,25.4,624,37.5,4.0,1.74,Tata,Nano
2555,Mumbai,2019,1000,Petrol,Manual,First,18.12,1196,86.8,5.0,6.8,Ford,Figo
2556,Jaipur,2017,8000,Petrol,Manual,First,18.6,1197,81.83,5.0,7.5,Hyundai,i20
2557,Pune,2016,9200,Petrol,Manual,First,15.4,1497,117.3,7.0,8.0,Honda,BRV
2558,Hyderabad,2015,29000,Diesel,Manual,First,27.4,1498,98.6,5.0,5.99,Honda,Amaze
2559,Mumbai,2017,27000,Diesel,Manual,First,19.67,1582,126.2,5.0,12.9,Hyundai,Creta
2560,Delhi,2018,22900,Petrol,Manual,First,21.4,1197,83.1,5.0,7.0,Maruti,Baleno
2561,Hyderabad,2014,50000,Diesel,Automatic,First,14.16,1968,174.3,5.0,35.0,Audi,Q5
2562,Jaipur,2015,60207,Diesel,Manual,First,25.8,1498,98.6,5.0,5.5,Honda,Amaze
2563,Coimbatore,2010,101119,Diesel,Automatic,First,11.0,2993,235.0,5.0,18.46,BMW,X5
2564,Jaipur,2010,42000,Petrol,Manual,First,15.6,1196,70.0,5.0,2.4,Ford,Figo
2565,Pune,2002,93000,Petrol,Manual,Third,18.9,998,67.1,5.0,1.0,Maruti,Wagon
2566,Ahmedabad,2012,60000,Petrol,Manual,Second,19.81,1086,68.05,5.0,2.65,Hyundai,i10
2567,Kochi,2015,66122,Diesel,Automatic,First,21.66,1498,103.52,5.0,5.96,Skoda,Rapid
2568,Kolkata,2015,25100,Diesel,Automatic,First,17.85,2967,300.0,4.0,75.0,Porsche,Panamera
2569,Kochi,2017,24733,Petrol,Automatic,First,15.04,1991,183.0,5.0,27.15,Mercedes-Benz,CLA
2570,Ahmedabad,2008,41000,Petrol,Automatic,Second,10.4,2773,201.0,5.0,10.5,Audi,A6
2571,Chennai,2015,30000,Petrol,Manual,First,20.73,1373,91.1,5.0,6.7,Maruti,Ciaz
2572,Kolkata,2013,36000,Diesel,Manual,First,22.7,1498,89.84,5.0,4.9,Ford,Ecosport
2573,Hyderabad,2017,40279,Diesel,Manual,First,16.5,1493,70.0,7.0,8.0,Mahindra,Bolero
2574,Kochi,2018,46805,Petrol,Manual,First,24.07,998,67.1,5.0,3.63,Maruti,Alto
2575,Mumbai,2015,60000,Petrol,Manual,First,17.5,1197,85.8,5.0,4.8,Maruti,Swift
2576,Mumbai,2017,100000,Petrol,Manual,First,17.57,1193,88.7,5.0,4.25,Tata,Zest
2577,Coimbatore,2018,51530,Diesel,Automatic,First,10.91,3198,197.2,7.0,30.27,Ford,Endeavour
2578,Jaipur,2013,81456,Diesel,Manual,First,15.8,2148,170.0,5.0,14.25,Mercedes-Benz,New
2579,Ahmedabad,2012,37229,Petrol,Automatic,First,16.95,1197,78.9,5.0,3.41,Hyundai,i10
2580,Delhi,2009,73200,Petrol,Manual,First,17.0,1497,118.0,5.0,2.78,Honda,City
2581,Ahmedabad,2015,71826,Diesel,Automatic,First,19.3,1968,141.0,5.0,15.5,Skoda,Octavia
2582,Chennai,2017,129000,Diesel,Manual,First,25.0,1396,69.0,5.0,3.0,Tata,Indica
2583,Pune,2012,82000,Petrol,Manual,First,18.9,998,67.1,5.0,2.3,Maruti,Wagon
2584,Kochi,2017,40459,Diesel,Manual,First,19.67,1582,126.2,5.0,13.28,Hyundai,Creta
2585,Hyderabad,2009,61964,Petrol,Manual,First,19.0,998,66.1,5.0,2.25,Maruti,A-Star
2586,Kochi,2011,15466,Petrol,Manual,First,22.5,998,67.04,5.0,3.36,Maruti,Wagon
2587,Kolkata,2014,23000,Petrol,Manual,First,17.3,1497,117.3,7.0,4.25,Honda,Mobilio
2588,Coimbatore,2012,43766,Petrol,Manual,First,20.36,1197,78.9,5.0,4.3,Hyundai,i10
2589,Coimbatore,2018,18521,Diesel,Manual,First,22.54,1396,88.73,5.0,9.18,Hyundai,i20
2590,Hyderabad,2017,26400,Petrol,Manual,First,23.1,998,67.04,5.0,4.99,Maruti,Celerio
2591,Pune,2011,31900,Petrol,Manual,First,13.4,1798,157.8,5.0,3.75,Skoda,Laura
2592,Chennai,2010,39000,Diesel,Manual,First,20.0,1399,68.0,5.0,2.5,Ford,Figo
2593,Hyderabad,2016,45671,Diesel,Manual,First,27.3,1498,98.6,5.0,7.2,Honda,Jazz
2594,Ahmedabad,2016,39500,Diesel,Automatic,First,15.0,2143,204.0,5.0,29.5,Mercedes-Benz,E-Class
2595,Chennai,2015,54000,Diesel,Automatic,First,17.9,2143,136.0,5.0,17.55,Mercedes-Benz,GLA
2596,Chennai,2012,20000,Diesel,Automatic,First,18.5,1985,163.0,5.0,12.0,Volvo,S60
2597,Bangalore,2009,55000,Diesel,Automatic,First,11.8,2967,246.7,5.0,13.5,Audi,A8
2598,Kolkata,2014,48000,Diesel,Automatic,First,22.32,1582,126.32,5.0,5.1,Hyundai,Verna
2599,Kolkata,2011,70000,Diesel,Automatic,First,22.69,1995,190.0,5.0,10.3,BMW,3
2600,Delhi,2014,62000,Diesel,Manual,First,22.32,1582,126.32,5.0,5.7,Hyundai,Verna
2601,Kochi,2014,41994,Petrol,Manual,First,22.5,998,67.04,5.0,3.41,Maruti,Wagon
2602,Hyderabad,2010,108882,Diesel,Manual,Second,20.0,1399,68.0,5.0,2.4,Ford,Figo
2603,Coimbatore,2017,24806,Petrol,Manual,First,18.15,1198,82.0,6.0,5.6,Mahindra,KUV
2604,Pune,2006,160000,Diesel,Manual,First,17.0,1405,70.0,5.0,1.0,Tata,Indigo
2605,Hyderabad,2017,30000,Diesel,Automatic,First,18.49,1493,100.0,7.0,8.2,Mahindra,TUV
2606,Bangalore,2015,51000,Diesel,Automatic,First,15.17,1968,181.0,5.0,27.5,Audi,Q3
2607,Jaipur,2015,64876,Petrol,Manual,First,21.5,1197,81.8,5.0,3.5,Maruti,Wagon
2608,Kochi,2016,70536,CNG,Manual,First,42.9165,998,58.33,5.0,4.58,Maruti,Celerio
2609,Coimbatore,2017,25299,Diesel,Manual,First,24.3,1248,88.5,5.0,10.34,Maruti,Vitara
2610,Mumbai,2006,89869,Diesel,Manual,First,12.7,2609,116.6,8.0,3.25,Mahindra,Scorpio
2611,Jaipur,2007,103515,Diesel,Manual,Third,12.6,1991,112.0,7.0,5.0,Hyundai,Tucson
2612,Hyderabad,2008,68282,Petrol,Manual,First,17.92,1086,62.1,5.0,2.25,Hyundai,Santro
2613,Kochi,2014,60033,Diesel,Automatic,First,18.18,2967,250.0,4.0,51.52,Porsche,Panamera
2614,Kochi,2018,51921,Diesel,Manual,First,24.3,1248,88.5,5.0,8.62,Maruti,Vitara
2615,Mumbai,2017,18414,Diesel,Manual,First,23.4,1248,74.0,5.0,7.25,Maruti,Swift
2616,Kochi,2016,40866,Petrol,Manual,First,19.5,1199,86.76,5.0,5.47,Honda,Amaze
2617,Pune,2014,55001,Diesel,Automatic,First,16.36,2179,187.7,5.0,31.0,Jaguar,XF
2618,Kochi,2017,20469,Petrol,Automatic,First,16.82,1998,189.08,4.0,35.98,Mini,Cooper
2619,Jaipur,2017,8500,Petrol,Manual,First,21.1,814,55.2,5.0,3.42,Hyundai,EON
2620,Ahmedabad,2008,45000,Diesel,Automatic,Second,16.77,2967,241.38,5.0,11.5,Audi,A6
2621,Pune,2016,6000,Petrol,Manual,First,17.19,1197,81.86,5.0,7.25,Hyundai,i20
2622,Chennai,2018,11000,Diesel,Manual,First,28.4,1248,74.0,5.0,8.0,Maruti,Swift
2623,Kochi,2015,80064,Diesel,Manual,First,22.7,1498,89.84,5.0,7.33,Ford,Ecosport
2624,Kolkata,2016,29930,Petrol,Manual,First,18.9,998,67.1,5.0,3.35,Maruti,Wagon
2625,Mumbai,2013,49105,Diesel,Manual,First,20.34,1498,103.2,5.0,4.4,Volkswagen,Vento
2626,Kolkata,2012,55000,Petrol,Manual,First,17.6,1496,88.7,5.0,2.99,Toyota,Etios
2627,Bangalore,2015,23000,Petrol,Manual,First,18.7,1199,88.7,5.0,5.6,Honda,Jazz
2628,Coimbatore,2016,54727,Diesel,Manual,First,20.14,1498,88.73,5.0,6.63,Volkswagen,CrossPolo
2629,Kochi,2018,31426,Diesel,Manual,First,21.66,1498,108.62,5.0,7.9,Volkswagen,Ameo
2630,Kochi,2015,53442,Petrol,Manual,First,16.8,1497,116.3,5.0,7.0,Honda,City
2631,Hyderabad,2014,28000,Petrol,Automatic,First,16.5,1198,86.8,5.0,4.95,Honda,Brio
2632,Mumbai,2017,13412,Petrol,Automatic,First,14.3,1598,103.52,5.0,9.19,Skoda,Rapid
2633,Hyderabad,2011,70000,Diesel,Manual,First,16.8,1493,110.0,5.0,5.1,Hyundai,Verna
2634,Jaipur,2015,81310,Diesel,Manual,First,21.19,1396,88.76,5.0,5.9,Hyundai,i20
2635,Kochi,2019,13574,Petrol,Automatic,First,21.4,1197,83.1,5.0,9.51,Maruti,Baleno
2636,Mumbai,2008,75000,Petrol,Manual,Second,11.1,2354,158.8,5.0,3.9,Honda,CR-V
2637,Coimbatore,2014,58310,Petrol,Manual,Second,19.1,1197,85.8,5.0,5.39,Maruti,Swift
2638,Pune,2009,90000,Diesel,Manual,Second,19.3,1248,73.9,5.0,3.0,Maruti,Swift
2639,Jaipur,2012,83000,Diesel,Manual,First,23.4,1248,74.0,5.0,4.3,Maruti,Swift
2640,Jaipur,2017,37282,Petrol,Manual,First,20.85,1197,83.14,5.0,6.75,Maruti,Swift
2641,Jaipur,2017,23000,Petrol,Manual,First,18.9,1197,82.0,5.0,4.5,Hyundai,Grand
2642,Chennai,2010,82000,Diesel,Manual,First,17.8,1399,68.0,5.0,2.75,Ford,Fiesta
2643,Chennai,2016,31000,Diesel,Manual,First,23.9,1582,126.2,5.0,9.0,Hyundai,Verna
2644,Delhi,2014,45001,Diesel,Manual,Second,20.0,1399,68.05,5.0,2.55,Ford,Figo
2645,Coimbatore,2014,50446,Diesel,Manual,First,21.12,1248,88.8,5.0,3.54,Tata,Manza
2646,Ahmedabad,2009,89000,Petrol,Manual,First,13.5,1799,130.0,5.0,4.25,Honda,Civic
2647,Ahmedabad,2007,72000,Petrol,Manual,Second,19.7,796,46.3,5.0,1.2,Maruti,Alto
2648,Ahmedabad,2013,90000,Diesel,Automatic,First,22.48,1995,190.0,5.0,19.5,BMW,5
2649,Bangalore,2015,76000,Diesel,Manual,Second,16.0,2179,140.0,7.0,12.0,Mahindra,XUV500
2650,Hyderabad,2012,78401,Diesel,Manual,First,23.2,1248,73.94,5.0,3.9,Maruti,Ritz
2651,Kochi,2017,38426,Diesel,Manual,First,24.3,1248,88.5,5.0,9.13,Maruti,Vitara
2652,Pune,2011,45000,Petrol,Manual,First,15.1,1196,73.0,7.0,2.25,Maruti,Eeco
2653,Mumbai,2012,83000,Petrol,Manual,First,17.5,1197,85.8,5.0,3.25,Maruti,Swift
2654,Coimbatore,2017,50170,Diesel,Automatic,First,17.01,1582,126.2,5.0,14.79,Hyundai,Creta
2655,Mumbai,2010,37822,Petrol,Manual,First,22.5,998,67.04,5.0,2.35,Maruti,Wagon
2656,Kolkata,2015,33517,Diesel,Manual,First,27.62,793,47.0,5.0,3.1,Maruti,Celerio
2657,Delhi,2014,110000,Diesel,Automatic,First,13.01,2199,194.3,7.0,12.9,Hyundai,Santa
2658,Kolkata,2017,60000,Petrol,Manual,First,21.1,814,55.2,5.0,2.5,Hyundai,EON
2659,Delhi,2013,92408,Petrol,Manual,First,18.5,1197,82.85,5.0,3.65,Hyundai,i20
2660,Bangalore,2014,45000,Petrol,Manual,First,17.1,1591,121.3,5.0,7.5,Hyundai,Verna
2661,Kochi,2013,33793,Petrol,Manual,First,18.4,1198,86.8,5.0,3.74,Honda,Brio
2662,Kochi,2017,26327,Petrol,Manual,First,20.4,1197,81.8,5.0,5.86,Maruti,Swift
2663,Coimbatore,2018,20604,Diesel,Automatic,First,19.27,2143,167.62,5.0,39.62,Mercedes-Benz,New
2664,Coimbatore,2018,61386,Diesel,Manual,First,25.2,1248,74.0,5.0,7.05,Maruti,Swift
2665,Delhi,2018,11500,Diesel,Automatic,First,28.4,1248,74.0,5.0,7.5,Maruti,Swift
2666,Chennai,2012,58000,Diesel,Manual,First,25.44,936,57.6,5.0,2.1,Chevrolet,Beat
2667,Delhi,2014,38000,Petrol,Automatic,First,13.7,1798,157.75,5.0,11.6,Skoda,Superb
2668,Bangalore,2012,49000,Diesel,Automatic,Second,14.84,2143,167.62,5.0,19.25,Mercedes-Benz,New
2669,Coimbatore,2017,72202,Diesel,Manual,First,13.68,2393,147.8,8.0,17.92,Toyota,Innova
2670,Kolkata,2016,7000,Petrol,Manual,First,20.36,1197,78.9,5.0,3.6,Hyundai,i10
2671,Ahmedabad,2014,20000,Diesel,Manual,Second,25.8,1498,98.6,5.0,4.5,Honda,Amaze
2672,Hyderabad,2017,14061,Diesel,Manual,First,21.9,1396,88.76,5.0,7.4,Hyundai,i20
2673,Coimbatore,2018,30706,Diesel,Automatic,First,11.57,2987,254.79,5.0,59.29,Mercedes-Benz,GLE
2674,Kolkata,2011,51387,Diesel,Manual,First,12.05,2179,120.0,7.0,5.5,Mahindra,Scorpio
2675,Bangalore,2006,44000,Petrol,Manual,Second,15.3,1341,83.0,5.0,1.75,Hyundai,Getz
2676,Mumbai,2016,12208,Petrol,Manual,First,21.4,1197,83.1,5.0,6.75,Maruti,Baleno
2677,Chennai,2011,55000,Diesel,Manual,First,16.52,1991,123.7,5.0,3.95,Chevrolet,Optra
2678,Mumbai,2011,61600,Petrol,Manual,First,17.1,1591,121.3,5.0,4.2,Hyundai,Verna
2679,Hyderabad,2016,28414,Petrol,Manual,First,17.0,1497,118.0,5.0,8.4,Honda,City
2680,Mumbai,2017,27853,Petrol,Automatic,First,17.21,1197,103.5,5.0,8.25,Volkswagen,Polo
2681,Bangalore,2013,55116,Petrol,Manual,First,19.4,1198,86.8,5.0,3.31,Honda,Brio
2682,Ahmedabad,2017,26000,Diesel,Manual,First,26.59,1248,74.0,5.0,7.5,Maruti,Swift
2683,Pune,2012,45496,Petrol,Manual,First,17.0,1497,118.0,5.0,4.75,Honda,City
2684,Pune,2013,76000,Diesel,Automatic,Second,11.18,2696,184.0,7.0,8.79,Mahindra,Ssangyong
2685,Pune,2014,136000,Petrol,Manual,First,13.1,1798,157.75,5.0,9.5,Skoda,Superb
2686,Kolkata,2010,38127,Petrol,Manual,First,19.7,796,46.3,5.0,1.55,Maruti,Alto
2687,Jaipur,2014,82450,Diesel,Manual,First,23.0,1396,90.0,5.0,5.85,Hyundai,i20
2688,Coimbatore,2014,62497,Petrol,Manual,First,15.8,1499,110.0,5.0,7.52,Ford,Ecosport
2689,Hyderabad,2011,86732,Diesel,Manual,First,23.08,1461,63.1,5.0,3.6,Nissan,Micra
2690,Kochi,2016,27969,Petrol,Manual,First,19.4,1198,86.8,5.0,4.73,Honda,Brio
2691,Delhi,2013,66372,Diesel,Automatic,First,11.18,2696,184.0,7.0,10.5,Mahindra,Ssangyong
2692,Coimbatore,2013,73525,Diesel,Automatic,First,16.46,2993,258.0,5.0,34.54,BMW,7
2693,Kochi,2018,20689,Petrol,Manual,First,18.9,1197,81.86,5.0,6.07,Hyundai,Grand
2694,Coimbatore,2018,25093,Petrol,Manual,First,21.4,1197,83.1,5.0,7.76,Maruti,Baleno
2695,Coimbatore,2016,49176,Diesel,Manual,First,11.68,2498,112.0,8.0,7.46,Mahindra,Xylo
2696,Delhi,2012,87510,Diesel,Manual,First,21.8,1461,78.0,5.0,3.49,Renault,Fluence
2697,Coimbatore,2012,38214,Petrol,Manual,Second,18.5,1197,80.0,5.0,4.05,Hyundai,i20
2698,Kochi,2013,48986,Diesel,Manual,First,10.5,2835,107.2,6.0,11.88,Mitsubishi,Pajero
2699,Pune,2011,88000,Petrol,Automatic,First,14.53,1794,138.1,5.0,6.45,Toyota,Corolla
2700,Pune,2015,69002,Diesel,Automatic,First,15.97,2993,258.0,5.0,50.0,BMW,X5
2701,Pune,2011,43706,Petrol,Automatic,First,10.9,2497,215.0,5.0,9.0,BMW,3
2702,Coimbatore,2016,58671,Diesel,Automatic,First,17.01,1582,126.2,5.0,14.25,Hyundai,Creta
2703,Coimbatore,2017,49404,Diesel,Manual,First,18.49,1493,100.0,7.0,7.36,Mahindra,TUV
2704,Delhi,2010,72000,Diesel,Manual,First,12.05,2179,120.0,8.0,4.4,Mahindra,Scorpio
2705,Mumbai,2016,24000,Petrol,Manual,First,25.17,799,53.3,5.0,3.1,Renault,KWID
2706,Coimbatore,2017,53285,Petrol,Automatic,First,22.5,999,67.0,5.0,4.28,Renault,KWID
2707,Pune,2017,12000,Petrol,Manual,First,16.1,1197,85.0,5.0,5.5,Maruti,Swift
2708,Kolkata,2012,45000,Diesel,Automatic,First,17.0,1896,105.0,5.0,6.99,Skoda,Laura
2709,Coimbatore,2018,26234,Petrol,Manual,First,24.7,796,47.3,5.0,4.29,Maruti,Alto
2710,Delhi,2014,55000,Petrol,Manual,First,18.6,1197,85.8,5.0,4.2,Maruti,Swift
2711,Pune,2012,90000,Diesel,Manual,First,23.0,1396,90.0,5.0,4.11,Hyundai,i20
2712,Mumbai,2015,48000,Diesel,Automatic,First,15.73,1968,174.33,5.0,18.75,Audi,Q3
2713,Mumbai,2017,19863,Diesel,Automatic,First,11.57,2987,254.79,5.0,64.95,Mercedes-Benz,GLE
2714,Mumbai,2010,55000,Petrol,Manual,Second,19.81,1086,68.05,5.0,1.59,Hyundai,i10
2715,Kolkata,2016,4800,Petrol,Manual,First,20.51,998,67.04,5.0,3.6,Maruti,Wagon
2716,Kochi,2017,38607,Petrol,Manual,Second,17.8,1497,117.3,5.0,7.87,Honda,City
2717,Mumbai,2018,3958,Petrol,Manual,First,18.9,1197,81.86,5.0,5.55,Hyundai,Grand
2718,Jaipur,2014,74000,Diesel,Manual,Second,25.1,1498,98.6,5.0,6.4,Honda,City
2719,Mumbai,2009,54540,Petrol,Manual,Third,17.5,1298,85.8,5.0,2.65,Maruti,Swift
2720,Delhi,2015,58400,Petrol,Manual,First,17.5,1298,85.8,5.0,5.5,Maruti,Swift
2721,Kochi,2013,73648,Diesel,Manual,First,15.1,2179,140.0,7.0,7.31,Mahindra,XUV500
2722,Jaipur,2016,83000,Diesel,Manual,First,28.09,1248,88.5,5.0,7.1,Maruti,Ciaz
2723,Kochi,2016,16159,Diesel,Manual,First,22.32,1582,126.32,5.0,7.83,Hyundai,Verna
2724,Mumbai,2005,150000,Diesel,Manual,First,13.1,1493,82.0,5.0,0.85,Hyundai,Accent
2725,Mumbai,2014,22100,Petrol,Manual,First,19.4,1198,86.8,5.0,3.55,Honda,Brio
2726,Coimbatore,2017,35043,Petrol,Manual,First,17.19,1197,81.86,5.0,8.19,Hyundai,i20
2727,Pune,2018,24000,Diesel,Automatic,First,18.88,1995,184.0,5.0,28.0,BMW,3
2728,Chennai,2015,480000,Diesel,Automatic,First,16.96,1968,138.03,5.0,13.0,Volkswagen,Jetta
2729,Chennai,2011,70000,Petrol,Manual,Second,15.26,1598,103.5,5.0,3.29,Volkswagen,Polo
2730,Pune,2015,13769,Petrol,Manual,Second,16.1,1197,85.0,5.0,4.41,Maruti,Swift
2731,Kolkata,2013,58000,Diesel,Manual,First,19.01,1461,108.45,5.0,4.99,Renault,Duster
2732,Hyderabad,2009,58000,Diesel,Automatic,First,18.56,1995,190.0,5.0,17.98,BMW,X3
2733,Coimbatore,2018,18705,Diesel,Manual,First,20.5,1248,91.72,5.0,7.71,Fiat,Avventura
2734,Delhi,2013,32378,Petrol,Manual,First,20.51,998,67.04,5.0,2.8,Maruti,Wagon
2735,Kolkata,2013,45000,Diesel,Manual,First,22.1,1248,76.9,5.0,3.0,Chevrolet,Sail
2736,Coimbatore,2015,36836,Diesel,Manual,First,15.1,2179,140.0,7.0,12.49,Mahindra,XUV500
2737,Kochi,2016,54199,Diesel,Manual,First,23.0,1248,88.8,5.0,5.0,Tata,Zest
2738,Kochi,2017,36935,Diesel,Automatic,First,18.56,1995,190.0,5.0,32.64,BMW,X3
2739,Chennai,2015,23000,Diesel,Manual,First,25.2,1248,74.0,5.0,6.5,Maruti,Swift
2740,Bangalore,2015,14000,Diesel,Automatic,First,18.12,1995,190.0,5.0,35.0,BMW,5
2741,Chennai,2015,100073,Diesel,Manual,Second,25.0,1396,69.01,5.0,2.0,Tata,Indigo
2742,Kochi,2015,59182,Diesel,Manual,First,15.1,2179,140.0,7.0,9.46,Mahindra,XUV500
2743,Kochi,2016,72132,Diesel,Automatic,Second,12.07,2967,241.4,7.0,39.0,Audi,Q7
2744,Hyderabad,2009,79000,Diesel,Automatic,First,18.48,1995,177.0,5.0,15.0,BMW,5
2745,Coimbatore,2013,66930,Petrol,Manual,First,17.1,1591,121.3,5.0,6.15,Hyundai,Verna
2746,Pune,2015,100000,Diesel,Automatic,Second,13.01,2199,194.3,7.0,14.5,Hyundai,Santa
2747,Kochi,2018,27413,Petrol,Automatic,First,20.51,998,67.0,5.0,5.18,Maruti,Wagon
2748,Pune,2007,90000,Petrol,Manual,Second,17.3,1061,64.0,5.0,1.24,Maruti,Wagon
2749,Kolkata,2013,40300,Petrol,Manual,First,18.5,1197,82.85,5.0,2.8,Hyundai,i20
2750,Kochi,2011,73783,Petrol,Automatic,Second,13.7,1798,157.75,5.0,5.23,Skoda,Superb
2751,Pune,2005,86000,Petrol,Manual,Second,15.3,1341,83.0,5.0,0.45,Hyundai,Getz
2752,Delhi,2014,65694,Petrol,Manual,First,18.9,998,67.1,5.0,3.25,Maruti,Wagon
2753,Kolkata,2015,23000,Petrol,Manual,First,16.8,796,34.2,5.0,1.5,Maruti,Omni
2754,Mumbai,2012,51000,Petrol,Manual,First,20.36,1197,78.9,5.0,2.85,Hyundai,i10
2755,Kochi,2018,18335,Petrol,Manual,First,21.7,999,67.0,5.0,4.5,Renault,KWID
2756,Bangalore,2014,36000,Diesel,Automatic,First,15.0,2147,107.3,5.0,16.25,Mercedes-Benz,B
2757,Mumbai,2017,25000,Petrol,Automatic,First,17.21,1197,103.5,5.0,7.75,Volkswagen,Polo
2758,Bangalore,2007,81000,Diesel,Manual,Third,12.05,2179,120.0,8.0,4.35,Mahindra,Scorpio
2759,Kochi,2019,21719,Diesel,Automatic,First,12.9,2755,174.5,7.0,33.13,Toyota,Fortuner
2760,Coimbatore,2013,75421,Diesel,Manual,First,25.44,936,56.3,5.0,3.63,Chevrolet,Beat
2761,Delhi,2010,80000,Diesel,Manual,First,12.8,2494,102.0,8.0,4.75,Toyota,Innova
2762,Kochi,2018,10671,Petrol,Manual,First,20.85,1197,83.14,5.0,6.51,Maruti,Swift
2763,Hyderabad,2018,4126,Petrol,Manual,First,21.7,999,67.0,5.0,4.8,Renault,KWID
2764,Hyderabad,2017,98500,Diesel,Manual,First,22.95,1248,74.0,5.0,6.0,Tata,Bolt
2765,Coimbatore,2016,61578,Petrol,Manual,First,18.9,1197,82.0,5.0,6.4,Hyundai,Grand
2766,Ahmedabad,2014,54000,Diesel,Manual,First,20.34,1498,103.2,5.0,4.9,Volkswagen,Vento
2767,Coimbatore,2013,70998,Diesel,Automatic,First,17.68,1968,174.33,5.0,20.57,Audi,A6
2768,Kolkata,2015,40082,Diesel,Manual,First,19.3,1248,73.9,5.0,4.76,Maruti,Swift
2769,Kochi,2012,50619,Petrol,Manual,First,18.0,995,62.0,5.0,2.0,Chevrolet,Spark
2770,Coimbatore,2009,103905,Diesel,Automatic,First,22.69,1995,190.0,5.0,9.92,BMW,3
2771,Kochi,2018,15334,Petrol,Manual,First,21.1,814,55.2,5.0,3.69,Hyundai,EON
2772,Hyderabad,2013,69000,Diesel,Manual,First,23.4,1248,74.0,5.0,5.75,Maruti,Swift
2773,Hyderabad,2014,75160,Diesel,Manual,First,20.14,1498,88.5,5.0,5.7,Volkswagen,CrossPolo
2774,Coimbatore,2014,44753,Petrol,Manual,First,18.0,1198,86.7,5.0,4.94,Honda,Amaze
2775,Kochi,2012,53024,Petrol,Automatic,First,14.4,1598,103.6,5.0,4.29,Volkswagen,Vento
2776,Kolkata,2014,23840,Petrol,Manual,First,20.51,998,67.04,5.0,3.0,Maruti,Wagon
2777,Hyderabad,2014,81298,Diesel,Manual,First,20.14,1498,88.8,5.0,6.5,Volkswagen,Polo
2778,Jaipur,2015,59000,Petrol,Manual,Second,16.47,1198,73.9,5.0,4.9,Volkswagen,Polo
2779,Kochi,2016,51806,Diesel,Manual,First,25.8,1498,98.6,5.0,5.4,Honda,Amaze
2780,Delhi,2014,56000,Diesel,Automatic,First,18.53,1968,187.74,5.0,24.0,Audi,A6
2781,Kochi,2019,29279,Diesel,Manual,First,24.7,1047,69.0,5.0,7.46,Tata,Tigor
2782,Kochi,2017,33550,Diesel,Automatic,First,21.5,1498,108.5,5.0,9.6,Volkswagen,Vento
2783,Hyderabad,2014,62000,Diesel,Automatic,First,18.53,1968,187.74,5.0,25.0,Audi,A6
2784,Hyderabad,2014,66000,Diesel,Manual,First,19.01,1461,108.5,5.0,6.8,Nissan,Terrano
2785,Coimbatore,2016,46630,Diesel,Automatic,First,21.66,1498,103.52,5.0,8.59,Skoda,Rapid
2786,Hyderabad,2016,72566,Diesel,Manual,First,25.83,1498,99.0,5.0,5.29,Ford,Figo
2787,Pune,2011,51482,Diesel,Manual,First,15.42,1405,70.0,8.0,2.5,Tata,Venture
2788,Chennai,2011,90000,Diesel,Automatic,First,14.84,2143,167.62,5.0,13.9,Mercedes-Benz,New
2789,Jaipur,2014,69000,Diesel,Manual,Second,13.0,2982,168.5,7.0,20.0,Toyota,Fortuner
2790,Delhi,2011,90000,Petrol,Manual,Second,17.0,1497,118.0,5.0,3.4,Honda,City
2791,Mumbai,2015,39000,Petrol,Manual,First,18.6,1197,81.83,5.0,5.5,Hyundai,i20
2792,Hyderabad,2012,110000,Diesel,Manual,Second,20.54,1598,103.6,5.0,3.65,Volkswagen,Vento
2793,Kochi,2011,68022,Diesel,Manual,First,13.1,2499,141.0,7.0,5.86,Ford,Endeavour
2794,Coimbatore,2018,27852,Petrol,Automatic,First,14.8,1497,121.36,5.0,10.44,Ford,EcoSport
2795,Coimbatore,2011,68439,Diesel,Manual,First,23.0,1396,90.0,5.0,3.37,Hyundai,i20
2796,Delhi,2011,150000,Diesel,Manual,First,12.99,2494,100.6,8.0,6.95,Toyota,Innova
2797,Mumbai,2018,14000,Diesel,Manual,First,21.5,1497,108.5,5.0,9.9,Tata,Nexon
2798,Hyderabad,2012,71558,Diesel,Manual,First,20.0,1399,68.05,5.0,3.3,Ford,Figo
2799,Delhi,2013,48000,Diesel,Automatic,Second,17.85,2967,300.0,4.0,50.5,Porsche,Panamera
2800,Jaipur,2015,65800,Diesel,Automatic,First,17.01,1582,126.2,5.0,12.5,Hyundai,Creta
2801,Hyderabad,2014,53000,Diesel,Automatic,First,16.55,1968,140.0,5.0,20.5,Audi,A4
2802,Kolkata,2017,14600,Diesel,Manual,First,16.0,2179,140.0,7.0,14.5,Mahindra,XUV500
2803,Jaipur,2017,34429,Diesel,Automatic,First,13.8,2999,174.57,7.0,20.0,Isuzu,MUX
2804,Delhi,2014,52000,Diesel,Manual,First,23.4,1248,74.0,5.0,5.25,Maruti,Swift
2805,Kolkata,2015,25470,Petrol,Manual,First,20.73,1373,91.1,5.0,5.9,Maruti,Ciaz
2806,Pune,2013,22000,Petrol,Manual,First,21.1,814,55.2,5.0,2.6,Hyundai,EON
2807,Chennai,2007,75000,Diesel,Automatic,First,11.0,2987,198.5,5.0,11.0,Mercedes-Benz,E-Class
2808,Pune,2011,95995,Diesel,Automatic,First,18.48,1995,177.0,5.0,15.5,BMW,5
2809,Jaipur,2017,26877,Diesel,Manual,First,24.0,1186,73.97,5.0,5.75,Hyundai,Grand
2810,Hyderabad,2015,26000,Diesel,Automatic,First,14.47,2993,301.73,5.0,75.0,Jaguar,XJ
2811,Chennai,2007,140000,Diesel,Manual,Second,17.8,1248,75.0,5.0,2.0,Maruti,Swift
2812,Hyderabad,2008,95291,Petrol,Manual,First,17.92,1086,62.1,5.0,2.3,Hyundai,Santro
2813,Hyderabad,2009,135000,Diesel,Manual,Second,12.8,2494,102.0,8.0,8.2,Toyota,Innova
2814,Kolkata,2015,32000,Petrol,Manual,First,18.6,1197,81.83,5.0,4.8,Hyundai,i20
2815,Mumbai,2008,68333,Diesel,Automatic,Second,11.0,2987,198.5,5.0,8.5,Mercedes-Benz,E-Class
2816,Chennai,2011,72000,Diesel,Manual,First,20.0,1399,68.0,5.0,2.9,Ford,Figo
2817,Ahmedabad,2012,52100,Diesel,Manual,First,21.43,1364,86.79,5.0,6.5,Toyota,Corolla
2818,Jaipur,2018,10000,Petrol,Manual,First,18.9,1197,81.86,5.0,5.85,Hyundai,Grand
2819,Coimbatore,2019,6261,Diesel,Manual,First,16.3,1956,170.0,5.0,23.91,Jeep,Compass
2820,Coimbatore,2019,3906,Petrol,Automatic,First,20.89,1197,81.8,5.0,7.36,Maruti,Ignis
2821,Pune,2014,55960,Diesel,Manual,First,11.5,2982,171.0,7.0,17.25,Toyota,Fortuner
2822,Jaipur,2013,144000,Diesel,Manual,First,20.54,1598,103.6,5.0,7.0,Volkswagen,Vento
2823,Mumbai,2017,38000,Diesel,Manual,First,13.68,2393,147.8,7.0,17.65,Toyota,Innova
2824,Jaipur,2013,51000,Diesel,Manual,First,20.0,1399,68.1,5.0,2.5,Ford,Figo
2825,Hyderabad,2015,150000,Diesel,Manual,First,23.59,1364,67.05,5.0,6.0,Toyota,Platinum
2826,Mumbai,2018,2500,Diesel,Manual,First,18.06,2523,63.0,7.0,8.25,Mahindra,Thar
2827,Kochi,2018,41661,Diesel,Automatic,First,12.7,2179,187.7,5.0,44.83,Land,Rover
2828,Delhi,2011,64000,Diesel,Automatic,First,16.07,1995,181.0,5.0,10.5,BMW,3
2829,Bangalore,2008,80000,Petrol,Manual,Second,13.2,1495,94.0,5.0,1.9,Hyundai,Accent
2830,Jaipur,2016,30000,Petrol,Automatic,Second,23.1,998,67.04,5.0,4.25,Maruti,Celerio
2831,Chennai,2014,43000,Diesel,Automatic,Second,16.36,2179,187.7,5.0,26.5,Jaguar,XF
2832,Bangalore,2013,90000,Diesel,Automatic,Second,12.4,2698,179.5,5.0,22.5,Audi,A6
2833,Hyderabad,2011,123880,Diesel,Manual,First,23.08,1461,63.1,5.0,3.3,Nissan,Micra
2834,Jaipur,2015,42000,Petrol,Manual,Second,18.0,1198,86.7,5.0,4.3,Honda,Amaze
2835,Chennai,2012,79824,Diesel,Manual,First,19.87,1461,83.8,5.0,5.25,Renault,Duster
2836,Jaipur,2015,75000,Diesel,Manual,First,12.99,2494,100.6,8.0,11.75,Toyota,Innova
2837,Ahmedabad,2014,72411,Petrol,Manual,First,18.0,1198,86.7,5.0,4.25,Honda,Amaze
2838,Delhi,2012,63000,Diesel,Automatic,First,14.94,2143,204.0,5.0,14.22,Mercedes-Benz,New
2839,Chennai,2015,53713,Petrol,Manual,First,17.71,1197,78.9,5.0,4.2,Toyota,Etios
2840,Delhi,2017,18000,Diesel,Automatic,First,11.36,2755,171.5,8.0,18.25,Toyota,Innova
2841,Bangalore,2013,51000,Diesel,Manual,First,15.8,2148,170.0,5.0,18.5,Mercedes-Benz,New
2842,Chennai,2008,86700,Petrol,Manual,Second,16.1,1298,88.2,5.0,2.4,Maruti,Swift
2843,Hyderabad,2014,56000,LPG,Manual,First,18.1575,1086,62.1,5.0,3.2,Hyundai,Santro
2844,Mumbai,2015,33000,Petrol,Automatic,First,23.1,998,67.04,5.0,3.99,Maruti,Celerio
2845,Kochi,2014,64394,Diesel,Manual,First,22.7,1498,89.84,5.0,5.45,Ford,Ecosport
2846,Hyderabad,2010,76000,Diesel,Manual,First,18.8,1248,90.0,5.0,2.7,Tata,Manza
2847,Mumbai,2016,48719,Diesel,Manual,First,27.3,1498,98.6,5.0,6.25,Honda,Jazz
2848,Coimbatore,2016,59711,Diesel,Manual,First,15.1,2179,140.0,7.0,13.28,Mahindra,XUV500
2849,Hyderabad,2012,83000,Diesel,Manual,First,23.08,1461,63.1,5.0,3.7,Nissan,Micra
2850,Coimbatore,2018,10714,Diesel,Automatic,First,19.27,2143,167.62,5.0,39.51,Mercedes-Benz,New
2851,Hyderabad,2010,127510,Diesel,Manual,Second,19.0,1248,90.0,5.0,1.4,Tata,Manza
2852,Kolkata,2014,35010,Diesel,Manual,First,22.9,1248,74.0,5.0,3.5,Maruti,Swift
2853,Jaipur,2012,75451,Petrol,Manual,First,17.5,1197,85.8,5.0,3.78,Maruti,Swift
2854,Pune,2015,83000,Diesel,Manual,First,19.09,1405,69.01,5.0,2.7,Tata,Indigo
2855,Kolkata,2013,38755,Diesel,Manual,First,25.8,1498,98.6,5.0,3.2,Honda,Amaze
2856,Delhi,2016,30000,Petrol,Manual,First,20.4,1197,81.8,5.0,5.0,Maruti,Swift
2857,Chennai,2012,40000,Diesel,Manual,First,20.77,1248,88.8,7.0,7.0,Maruti,Ertiga
2858,Kolkata,2014,19500,Petrol,Manual,Second,18.9,1197,82.0,5.0,2.85,Hyundai,Grand
2859,Ahmedabad,2016,41000,Petrol,Manual,First,19.69,1198,67.04,5.0,4.25,Nissan,Micra
2860,Bangalore,2014,30000,Petrol,Manual,Second,18.9,1197,82.0,5.0,4.9,Hyundai,Grand
2861,Hyderabad,2017,37000,Diesel,Manual,First,17.1,1956,170.0,5.0,16.9,Jeep,Compass
2862,Delhi,2014,62000,Diesel,Manual,Second,22.07,1199,73.9,5.0,4.25,Volkswagen,Polo
2863,Pune,2015,42023,Petrol,Automatic,First,15.5,1198,86.7,5.0,4.34,Honda,Amaze
2864,Kolkata,2012,51001,Diesel,Automatic,First,16.09,1995,184.0,5.0,17.0,BMW,X3
2865,Kochi,2017,55389,Diesel,Automatic,First,18.88,1995,184.0,5.0,28.45,BMW,3
2866,Kochi,2014,46728,Petrol,Automatic,First,15.6,1497,116.3,5.0,6.15,Honda,City
2867,Kochi,2014,58995,Diesel,Manual,First,12.83,2696,162.0,7.0,9.25,Mahindra,Ssangyong
2868,Delhi,2015,37857,Diesel,Manual,First,26.59,1248,74.0,5.0,4.85,Maruti,Swift
2869,Jaipur,2014,71000,Diesel,Manual,First,25.2,1248,74.0,5.0,4.8,Maruti,Swift
2870,Pune,2012,49024,Petrol,Manual,First,18.4,1198,86.8,5.0,2.3,Honda,Brio
2871,Mumbai,2016,10770,Petrol,Manual,First,18.9,1197,82.0,5.0,4.75,Hyundai,Grand
2872,Pune,2017,72000,Diesel,Manual,First,22.95,1248,74.0,5.0,5.0,Tata,Zest
2873,Jaipur,2015,91000,Petrol,Manual,First,21.1,814,55.2,5.0,2.5,Hyundai,EON
2874,Mumbai,2017,14000,Petrol,Manual,First,18.6,1197,81.83,5.0,5.95,Hyundai,i20
2875,Delhi,2014,48000,Diesel,Automatic,Second,9.0,1984,181.0,5.0,16.0,Volvo,S60
2876,Delhi,2014,75136,Diesel,Manual,First,22.7,1498,89.84,5.0,6.15,Ford,Ecosport
2877,Hyderabad,2014,32500,Petrol,Manual,Second,21.1,1197,85.8,5.0,4.05,Maruti,Ritz
2878,Hyderabad,2010,94500,Diesel,Manual,Second,21.9,1396,90.0,5.0,3.1,Hyundai,i20
2879,Hyderabad,2013,34900,Petrol,Manual,First,22.0,1197,81.8,5.0,5.49,Maruti,Dzire
2880,Coimbatore,2010,42400,Petrol,Automatic,Third,8.0,4806,394.3,4.0,42.91,Porsche,Panamera
2881,Jaipur,2015,50000,Diesel,Manual,First,17.8,1248,75.0,5.0,5.7,Maruti,Swift
2882,Kolkata,2014,35000,Petrol,Manual,First,19.4,1198,86.8,5.0,2.85,Honda,Brio
2883,Bangalore,2012,37000,Petrol,Manual,Second,18.6,1199,79.4,5.0,2.35,Chevrolet,Beat
2884,Coimbatore,2018,32807,Petrol,Automatic,First,13.0,1591,121.3,5.0,14.76,Hyundai,Creta
2885,Pune,2008,119000,Petrol,Manual,Second,17.7,1497,78.0,5.0,2.25,Honda,City
2886,Mumbai,2016,12000,Petrol,Manual,First,18.5,1197,85.8,5.0,3.65,Maruti,Ritz
2887,Delhi,2016,46727,Diesel,Manual,First,22.77,1498,98.59,5.0,7.25,Ford,EcoSport
2888,Hyderabad,2010,73336,Diesel,Automatic,First,13.2,1995,170.0,5.0,10.69,BMW,3
2889,Mumbai,2014,9000,Petrol,Manual,Second,17.01,1591,121.3,5.0,5.5,Hyundai,Verna
2890,Chennai,2005,240000,Diesel,Manual,Fourth & Above,12.8,2494,102.0,8.0,5.1,Toyota,Innova
2891,Mumbai,2014,25422,Petrol,Manual,First,22.5,998,67.04,5.0,3.25,Maruti,Wagon
2892,Mumbai,2018,14000,Diesel,Manual,First,25.47,1248,88.5,7.0,9.25,Maruti,Ertiga
2893,Hyderabad,2008,66000,Petrol,Manual,First,19.7,796,46.3,5.0,1.7,Maruti,Alto
2894,Kochi,2010,55324,Petrol,Manual,First,19.0,998,66.1,5.0,2.87,Maruti,A-Star
2895,Bangalore,2009,90000,Diesel,Automatic,First,11.0,2993,235.0,5.0,17.75,BMW,X5
2896,Kolkata,2017,43000,Petrol,Manual,First,18.15,1198,82.0,5.0,4.5,Mahindra,KUV
2897,Bangalore,2008,58483,Petrol,Automatic,Second,19.2,1197,80.0,5.0,2.95,Hyundai,i10
2898,Pune,2007,93000,Petrol,Automatic,Second,12.9,1799,130.0,5.0,2.6,Honda,Civic
2899,Hyderabad,2010,50000,Petrol,Manual,First,20.36,1197,78.9,5.0,3.0,Hyundai,i10
2900,Ahmedabad,2014,78616,Diesel,Automatic,Second,14.84,2143,170.0,5.0,15.5,Mercedes-Benz,New
2901,Pune,2011,37000,Petrol,Manual,First,17.6,1496,88.73,5.0,2.8,Toyota,Etios
2902,Kolkata,2010,54801,Petrol,Manual,First,17.0,1497,118.0,5.0,2.5,Honda,City
2903,Bangalore,2014,29000,Diesel,Manual,First,23.4,1248,74.0,5.0,5.75,Maruti,Swift
2904,Pune,2010,68000,Petrol,Manual,First,22.0,1197,81.8,5.0,2.8,Maruti,Swift
2905,Kolkata,2014,58000,Petrol,Manual,First,17.01,1591,121.3,5.0,4.59,Hyundai,Verna
2906,Pune,2012,64290,Diesel,Manual,First,23.2,1248,73.94,5.0,3.65,Maruti,Ritz
2907,Mumbai,2015,31000,Diesel,Manual,First,13.0,2982,168.5,7.0,19.85,Toyota,Fortuner
2908,Pune,2018,16039,Diesel,Manual,First,17.1,1956,170.0,5.0,18.5,Jeep,Compass
2909,Hyderabad,2017,19860,Petrol,Manual,First,18.6,1197,81.83,5.0,6.95,Hyundai,i20
2910,Delhi,2014,48500,CNG,Manual,Second,35.910000000000004,998,58.16,5.0,2.85,Maruti,Wagon
2911,Jaipur,2012,75391,Diesel,Manual,First,13.93,2179,138.0,7.0,3.75,Tata,New
2912,Jaipur,2008,78000,Diesel,Manual,Second,19.3,1248,73.9,5.0,2.3,Maruti,Swift
2913,Kolkata,2016,78000,Diesel,Manual,First,25.0,1396,69.01,5.0,2.3,Tata,Indigo
2914,Hyderabad,2016,52000,Diesel,Manual,First,28.4,1248,74.0,5.0,5.95,Maruti,Swift
2915,Kolkata,2016,30000,Petrol,Automatic,First,23.1,998,67.04,5.0,3.49,Maruti,Celerio
2916,Coimbatore,2016,19254,Diesel,Automatic,First,14.69,2993,258.0,5.0,47.7,BMW,5
2917,Coimbatore,2015,29651,Petrol,Manual,First,16.47,1198,74.0,5.0,6.43,Volkswagen,Polo
2918,Bangalore,2011,80000,Diesel,Manual,First,13.93,2179,138.03,7.0,4.5,Tata,Safari
2919,Kolkata,2018,2971,Petrol,Automatic,First,13.6,1598,181.0,4.0,39.75,Mini,Cooper
2920,Kolkata,2015,21400,Petrol,Manual,First,15.6,1196,70.0,5.0,4.0,Ford,Figo
2921,Ahmedabad,2015,77000,Diesel,Manual,First,26.0,1498,98.6,5.0,6.98,Honda,City
2922,Delhi,2006,80000,Diesel,Manual,Second,12.6,1991,112.0,7.0,1.75,Hyundai,Tucson
2923,Delhi,2013,81755,Diesel,Manual,First,20.0,1968,108.5,5.0,4.75,Skoda,Laura
2924,Hyderabad,2016,99593,Diesel,Manual,First,11.5,2982,171.0,7.0,23.5,Toyota,Fortuner
2925,Hyderabad,2014,39791,Diesel,Manual,First,22.32,1582,126.32,5.0,7.49,Hyundai,Verna
2926,Hyderabad,2015,113000,Diesel,Manual,First,15.1,2179,140.0,7.0,10.85,Mahindra,XUV500
2927,Mumbai,2017,24000,Petrol,Manual,First,25.17,799,53.3,5.0,3.5,Renault,KWID
2928,Bangalore,2015,39000,Petrol,Manual,Second,18.6,1197,81.83,5.0,6.3,Hyundai,i20
2929,Bangalore,2012,37000,Petrol,Automatic,First,15.6,1497,116.3,5.0,6.75,Honda,City
2930,Coimbatore,2017,61108,Diesel,Automatic,First,10.91,3198,197.0,7.0,28.88,Ford,Endeavour
2931,Kochi,2016,61648,Petrol,Automatic,First,13.7,1798,157.75,5.0,14.23,Skoda,Superb
2932,Mumbai,2012,37000,Diesel,Automatic,Third,22.69,1995,190.0,5.0,15.0,BMW,3
2933,Mumbai,2013,53000,CNG,Manual,First,30.780000000000005,1373,80.9,7.0,5.8,Maruti,Ertiga
2934,Jaipur,2013,65000,Diesel,Manual,First,23.2,1248,73.94,5.0,3.75,Maruti,Ritz
2935,Jaipur,2011,148009,Diesel,Manual,Second,11.5,2982,171.0,7.0,12.75,Toyota,Fortuner
2936,Mumbai,2009,53001,Petrol,Manual,First,16.1,1298,88.2,5.0,1.95,Maruti,Swift
2937,Mumbai,2018,22345,Petrol,Manual,First,20.3,1199,84.0,5.0,4.95,Tata,Tigor
2938,Delhi,2015,50000,Petrol,Automatic,First,18.0,1497,117.3,5.0,8.25,Honda,City
2939,Hyderabad,2013,48183,Diesel,Automatic,First,13.2,1995,170.0,5.0,20.99,BMW,3
2940,Hyderabad,2010,93000,Diesel,Automatic,Second,14.21,2143,203.0,5.0,17.5,Mercedes-Benz,E-Class
2941,Kochi,2015,53500,Diesel,Manual,First,28.4,1248,74.0,5.0,5.36,Maruti,Swift
2942,Delhi,2014,17585,Petrol,Manual,First,16.02,1373,93.7,7.0,6.35,Maruti,Ertiga
2943,Kolkata,2011,36226,Petrol,Manual,First,17.01,1591,121.3,5.0,2.95,Hyundai,Verna
2944,Coimbatore,2019,25899,Diesel,Automatic,First,12.63,2179,147.5,5.0,55.7,Land,Rover
2945,Hyderabad,2017,11200,Diesel,Automatic,First,19.27,2143,167.62,5.0,37.5,Mercedes-Benz,New
2946,Kochi,2017,49045,Petrol,Manual,First,20.36,1197,78.9,5.0,4.07,Hyundai,i10
2947,Kolkata,2012,45000,Diesel,Manual,First,22.07,1199,73.9,5.0,2.99,Volkswagen,Polo
2948,Delhi,2017,40000,Diesel,Manual,First,24.3,1248,88.5,5.0,7.9,Maruti,Vitara
2949,Mumbai,2016,36600,Diesel,Manual,First,19.87,1461,83.8,5.0,7.49,Renault,Duster
2950,Jaipur,2009,117000,Diesel,Manual,First,18.0,1248,75.0,5.0,1.1,Tata,Indica
2951,Delhi,2016,16000,Diesel,Automatic,First,11.3,2987,254.8,7.0,56.0,Mercedes-Benz,GL-Class
2952,Mumbai,2016,50000,Diesel,Manual,First,25.4,1186,73.97,5.0,3.5,Hyundai,Xcent
2953,Hyderabad,2008,150000,Diesel,Manual,First,18.1,1493,110.0,5.0,3.0,Hyundai,Verna
2954,Mumbai,2014,11000,Petrol,Manual,First,17.01,1591,121.3,5.0,6.1,Hyundai,Verna
2955,Bangalore,2010,102016,Petrol,Manual,First,15.6,1196,70.0,5.0,2.25,Ford,Figo
2956,Chennai,2016,38000,Diesel,Manual,First,25.2,1248,74.0,5.0,5.95,Maruti,Swift
2957,Hyderabad,2013,71491,Diesel,Manual,First,23.08,1461,63.12,5.0,4.95,Renault,Pulse
2958,Bangalore,2015,46354,Petrol,Manual,Second,16.47,1198,74.0,5.0,5.49,Volkswagen,Polo
2959,Delhi,2019,87000,Diesel,Automatic,First,22.69,1995,190.0,5.0,6.67,BMW,3
2960,Ahmedabad,2015,20765,Petrol,Manual,First,15.0,1598,103.52,5.0,6.25,Skoda,Rapid
2961,Coimbatore,2014,51076,Diesel,Automatic,First,12.07,2967,241.4,7.0,34.88,Audi,Q7
2962,Jaipur,2016,84085,Diesel,Manual,First,26.21,1248,88.5,5.0,6.9,Maruti,Ciaz
2963,Kolkata,2014,55000,Diesel,Manual,First,25.1,1498,98.6,5.0,5.99,Honda,City
2964,Mumbai,2010,73000,Petrol,Automatic,First,10.93,3498,272.0,5.0,10.4,Mercedes-Benz,E-Class
2965,Pune,2012,50001,Diesel,Automatic,First,14.57,2967,241.38,5.0,29.0,Audi,A6
2966,Coimbatore,2016,93166,Diesel,Manual,Second,14.02,2179,118.3,7.0,5.85,Mahindra,Xylo
2967,Kochi,2006,99583,Petrol,Automatic,Third,12.0,1493,100.0,5.0,2.21,Honda,City
2968,Mumbai,2010,72000,Petrol,Manual,First,15.5,1586,103.3,5.0,2.4,Maruti,SX4
2969,Pune,2009,70000,Petrol,Manual,Third,14.53,1798,138.1,5.0,3.0,Toyota,Corolla
2970,Pune,2012,61000,Petrol,Automatic,Second,14.4,1598,103.6,5.0,3.75,Volkswagen,Vento
2971,Pune,2015,66510,Petrol,Manual,First,21.1,814,55.2,5.0,2.95,Hyundai,EON
2972,Hyderabad,2011,84062,Diesel,Manual,First,20.0,1968,108.5,5.0,5.8,Skoda,Laura
2973,Hyderabad,2012,80799,Diesel,Manual,First,22.9,1248,74.0,5.0,4.9,Maruti,Swift
2974,Kolkata,2018,5000,Petrol,Automatic,First,14.28,1798,138.03,5.0,16.95,Toyota,Corolla
2975,Hyderabad,2013,92000,Diesel,Manual,First,12.99,2494,100.0,8.0,12.5,Toyota,Innova
2976,Hyderabad,2017,53000,Diesel,Manual,First,27.28,1047,69.0,5.0,5.0,Tata,Tiago
2977,Mumbai,2015,39822,Petrol,Manual,First,15.41,1598,103.52,5.0,4.68,Skoda,Rapid
2978,Mumbai,2016,29000,Diesel,Automatic,First,10.91,3198,197.0,7.0,29.8,Ford,Endeavour
2979,Kochi,2017,24214,Petrol,Manual,Second,25.17,799,53.3,5.0,3.46,Renault,KWID
2980,Pune,2012,75000,Diesel,Manual,First,23.0,1396,90.0,5.0,4.0,Hyundai,i20
2981,Chennai,2012,77216,Diesel,Manual,Second,17.5,1896,106.0,5.0,4.5,Skoda,Laura
2982,Kochi,2013,74290,Diesel,Manual,First,21.43,1364,87.2,5.0,5.87,Toyota,Corolla
2983,Delhi,2015,61000,Diesel,Manual,First,15.4,2179,120.0,8.0,9.5,Mahindra,Scorpio
2984,Chennai,2013,44000,Diesel,Automatic,First,14.16,1968,174.3,5.0,32.5,Audi,Q5
2985,Coimbatore,2014,74041,Diesel,Manual,First,18.2,1248,73.8,8.0,3.88,Chevrolet,Enjoy
2986,Coimbatore,2013,85846,Diesel,Automatic,First,22.69,1995,190.0,5.0,13.08,BMW,3
2987,Delhi,2012,52000,Diesel,Manual,First,21.64,1461,84.8,5.0,3.5,Nissan,Sunny
2988,Mumbai,2010,47000,Petrol,Manual,Second,12.8,2354,177.6,5.0,3.5,Honda,Accord
2989,Bangalore,2010,72010,Diesel,Manual,First,16.8,1493,110.0,5.0,4.45,Hyundai,Verna
2990,Jaipur,2015,15000,Petrol,Manual,First,16.8,796,34.2,8.0,2.35,Maruti,Omni
2991,Kolkata,2015,480000,Petrol,Manual,First,17.4,1497,117.3,5.0,5.0,Honda,City
2992,Chennai,2007,75000,Petrol,Manual,Second,16.6,1388,68.0,5.0,2.0,Ford,Fiesta
2993,Mumbai,2015,57000,Diesel,Manual,First,22.54,1396,88.73,5.0,6.35,Hyundai,i20
2994,Kochi,2015,41057,Diesel,Automatic,First,13.0,2143,201.1,5.0,24.63,Mercedes-Benz,E-Class
2995,Pune,2012,92000,CNG,Manual,Second,35.370000000000005,998,58.2,5.0,3.0,Maruti,Wagon
2996,Chennai,2016,20000,Diesel,Manual,First,22.77,1498,98.59,5.0,7.9,Ford,EcoSport
2997,Mumbai,2011,52359,Petrol,Manual,First,18.5,1197,80.0,5.0,3.25,Hyundai,i20
2998,Delhi,2016,17000,Petrol,Manual,Second,17.8,1497,117.3,5.0,8.25,Honda,City
2999,Kolkata,2011,39002,Diesel,Manual,First,23.08,1461,63.1,5.0,2.85,Nissan,Micra
3000,Pune,2010,129986,Diesel,Manual,Second,20.0,1399,68.0,5.0,3.2,Ford,Figo
3001,Kolkata,2013,45000,Petrol,Manual,First,18.44,1198,75.0,5.0,1.75,Nissan,Micra
3002,Ahmedabad,2009,82002,Petrol,Manual,Second,12.8,2354,177.6,5.0,5.75,Honda,Accord
3003,Mumbai,2010,67000,Petrol,Automatic,First,13.7,1798,157.75,5.0,4.7,Skoda,Superb
3004,Hyderabad,2017,21260,Petrol,Manual,First,14.0,796,35.0,5.0,2.9,Maruti,Omni
3005,Ahmedabad,2012,55362,Diesel,Manual,First,21.9,1396,88.8,5.0,4.25,Hyundai,i20
3006,Chennai,2017,13000,Diesel,Automatic,First,17.01,1582,126.2,5.0,14.5,Hyundai,Creta
3007,Kochi,2016,45725,Diesel,Manual,First,25.2,1248,74.0,5.0,5.34,Maruti,Swift
3008,Jaipur,2014,105000,Diesel,Manual,First,25.2,1248,74.0,5.0,3.85,Maruti,Swift
3009,Hyderabad,2009,156056,Diesel,Manual,First,12.8,2494,102.0,8.0,8.5,Toyota,Innova
3010,Mumbai,2016,135000,Diesel,Manual,First,24.4,1120,71.0,5.0,4.2,Hyundai,Xcent
3011,Delhi,2016,67000,Diesel,Manual,First,20.77,1248,88.7,7.0,6.75,Maruti,Ertiga
3012,Jaipur,2016,90000,Diesel,Automatic,First,10.91,3198,197.2,7.0,26.0,Ford,Endeavour
3013,Coimbatore,2019,32251,Diesel,Manual,First,22.54,1396,88.73,5.0,8.61,Hyundai,i20
3014,Mumbai,2009,47000,Petrol,Manual,First,19.0,998,67.1,5.0,1.46,Maruti,Zen
3015,Mumbai,2011,75308,Diesel,Manual,Second,21.1,1248,73.9,5.0,2.8,Maruti,Ritz
3016,Kochi,2018,44202,CNG,Manual,First,43.551,998,58.2,4.0,4.0,Maruti,Alto
3017,Mumbai,2014,58000,Petrol,Manual,First,17.0,1497,118.0,5.0,5.47,Honda,City
3018,Mumbai,2009,60000,Petrol,Manual,First,17.5,1298,85.8,5.0,2.45,Maruti,Swift
3019,Hyderabad,2014,45000,Diesel,Automatic,First,17.05,1995,184.0,5.0,21.5,BMW,X1
3020,Mumbai,2010,41195,Petrol,Manual,First,15.0,1368,90.0,5.0,1.38,Tata,Manza
3021,Chennai,2016,89000,Diesel,Manual,First,16.0,2179,140.0,7.0,13.5,Mahindra,XUV500
3022,Bangalore,2009,60510,Petrol,Automatic,Second,16.95,1197,78.9,5.0,3.1,Hyundai,i10
3023,Mumbai,2016,8500,Petrol,Manual,First,21.4,1197,83.1,5.0,5.49,Maruti,Baleno
3024,Kochi,2017,35981,Diesel,Manual,First,24.3,1248,88.5,5.0,9.51,Maruti,Vitara
3025,Mumbai,2012,23152,Petrol,Manual,First,15.6,1196,70.02,5.0,2.39,Ford,Figo
3026,Delhi,2014,74663,CNG,Manual,First,45.279,998,67.04,5.0,3.25,Maruti,Wagon
3027,Mumbai,2014,61529,Petrol,Automatic,First,18.19,1197,103.5,5.0,5.65,Volkswagen,Vento
3028,Ahmedabad,2010,91596,Diesel,Manual,First,14.95,2489,93.7,7.0,1.85,Mahindra,Xylo
3029,Kochi,2019,14298,Petrol,Automatic,First,13.33,2995,340.0,5.0,2.02,Porsche,Cayenne
3030,Hyderabad,2013,83327,Diesel,Manual,First,19.3,1248,73.9,5.0,5.8,Maruti,Swift
3031,Hyderabad,2017,22857,Petrol,Manual,First,16.2,1199,74.0,5.0,6.9,Volkswagen,Polo
3032,Chennai,2013,34620,Petrol,Manual,Second,17.01,1591,121.3,5.0,5.35,Hyundai,Verna
3033,Bangalore,2010,56000,Petrol,Manual,First,19.81,1086,68.05,5.0,2.85,Hyundai,i10
3034,Chennai,2014,81000,Diesel,Automatic,First,13.0,2143,204.0,5.0,22.75,Mercedes-Benz,E-Class
3035,Jaipur,1998,95150,Petrol,Manual,Third,17.3,993,60.0,5.0,0.45,Maruti,Zen
3036,Coimbatore,2013,32776,Petrol,Manual,First,20.36,1197,78.9,5.0,4.64,Hyundai,i10
3037,Coimbatore,2016,51587,Diesel,Manual,First,25.8,1498,98.6,5.0,5.27,Honda,Amaze
3038,Jaipur,2016,36000,Diesel,Manual,First,14.1,2179,148.0,7.0,10.0,Tata,Safari
3039,Mumbai,2015,22000,Petrol,Manual,First,18.5,1198,86.8,5.0,3.95,Honda,Brio
3040,Kochi,2010,30754,Petrol,Manual,First,17.0,1197,80.0,5.0,3.38,Hyundai,i20
3041,Coimbatore,2018,37109,Petrol,Manual,First,14.69,1390,120.33,5.0,16.8,Volkswagen,Jetta
3042,Kolkata,2010,45000,Petrol,Manual,First,16.7,1198,88.8,5.0,1.99,Honda,Jazz
3043,Coimbatore,2017,33284,Petrol,Manual,First,18.9,1197,82.0,5.0,5.84,Hyundai,Grand
3044,Coimbatore,2016,55115,Diesel,Automatic,First,14.74,2993,270.9,5.0,36.15,Jaguar,XF
3045,Kolkata,2014,18000,Diesel,Automatic,First,16.36,2179,187.7,5.0,25.7,Jaguar,XF
3046,Coimbatore,2013,130790,Diesel,Manual,First,16.0,2179,140.0,7.0,9.24,Mahindra,XUV500
3047,Delhi,2015,16607,Diesel,Manual,First,22.7,1598,118.0,5.0,7.65,Maruti,S
3048,Coimbatore,2015,32205,Diesel,Automatic,First,17.11,1968,174.33,5.0,25.31,Audi,A4
3049,Delhi,2013,67000,Diesel,Manual,First,19.01,1461,108.45,5.0,4.75,Renault,Duster
3050,Coimbatore,2014,57676,Petrol,Manual,First,19.1,1197,85.8,5.0,6.69,Maruti,Swift
3051,Mumbai,2012,41000,Petrol,Manual,First,16.47,1198,73.9,5.0,3.1,Volkswagen,Polo
3052,Jaipur,2012,65000,Petrol,Manual,First,19.7,796,35.0,8.0,1.55,Maruti,Omni
3053,Coimbatore,2019,12153,Petrol,Automatic,First,18.9,1197,81.86,5.0,6.84,Hyundai,Grand
3054,Hyderabad,2014,16810,Petrol,Manual,First,25.4,624,37.5,4.0,1.6,Tata,Nano
3055,Kochi,2017,61221,Petrol,Automatic,First,17.84,1395,147.51,5.0,21.73,Audi,A4
3056,Mumbai,2015,22000,Petrol,Manual,First,16.47,1198,74.0,5.0,4.75,Volkswagen,Polo
3057,Chennai,2015,63714,Petrol,Manual,First,22.74,796,47.3,5.0,2.45,Maruti,Alto
3058,Kochi,2019,14857,Diesel,Automatic,First,20.7,1496,113.98,5.0,31.55,Mini,Cooper
3059,Delhi,2012,69000,Diesel,Automatic,Second,15.2,1968,140.8,5.0,10.25,Audi,A4
3060,Coimbatore,2019,14648,Diesel,Manual,First,12.62,2198,158.0,7.0,27.36,Ford,Endeavour
3061,Hyderabad,2013,100000,Petrol,Manual,Second,15.8,1499,110.0,5.0,6.5,Ford,Ecosport
3062,Jaipur,2016,22000,Petrol,Manual,First,18.9,1197,82.0,5.0,4.25,Hyundai,Grand
3063,Mumbai,2014,10000,Petrol,Manual,First,18.2,1199,82.4,5.0,5.5,Chevrolet,Sail
3064,Kolkata,2015,107000,Petrol,Manual,First,20.85,1197,83.14,5.0,4.0,Maruti,Swift
3065,Kochi,2017,48198,Petrol,Manual,First,17.57,1193,88.7,5.0,4.65,Tata,Zest
3066,Delhi,2015,15000,Diesel,Automatic,First,19.27,2143,170.0,5.0,28.5,Mercedes-Benz,New
3067,Coimbatore,2014,80073,Diesel,Manual,First,17.3,1998,163.7,5.0,7.11,Chevrolet,Cruze
3068,Hyderabad,2013,85388,Diesel,Manual,First,21.1,1248,73.9,5.0,3.9,Maruti,Ritz
3069,Jaipur,2017,14700,Petrol,Manual,First,18.9,1197,81.86,5.0,5.6,Hyundai,Grand
3070,Pune,2012,150000,Diesel,Manual,Third,28.4,1248,73.75,5.0,2.25,Maruti,Dzire
3071,Kolkata,2011,34994,Diesel,Manual,First,22.32,1582,126.32,5.0,3.9,Hyundai,Verna
3072,Coimbatore,2014,82536,Diesel,Automatic,First,14.74,2993,270.9,5.0,28.63,Jaguar,XF
3073,Delhi,2013,82000,Petrol,Automatic,First,13.7,1798,157.75,5.0,7.25,Skoda,Superb
3074,Pune,2006,52000,Petrol,Manual,Second,18.9,998,67.1,5.0,2.0,Maruti,Wagon
3075,Mumbai,2011,20000,Petrol,Manual,First,16.47,1198,73.9,5.0,3.5,Volkswagen,Polo
3076,Hyderabad,2011,55000,Petrol,Manual,First,14.8,1799,130.2,5.0,5.0,Honda,Civic
3077,Ahmedabad,2015,47001,CNG,Manual,First,27.0,1196,63.0,5.0,3.72,Maruti,Eeco
3078,Chennai,2014,52000,Petrol,Manual,First,22.5,998,67.04,5.0,3.45,Maruti,Wagon
3079,Kolkata,2013,43284,Diesel,Manual,First,23.4,1248,74.0,5.0,4.5,Maruti,Swift
3080,Coimbatore,2018,23875,Petrol,Automatic,First,13.0,1591,121.3,5.0,14.36,Hyundai,Creta
3081,Bangalore,2016,51866,Petrol,Manual,First,18.9,1197,82.0,5.0,5.5,Hyundai,Grand
3082,Mumbai,2013,69000,Diesel,Manual,First,23.08,1461,63.1,5.0,3.0,Nissan,Micra
3083,Coimbatore,2017,62788,Petrol,Manual,First,18.9,1197,81.86,5.0,6.08,Hyundai,Grand
3084,Chennai,2013,150000,Diesel,Manual,First,20.54,1598,103.6,5.0,5.0,Volkswagen,Vento
3085,Kochi,2015,47566,Diesel,Automatic,First,12.55,2982,168.5,7.0,20.25,Toyota,Fortuner
3086,Pune,2018,20300,Diesel,Automatic,First,11.36,2755,171.5,7.0,18.0,Toyota,Innova
3087,Pune,2015,48300,Diesel,Automatic,First,20.0,2143,107.3,5.0,17.5,Mercedes-Benz,A
3088,Pune,2013,30000,Petrol,Manual,First,21.1,814,55.2,5.0,2.1,Hyundai,EON
3089,Bangalore,2012,36000,Diesel,Manual,Second,22.7,1582,126.24,5.0,7.5,Hyundai,Elantra
3090,Kochi,2015,27641,Diesel,Automatic,Second,20.7,1496,113.98,4.0,24.77,Mini,Cooper
3091,Bangalore,2015,60000,Diesel,Manual,First,19.64,1461,108.45,5.0,8.65,Renault,Duster
3092,Chennai,2019,9000,Diesel,Automatic,First,10.91,3198,197.0,7.0,35.5,Ford,Endeavour
3093,Delhi,2014,60750,Petrol,Manual,First,14.28,1798,138.03,5.0,10.5,Toyota,Corolla
3094,Delhi,2018,9000,Diesel,Manual,First,14.0,2179,155.0,7.0,13.0,Mahindra,XUV500
3095,Kolkata,2012,41100,Diesel,Automatic,First,16.77,2993,261.49,5.0,26.5,BMW,7
3096,Ahmedabad,2004,60000,Petrol,Manual,Second,17.3,1061,64.0,5.0,1.4,Maruti,Wagon
3097,Kochi,2017,38424,Petrol,Manual,First,17.8,1497,117.3,5.0,7.51,Honda,City
3098,Delhi,2014,50000,Diesel,Manual,First,22.9,1248,74.0,5.0,4.3,Maruti,Swift
3099,Mumbai,2015,19000,Petrol,Automatic,First,18.0,1497,117.3,5.0,8.95,Honda,City
3100,Kochi,2015,58734,Diesel,Manual,First,20.77,1248,88.76,7.0,6.91,Maruti,Ertiga
3101,Coimbatore,2016,65257,Diesel,Manual,First,19.01,1461,108.45,5.0,9.75,Renault,Duster
3102,Jaipur,2010,130000,Diesel,Manual,Second,19.3,1248,73.9,5.0,4.0,Maruti,Swift
3103,Hyderabad,2011,79000,Diesel,Manual,First,23.2,1248,73.94,5.0,3.65,Maruti,Ritz
3104,Chennai,2013,78000,Diesel,Manual,First,15.1,2179,140.0,7.0,10.75,Mahindra,XUV500
3105,Kochi,2015,49133,Petrol,Manual,First,19.4,1198,86.8,5.0,4.51,Honda,Brio
3106,Coimbatore,2014,54448,Diesel,Manual,First,21.02,1248,88.8,5.0,3.7,Tata,Manza
3107,Hyderabad,2014,158793,Diesel,Manual,First,12.8,2494,102.0,7.0,12.99,Toyota,Innova
3108,Delhi,2015,62088,Petrol,Manual,First,18.6,1197,85.8,5.0,4.15,Maruti,Swift
3109,Kolkata,2012,14800,Petrol,Manual,First,17.01,1591,121.3,5.0,4.4,Hyundai,Verna
3110,Kolkata,2015,26000,Petrol,Manual,First,17.3,1497,117.3,7.0,4.25,Honda,Mobilio
3111,Mumbai,2017,32005,Petrol,Manual,First,18.0,1198,86.7,5.0,4.25,Honda,Amaze
3112,Jaipur,2017,35000,Petrol,Automatic,First,18.0,1497,117.3,5.0,7.7,Honda,City
3113,Pune,2015,52000,Diesel,Automatic,First,12.7,2179,187.7,5.0,39.75,Land,Rover
3114,Mumbai,2017,11000,Petrol,Manual,First,17.4,1497,117.3,5.0,8.5,Honda,City
3115,Jaipur,2008,62000,Petrol,Automatic,First,9.5,2997,231.1,5.0,7.0,Mercedes-Benz,E-Class
3116,Chennai,2002,65134,Petrol,Manual,Third,13.8,1299,70.0,5.0,0.8,Ford,Ikon
3117,Delhi,2013,71000,Diesel,Manual,First,13.0,2982,168.5,7.0,15.25,Toyota,Fortuner
3118,Hyderabad,2008,51366,Petrol,Manual,First,19.0,998,66.1,5.0,2.25,Maruti,A-Star
3119,Kolkata,2016,46300,Diesel,Manual,First,14.07,1948,83.1,7.0,4.85,Tata,Sumo
3120,Coimbatore,2012,60908,Petrol,Automatic,Second,15.6,1497,116.3,5.0,6.42,Honda,City
3121,Chennai,2012,93450,Diesel,Manual,Second,23.19,1461,63.12,5.0,2.5,Nissan,Micra
3122,Hyderabad,2011,104000,Diesel,Automatic,First,19.08,1582,126.32,5.0,5.75,Hyundai,Verna
3123,Pune,2003,52000,Petrol,Manual,First,16.1,796,37.0,4.0,0.5,Maruti,800
3124,Coimbatore,2015,42999,Diesel,Manual,First,15.1,2179,140.0,7.0,11.52,Mahindra,XUV500
3125,Delhi,2014,90000,Diesel,Manual,First,21.5,1248,88.8,5.0,4.5,Maruti,SX4
3126,Bangalore,2013,72000,Petrol,Automatic,First,15.0,1396,98.6,5.0,4.75,Hyundai,i20
3127,Coimbatore,2019,54321,Diesel,Manual,First,19.67,1582,126.2,5.0,13.54,Hyundai,Creta
3128,Kochi,2015,59630,Diesel,Automatic,First,13.0,2143,201.1,5.0,23.41,Mercedes-Benz,E-Class
3129,Hyderabad,2013,116000,Diesel,Automatic,Second,12.55,2982,168.5,7.0,19.25,Toyota,Fortuner
3130,Ahmedabad,2015,34000,Diesel,Automatic,First,9.0,1984,181.0,5.0,20.0,Volvo,S60
3131,Delhi,2011,70000,Diesel,Automatic,First,14.21,2143,203.0,5.0,13.0,Mercedes-Benz,E-Class
3132,Chennai,2010,80000,Petrol,Manual,First,10.2,2354,180.0,5.0,3.99,Honda,Accord
3133,Pune,2015,110000,Diesel,Manual,First,25.8,1498,98.6,5.0,4.65,Honda,Amaze
3134,Ahmedabad,2013,56454,Diesel,Manual,First,28.4,1248,73.75,5.0,4.65,Maruti,Dzire
3135,Kolkata,2013,60000,Petrol,Manual,First,18.6,1197,85.8,5.0,3.15,Maruti,Swift
3136,Delhi,2013,56000,Petrol,Automatic,First,14.53,1798,138.1,5.0,8.25,Toyota,Corolla
3137,Bangalore,2012,63000,Diesel,Automatic,Second,11.49,4367,335.3,5.0,65.0,Land,Rover
3138,Chennai,2012,63000,Diesel,Manual,First,22.9,1248,74.0,5.0,4.5,Maruti,Swift
3139,Kolkata,2017,15050,Diesel,Manual,First,16.3,1956,170.0,5.0,17.5,Jeep,Compass
3140,Mumbai,2016,29401,Petrol,Manual,First,20.4,1197,81.8,5.0,4.31,Maruti,Swift
3141,Kochi,2016,25238,Petrol,Manual,First,18.7,1199,88.7,5.0,6.2,Honda,Jazz
3142,Kochi,2011,58752,Petrol,Manual,First,16.47,1198,73.9,5.0,3.32,Volkswagen,Polo
3143,Delhi,2011,62000,Petrol,Automatic,First,12.9,1799,130.0,5.0,3.75,Honda,Civic
3144,Bangalore,2013,132000,Petrol,Manual,First,16.78,1496,88.73,5.0,4.7,Toyota,Etios
3145,Chennai,2016,51000,Petrol,Manual,First,17.01,1591,121.3,5.0,6.5,Hyundai,Verna
3146,Hyderabad,2009,185200,Diesel,Manual,First,12.8,2494,102.0,8.0,7.25,Toyota,Innova
3147,Coimbatore,2016,61717,Diesel,Manual,First,22.7,1598,118.0,5.0,8.94,Maruti,SX4
3148,Kolkata,2018,8896,Petrol,Manual,First,19.0,1194,94.68,5.0,7.34,Ford,Freestyle
3149,Delhi,2016,17000,Petrol,Manual,First,21.4,1197,83.1,5.0,6.9,Maruti,Baleno
3150,Mumbai,2016,31378,Petrol,Manual,First,18.2,1199,88.7,5.0,5.9,Honda,Jazz
3151,Pune,2013,114000,Diesel,Automatic,First,22.32,1582,126.3,5.0,6.75,Hyundai,Verna
3152,Ahmedabad,2014,81000,Diesel,Manual,First,25.8,1498,98.6,5.0,4.1,Honda,Amaze
3153,Mumbai,2017,31000,Diesel,Automatic,First,18.51,1968,147.51,5.0,27.0,Audi,Q3
3154,Mumbai,2014,35000,Petrol,Manual,First,15.0,1598,103.52,5.0,4.5,Skoda,Rapid
3155,Kolkata,2013,60001,Diesel,Automatic,First,17.11,1968,174.33,5.0,14.5,Audi,A4
3156,Jaipur,2014,75074,Diesel,Manual,First,23.4,1248,74.0,5.0,5.25,Maruti,Swift
3157,Kolkata,2012,80000,Diesel,Manual,Second,22.3,1248,74.0,5.0,1.2,Tata,Indica
3158,Jaipur,2006,147350,Diesel,Manual,Second,12.99,2494,100.6,8.0,4.95,Toyota,Innova
3159,Hyderabad,2013,60000,Diesel,Manual,First,19.64,1461,108.45,5.0,7.5,Renault,Duster
3160,Kolkata,2015,7501,Petrol,Automatic,First,10.0,2996,333.0,4.0,48.0,Mercedes-Benz,E-Class
3161,Delhi,2015,58000,Diesel,Manual,First,25.8,1498,98.6,5.0,4.45,Honda,Amaze
3162,Coimbatore,2018,29277,Diesel,Automatic,First,11.57,2987,254.79,5.0,59.65,Mercedes-Benz,GLE
3163,Kochi,2015,57034,Diesel,Manual,First,23.2,1248,73.94,5.0,4.38,Maruti,Ritz
3164,Kochi,2016,40810,Diesel,Manual,First,28.09,1248,88.5,5.0,7.9,Maruti,Ciaz
3165,Coimbatore,2018,34630,Petrol,Automatic,First,21.4,1197,83.1,5.0,7.29,Maruti,Baleno
3166,Hyderabad,2012,45122,Diesel,Manual,First,23.5,1498,88.7,5.0,6.0,Ford,Fiesta
3167,Chennai,2011,126000,Diesel,Manual,Third,16.0,2179,140.0,7.0,6.7,Mahindra,XUV500
3168,Jaipur,2009,63000,Petrol,Manual,First,19.7,796,46.3,5.0,1.5,Maruti,Alto
3169,Kochi,2016,32298,Diesel,Automatic,First,20.7,1496,113.98,4.0,23.8,Mini,Cooper
3170,Kochi,2014,63288,Diesel,Manual,First,15.1,2179,140.0,7.0,7.77,Mahindra,XUV500
3171,Coimbatore,2012,43337,Petrol,Manual,First,17.92,1086,62.1,5.0,3.32,Hyundai,Santro
3172,Kochi,2015,46561,Diesel,Manual,First,22.9,1248,74.0,5.0,4.94,Maruti,Swift
3173,Delhi,2013,34000,Diesel,Automatic,Second,20.0,2143,107.3,5.0,11.0,Mercedes-Benz,A
3174,Hyderabad,2016,48000,Petrol,Manual,First,25.17,799,53.3,5.0,3.4,Renault,KWID
3175,Kochi,2013,56263,Diesel,Manual,First,22.9,1248,74.0,5.0,4.17,Maruti,Swift
3176,Hyderabad,2005,84060,Petrol,Manual,Second,17.3,993,60.0,5.0,1.25,Maruti,Zen
3177,Mumbai,2016,9000,Petrol,Automatic,First,18.9,1197,82.0,5.0,5.45,Hyundai,Grand
3178,Jaipur,2012,79000,Diesel,Manual,First,21.12,1248,88.8,5.0,2.59,Tata,Manza
3179,Pune,2015,87900,Diesel,Manual,First,16.0,2179,140.0,7.0,12.01,Mahindra,XUV500
3180,Delhi,2010,72425,Petrol,Manual,Second,17.5,1197,85.8,5.0,2.45,Maruti,Swift
3181,Bangalore,2015,38000,Diesel,Automatic,First,15.73,1968,174.33,5.0,29.0,Audi,Q3
3182,Hyderabad,2010,107000,Diesel,Automatic,First,14.84,2143,170.0,5.0,11.99,Mercedes-Benz,New
3183,Delhi,2015,51000,Petrol,Automatic,First,18.0,1497,117.3,5.0,7.9,Honda,City
3184,Pune,2010,140000,Diesel,Manual,Third,12.8,2494,102.0,7.0,6.25,Toyota,Innova
3185,Pune,2011,48000,Petrol,Manual,Second,18.6,1199,79.4,5.0,1.8,Chevrolet,Beat
3186,Delhi,2013,62000,CNG,Manual,First,35.910000000000004,998,58.16,5.0,2.8,Maruti,Wagon
3187,Mumbai,2015,31000,Petrol,Manual,First,18.7,1199,88.7,5.0,4.9,Honda,Jazz
3188,Jaipur,2010,75055,Petrol,Manual,First,18.06,1198,75.0,5.0,2.25,Nissan,Micra
3189,Coimbatore,2017,51210,Petrol,Automatic,First,19.12,1373,91.1,5.0,8.89,Maruti,Ciaz
3190,Mumbai,2012,87000,Diesel,Automatic,First,12.55,2982,168.5,7.0,15.0,Toyota,Fortuner
3191,Kolkata,2018,17000,Diesel,Manual,First,26.1,1498,99.0,5.0,5.65,Ford,Aspire
3192,Jaipur,2014,57000,Diesel,Manual,First,20.77,1248,88.8,7.0,7.0,Maruti,Ertiga
3193,Hyderabad,2016,9370,Petrol,Manual,First,22.74,796,47.3,5.0,2.95,Maruti,Alto
3194,Chennai,2013,53226,Petrol,Manual,First,19.4,1198,86.8,5.0,3.3,Honda,Brio
3195,Hyderabad,2010,120000,Diesel,Manual,Second,16.2,1493,110.0,5.0,3.5,Hyundai,Verna
3196,Jaipur,2007,75055,Petrol,Manual,First,12.8,1493,100.0,5.0,2.3,Honda,City
3197,Coimbatore,2017,37247,Diesel,Manual,First,19.67,1582,126.2,5.0,13.69,Hyundai,Creta
3198,Delhi,2013,64000,Diesel,Manual,First,23.59,1364,67.06,5.0,3.1,Toyota,Etios
3199,Mumbai,2014,12000,Petrol,Manual,First,13.44,2359,198.25,5.0,12.75,Hyundai,Sonata
3200,Pune,2017,40158,Diesel,Manual,First,19.67,1582,126.2,5.0,13.75,Hyundai,Creta
3201,Chennai,2017,11000,Petrol,Manual,First,18.7,1199,88.7,5.0,6.75,Honda,Jazz
3202,Chennai,2014,70010,Diesel,Manual,First,20.54,1598,103.6,5.0,5.25,Volkswagen,Vento
3203,Mumbai,2015,82000,Diesel,Manual,First,16.0,2179,140.0,7.0,8.75,Mahindra,XUV500
3204,Kochi,2017,57259,Diesel,Manual,First,18.49,1493,100.0,7.0,8.87,Mahindra,TUV
3205,Bangalore,2010,84000,Petrol,Automatic,Second,11.1,2354,142.0,5.0,6.5,Honda,Accord
3206,Pune,2012,168000,Diesel,Manual,First,20.77,1248,88.76,7.0,4.5,Maruti,Ertiga
3207,Hyderabad,2012,73670,Diesel,Manual,First,12.83,2696,162.0,7.0,12.5,Mahindra,Ssangyong
3208,Delhi,2014,89540,Diesel,Automatic,First,12.55,2982,168.5,7.0,16.8,Toyota,Fortuner
3209,Hyderabad,2016,85423,Diesel,Manual,First,20.77,1248,88.8,7.0,8.75,Maruti,Ertiga
3210,Pune,2013,48823,Diesel,Automatic,First,19.5,1582,126.24,5.0,8.5,Hyundai,Elantra
3211,Kolkata,2011,35082,Petrol,Manual,First,20.36,1197,78.9,5.0,2.21,Hyundai,i10
3212,Jaipur,2012,126000,Petrol,Manual,First,16.8,796,34.2,5.0,1.6,Maruti,Omni
3213,Delhi,2016,19000,Petrol,Automatic,First,15.5,1198,86.7,5.0,6.25,Honda,Amaze
3214,Mumbai,2007,69000,Petrol,Automatic,Second,12.9,1799,130.0,5.0,2.25,Honda,Civic
3215,Kochi,2019,29836,Diesel,Automatic,First,17.9,2143,136.0,5.0,25.75,Mercedes-Benz,CLA
3216,Ahmedabad,2010,48002,Petrol,Manual,Second,13.14,1798,157.8,5.0,6.75,Skoda,Superb
3217,Ahmedabad,2015,52324,Diesel,Manual,First,28.09,1248,88.5,5.0,6.25,Maruti,Ciaz
3218,Delhi,2013,65000,Diesel,Manual,First,22.7,1498,89.84,5.0,5.1,Ford,Ecosport
3219,Mumbai,2009,66000,Diesel,Automatic,Second,8.7,2987,224.34,5.0,10.75,Mercedes-Benz,M-Class
3220,Hyderabad,2016,75700,Diesel,Manual,First,24.0,1120,70.0,5.0,5.7,Hyundai,Grand
3221,Bangalore,2013,43000,Diesel,Manual,First,20.5,1598,105.0,5.0,5.95,Volkswagen,Vento
3222,Kochi,2012,42706,Diesel,Manual,First,25.44,936,56.3,5.0,2.4,Chevrolet,Beat
3223,Mumbai,2013,35000,Diesel,Manual,First,17.21,1493,100.0,7.0,3.49,Mahindra,Quanto
3224,Hyderabad,2011,54348,Petrol,Automatic,First,19.2,1197,80.0,5.0,4.0,Hyundai,i10
3225,Delhi,2013,84000,Diesel,Manual,First,23.59,1364,67.04,5.0,3.85,Toyota,Etios
3226,Mumbai,2010,63298,Petrol,Automatic,First,14.53,1794,138.1,5.0,3.95,Toyota,Corolla
3227,Jaipur,2013,75049,Petrol,Manual,Second,20.36,1197,78.9,5.0,3.0,Hyundai,i10
3228,Kochi,2018,24237,Petrol,Manual,First,18.16,1196,86.8,5.0,6.7,Ford,Figo
3229,Coimbatore,2016,22767,Petrol,Manual,First,18.5,1197,85.8,5.0,6.14,Maruti,Ritz
3230,Bangalore,2012,58000,Petrol,Automatic,Second,15.0,1396,98.6,5.0,4.4,Hyundai,i20
3231,Pune,2017,57000,Diesel,Manual,First,26.59,1248,74.0,5.0,4.25,Maruti,Swift
3232,Kochi,2010,50161,Petrol,Automatic,First,8.77,4395,402.0,5.0,25.93,BMW,7
3233,Kolkata,2016,45000,Diesel,Manual,First,22.7,1598,118.0,5.0,7.0,Maruti,S
3234,Coimbatore,2017,68319,Diesel,Automatic,First,12.55,2982,168.5,7.0,25.12,Toyota,Fortuner
3235,Kochi,2017,30711,Petrol,Manual,First,20.3,998,68.05,5.0,4.45,Hyundai,EON
3236,Kolkata,2011,38277,Diesel,Manual,First,21.9,1396,90.0,5.0,2.4,Hyundai,i20
3237,Pune,2012,115000,Diesel,Manual,Second,20.54,1598,103.6,5.0,4.33,Volkswagen,Vento
3238,Coimbatore,2017,46849,Petrol,Automatic,First,18.5,1197,83.14,5.0,6.93,Maruti,Swift
3239,Ahmedabad,2014,64000,Diesel,Manual,First,21.9,1396,90.0,5.0,4.25,Hyundai,i20
3240,Pune,2010,130923,Diesel,Automatic,First,14.21,2143,203.0,5.0,12.5,Mercedes-Benz,E-Class
3241,Chennai,2015,15000,Petrol,Manual,First,18.9,1197,82.0,5.0,4.9,Hyundai,Grand
3242,Mumbai,2014,32720,Diesel,Manual,First,23.0,1396,90.0,5.0,4.5,Hyundai,i20
3243,Jaipur,2016,12500,Petrol,Manual,First,25.17,799,53.3,5.0,3.0,Renault,KWID
3244,Chennai,2015,59800,Petrol,Automatic,First,16.9,1197,82.0,5.0,5.8,Hyundai,Xcent
3245,Pune,2011,54211,Petrol,Manual,First,15.04,1598,103.6,5.0,3.33,Volkswagen,Vento
3246,Kochi,2015,62242,Diesel,Automatic,First,14.39,1998,163.7,5.0,6.62,Chevrolet,Cruze
3247,Mumbai,2015,54000,Diesel,Manual,Second,19.01,1461,108.5,5.0,5.75,Nissan,Terrano
3248,Hyderabad,2012,65000,Diesel,Manual,First,22.32,1582,126.32,5.0,6.2,Hyundai,Verna
3249,Chennai,2015,55000,Petrol,Automatic,First,23.1,998,67.04,5.0,3.5,Maruti,Celerio
3250,Pune,2010,71000,Petrol,Manual,First,18.9,998,67.1,5.0,2.0,Maruti,Wagon
3251,Chennai,2012,70000,Diesel,Manual,First,21.9,1396,88.8,5.0,4.0,Hyundai,i20
3252,Mumbai,2011,53000,Petrol,Automatic,First,12.3,1781,163.2,5.0,9.5,Audi,A4
3253,Mumbai,2013,43000,Diesel,Automatic,First,17.05,1995,184.0,5.0,17.5,BMW,X1
3254,Mumbai,2015,54000,Petrol,Automatic,First,14.3,1598,103.52,5.0,6.11,Skoda,Rapid
3255,Ahmedabad,2014,51000,Petrol,Manual,First,20.36,1197,78.9,5.0,3.75,Hyundai,i10
3256,Hyderabad,2007,78000,Diesel,Manual,Second,10.5,2835,107.2,6.0,6.2,Mitsubishi,Pajero
3257,Mumbai,2014,25000,Diesel,Manual,First,26.0,1498,98.6,5.0,6.15,Honda,City
3258,Pune,2012,12600,Petrol,Manual,First,20.92,998,67.1,5.0,2.4,Maruti,Alto
3259,Pune,2009,80000,Diesel,Manual,Fourth & Above,17.8,1248,75.0,5.0,2.15,Maruti,Swift
3260,Kolkata,2016,21000,Petrol,Manual,First,18.9,1197,82.0,5.0,3.75,Hyundai,Grand
3261,Mumbai,2011,32000,Petrol,Manual,Second,15.6,1196,70.0,5.0,2.15,Ford,Figo
3262,Bangalore,2015,50000,Petrol,Manual,First,18.9,1197,81.86,5.0,4.75,Hyundai,Grand
3263,Mumbai,2010,47500,Petrol,Manual,First,15.5,1586,103.3,5.0,2.45,Maruti,SX4
3264,Mumbai,2017,7500,Petrol,Manual,First,17.4,1497,117.3,5.0,11.15,Honda,City
3265,Jaipur,2016,68163,Diesel,Automatic,First,19.6,1461,108.45,5.0,8.9,Renault,Duster
3266,Ahmedabad,2014,61000,Diesel,Manual,First,25.8,1498,98.6,5.0,4.35,Honda,Amaze
3267,Jaipur,2015,100000,Diesel,Manual,Second,12.99,2494,100.6,7.0,12.0,Toyota,Innova
3268,Mumbai,2009,61500,Diesel,Automatic,Second,16.07,1995,181.0,5.0,8.5,BMW,3
3269,Kochi,2017,42883,Petrol,Manual,First,19.81,1086,68.05,5.0,4.27,Hyundai,i10
3270,Jaipur,2012,97000,Diesel,Manual,Second,20.45,1461,83.8,5.0,4.25,Renault,Duster
3271,Bangalore,2010,39525,Petrol,Automatic,First,11.3,2360,170.0,5.0,9.25,Mitsubishi,Outlander
3272,Kochi,2017,35384,Diesel,Manual,First,24.3,1248,88.5,5.0,8.61,Maruti,Vitara
3273,Hyderabad,2010,46000,Diesel,Automatic,First,11.8,2987,261.0,7.0,28.0,Mercedes-Benz,R-Class
3274,Coimbatore,2018,32189,Diesel,Manual,First,23.0,1498,98.96,5.0,9.25,Ford,EcoSport
3275,Chennai,2016,27000,Diesel,Automatic,First,19.08,1582,126.2,5.0,8.6,Hyundai,Verna
3276,Coimbatore,2018,22734,Petrol,Manual,First,16.47,1198,74.0,5.0,7.53,Volkswagen,Polo
3277,Mumbai,2014,58002,Diesel,Manual,First,19.64,1461,108.45,5.0,5.75,Renault,Duster
3278,Chennai,2012,31500,Petrol,Automatic,First,16.5,1198,86.8,5.0,4.15,Honda,Brio
3279,Coimbatore,2017,30933,Petrol,Manual,First,18.16,1196,86.8,5.0,5.84,Ford,Figo
3280,Kolkata,2012,27090,Diesel,Automatic,First,18.53,1968,187.74,5.0,16.5,Audi,A6
3281,Mumbai,2015,29500,Diesel,Automatic,First,15.97,2993,258.0,7.0,43.0,BMW,X5
3282,Pune,2013,45000,Petrol,Manual,First,20.36,1197,78.9,5.0,3.55,Hyundai,i10
3283,Hyderabad,2018,11691,Petrol,Manual,First,18.6,1197,81.83,5.0,8.9,Hyundai,i20
3284,Hyderabad,2006,121000,Diesel,Manual,Second,16.4,1896,90.0,5.0,2.5,Skoda,Octavia
3285,Hyderabad,2010,118077,Diesel,Manual,First,16.2,1493,110.0,5.0,3.85,Hyundai,Verna
3286,Chennai,2012,36300,Petrol,Automatic,Third,17.1,1591,121.4,5.0,7.5,Hyundai,Verna
3287,Mumbai,2005,90000,Petrol,Manual,Second,15.3,1341,61.0,5.0,1.8,Hyundai,Getz
3288,Chennai,2010,78000,Diesel,Manual,First,20.0,1399,68.0,5.0,2.25,Ford,Figo
3289,Mumbai,2015,42000,Diesel,Automatic,First,17.68,1968,174.33,5.0,24.25,Audi,A6
3290,Mumbai,2015,27000,Petrol,Manual,First,16.47,1198,74.0,5.0,4.35,Volkswagen,Polo
3291,Kolkata,2012,22000,Diesel,Automatic,First,17.05,1995,184.0,5.0,11.5,BMW,X1
3292,Kolkata,2014,49000,Petrol,Manual,First,17.4,1497,117.3,5.0,4.75,Honda,City
3293,Hyderabad,2012,42600,Diesel,Manual,First,23.0,1396,90.0,5.0,4.99,Hyundai,i20
3294,Coimbatore,2018,12794,Petrol,Automatic,First,19.0,1199,88.7,5.0,9.15,Honda,Jazz
3295,Hyderabad,2014,88046,Petrol,Automatic,First,10.1,2354,152.0,5.0,13.99,Honda,CR-V
3296,Bangalore,2014,8000,Diesel,Automatic,Second,20.0,2143,107.3,5.0,19.75,Mercedes-Benz,A
3297,Coimbatore,2018,82739,Diesel,Automatic,First,16.0,2179,140.0,7.0,16.77,Mahindra,XUV500
3298,Bangalore,2006,193000,Diesel,Manual,Third,13.6,2523,63.0,7.0,2.5,Mahindra,Bolero
3299,Mumbai,2013,7000,Petrol,Automatic,First,17.97,1498,99.6,5.0,3.65,Renault,Scala
3300,Ahmedabad,2012,60000,Diesel,Automatic,Second,12.35,2179,187.74,5.0,23.5,Land,Rover
3301,Pune,2017,38000,Petrol,Manual,First,22.74,796,47.3,5.0,3.11,Maruti,Alto
3302,Kochi,2013,56344,Petrol,Manual,First,17.6,1496,88.73,5.0,4.57,Toyota,Etios
3303,Mumbai,2014,17858,Petrol,Manual,First,17.0,1197,80.0,5.0,5.32,Hyundai,i20
3304,Hyderabad,2012,53000,Petrol,Manual,First,20.36,1197,78.9,5.0,3.2,Hyundai,i10
3305,Kochi,2016,67906,Diesel,Manual,First,25.2,1248,74.0,5.0,5.63,Maruti,Swift
3306,Hyderabad,2015,19000,Petrol,Manual,First,21.1,814,55.2,5.0,3.0,Hyundai,EON
3307,Mumbai,2010,67000,Diesel,Automatic,Second,22.69,1995,190.0,5.0,9.25,BMW,3
3308,Delhi,2011,80000,Diesel,Manual,First,23.57,1396,70.0,5.0,1.2,Tata,Indigo
3309,Delhi,2015,61000,Petrol,Manual,First,22.74,796,47.3,5.0,2.15,Maruti,Alto
3310,Pune,2010,39000,Diesel,Manual,First,22.07,1199,73.9,5.0,3.05,Volkswagen,Polo
3311,Ahmedabad,2014,59000,Petrol,Automatic,First,14.28,1798,138.03,5.0,11.5,Toyota,Corolla
3312,Hyderabad,2008,80931,Petrol,Manual,First,17.92,1086,62.1,5.0,2.3,Hyundai,Santro
3313,Kolkata,2016,34000,Petrol,Manual,First,20.4,1197,81.8,5.0,4.95,Maruti,Swift
3314,Hyderabad,2013,130000,Diesel,Manual,First,21.64,1461,84.8,5.0,4.75,Renault,Scala
3315,Coimbatore,2018,52380,Diesel,Manual,First,24.3,1248,88.5,5.0,10.15,Maruti,Vitara
3316,Kolkata,2011,44000,Petrol,Manual,First,18.06,1198,75.0,5.0,2.65,Nissan,Micra
3317,Hyderabad,2015,84000,Diesel,Manual,First,20.0,1399,68.05,5.0,3.8,Ford,Figo
3318,Kochi,2017,41697,Petrol,Automatic,First,13.1,1997,141.1,5.0,16.68,Honda,CR-V
3319,Pune,2014,163000,Diesel,Manual,First,19.01,1461,108.5,5.0,5.0,Nissan,Terrano
3320,Chennai,2011,42000,Petrol,Manual,Second,17.71,1197,78.9,5.0,3.75,Toyota,Etios
3321,Jaipur,2013,129000,Diesel,Manual,Third,21.27,1396,88.76,5.0,4.11,Hyundai,i20
3322,Chennai,2015,32200,Petrol,Manual,Second,18.16,1196,86.8,5.0,4.25,Ford,Figo
3323,Mumbai,2004,129000,Diesel,Manual,First,10.5,2835,107.2,6.0,3.45,Mitsubishi,Pajero
3324,Bangalore,2014,40000,Diesel,Automatic,First,17.11,1968,174.33,5.0,22.5,Audi,A4
3325,Delhi,2006,150000,Petrol,Manual,First,12.4,1998,132.0,8.0,4.5,Toyota,Innova
3326,Jaipur,2007,140000,Petrol,Manual,First,15.26,1150,74.9,5.0,0.9,Chevrolet,Aveo
3327,Hyderabad,2006,63181,Petrol,Manual,First,15.3,1341,83.0,5.0,1.85,Hyundai,Getz
3328,Kolkata,2013,39575,Diesel,Manual,First,25.8,1498,98.6,5.0,3.25,Honda,Amaze
3329,Coimbatore,2014,70374,Diesel,Manual,First,22.7,1498,89.84,5.0,7.34,Ford,Ecosport
3330,Kolkata,2015,26256,Diesel,Manual,First,20.14,1498,88.5,5.0,4.25,Volkswagen,CrossPolo
3331,Delhi,2016,13460,Petrol,Manual,First,18.6,1197,81.86,5.0,6.45,Hyundai,Elite
3332,Chennai,2011,122000,Diesel,Manual,Second,12.8,2494,102.0,8.0,10.75,Toyota,Innova
3333,Kolkata,2015,58589,Diesel,Automatic,First,15.26,2143,203.2,5.0,27.75,Mercedes-Benz,M-Class
3334,Jaipur,2005,115000,Petrol,Manual,Second,17.3,1061,64.0,5.0,0.99,Maruti,Wagon
3335,Pune,2016,75000,Diesel,Automatic,First,12.62,2198,158.0,7.0,24.0,Ford,Endeavour
3336,Jaipur,2016,30292,Petrol,Manual,First,18.6,1197,81.86,5.0,6.1,Hyundai,Elite
3337,Ahmedabad,2017,32248,Petrol,Manual,First,17.5,1199,88.7,5.0,8.25,Honda,WRV
3338,Bangalore,2013,74000,Petrol,Manual,First,16.47,1198,73.9,5.0,4.65,Volkswagen,Polo
3339,Mumbai,2014,56100,Petrol,Manual,First,13.7,1997,153.86,5.0,9.75,Honda,CR-V
3340,Bangalore,2014,61325,Petrol,Manual,First,18.9,1197,81.86,5.0,4.4,Hyundai,Grand
3341,Kolkata,2014,33000,Petrol,Manual,First,19.1,1197,85.8,5.0,3.99,Maruti,Swift
3342,Coimbatore,2016,18090,Diesel,Automatic,First,16.2,2993,258.0,5.0,45.73,BMW,5
3343,Kochi,2014,71390,Diesel,Manual,First,22.7,1498,89.84,5.0,5.27,Ford,Ecosport
3344,Mumbai,2014,41000,CNG,Manual,First,35.370000000000005,998,58.2,5.0,3.5,Maruti,Wagon
3345,Ahmedabad,2016,67000,Diesel,Manual,First,26.0,1498,98.6,5.0,7.25,Honda,City
3346,Chennai,2008,99000,Diesel,Manual,Second,17.0,1405,70.0,5.0,1.6,Tata,Indigo
3347,Pune,2014,142000,Diesel,Manual,Second,19.01,1461,108.45,5.0,6.0,Renault,Duster
3348,Chennai,2010,26966,Petrol,Manual,First,20.36,1197,78.9,5.0,3.0,Hyundai,i10
3349,Mumbai,2015,27628,Petrol,Manual,First,18.7,1199,88.7,5.0,4.95,Honda,Jazz
3350,Hyderabad,2016,82497,Diesel,Manual,First,23.65,1248,88.5,5.0,8.99,Maruti,SX4
3351,Mumbai,2007,86000,Petrol,Manual,Third,11.9,2354,144.0,5.0,1.85,Honda,Accord
3352,Coimbatore,2016,26981,Petrol,Manual,First,16.47,1198,73.9,5.0,6.16,Volkswagen,Polo
3353,Hyderabad,2010,110471,Diesel,Manual,First,21.1,1248,73.9,5.0,3.5,Maruti,Ritz
3354,Jaipur,2014,69000,Petrol,Manual,First,19.5,1199,88.76,5.0,4.5,Honda,Amaze
3355,Hyderabad,2017,12000,Petrol,Manual,First,18.6,1197,81.83,5.0,7.75,Hyundai,i20
3356,Hyderabad,2014,77500,Diesel,Manual,First,20.45,1461,83.8,5.0,6.6,Renault,Duster
3357,Kochi,2014,48031,Petrol,Manual,First,18.9,1197,82.0,5.0,4.98,Hyundai,Grand
3358,Chennai,2008,170000,Diesel,Automatic,Third,16.07,1995,181.0,5.0,9.75,BMW,3
3359,Mumbai,2014,69565,Diesel,Manual,First,22.7,1498,89.84,5.0,5.55,Ford,Ecosport
3360,Hyderabad,2016,45492,Diesel,Automatic,First,21.5,1498,108.5,5.0,10.3,Volkswagen,Vento
3361,Chennai,2011,85000,Petrol,Automatic,Second,11.7,2354,177.6,5.0,7.5,Honda,Accord
3362,Hyderabad,2008,55902,Petrol,Manual,First,14.49,1399,92.7,5.0,1.8,Chevrolet,Aveo
3363,Hyderabad,2017,18500,Petrol,Manual,First,16.2,1199,74.0,5.0,6.25,Volkswagen,Polo
3364,Hyderabad,2015,129750,Diesel,Manual,Second,14.95,2489,93.7,7.0,6.8,Mahindra,Xylo
3365,Hyderabad,2009,50902,Petrol,Automatic,First,19.2,1197,80.0,5.0,3.0,Hyundai,i10
3366,Coimbatore,2015,84725,Diesel,Manual,First,15.1,2179,140.0,7.0,11.6,Mahindra,XUV500
3367,Mumbai,2013,40000,Diesel,Manual,Second,22.7,1582,126.24,5.0,6.95,Hyundai,Elantra
3368,Mumbai,2010,60000,Petrol,Manual,Third,14.3,1798,160.0,5.0,3.5,Volkswagen,Passat
3369,Coimbatore,2014,33496,Petrol,Manual,First,18.9,1197,81.86,5.0,5.5,Hyundai,Grand
3370,Mumbai,2015,25000,Petrol,Manual,First,18.6,1197,81.83,5.0,5.65,Hyundai,i20
3371,Ahmedabad,2013,71000,Diesel,Manual,First,18.2,1248,73.8,8.0,3.25,Chevrolet,Enjoy
3372,Coimbatore,2015,20826,Petrol,Automatic,First,14.3,1598,103.6,5.0,7.72,Skoda,Rapid
3373,Pune,2016,42244,Diesel,Manual,First,19.67,1582,126.2,5.0,12.0,Hyundai,Creta
3374,Jaipur,2013,98598,Diesel,Manual,First,25.44,936,57.6,5.0,1.55,Chevrolet,Beat
3375,Delhi,2011,62100,Diesel,Manual,First,11.5,2982,171.0,7.0,10.75,Toyota,Fortuner
3376,Coimbatore,2016,44238,Petrol,Manual,First,18.6,1197,81.83,5.0,6.72,Hyundai,i20
3377,Coimbatore,2012,91743,Diesel,Automatic,First,12.07,2967,241.4,7.0,28.55,Audi,Q7
3378,Bangalore,2013,19828,Diesel,Automatic,Second,17.85,2967,300.0,4.0,75.0,Porsche,Panamera
3379,Hyderabad,2016,36891,Petrol,Manual,First,17.8,1497,117.3,5.0,10.49,Honda,City
3380,Hyderabad,2012,90049,Diesel,Manual,First,17.21,1493,100.0,7.0,3.8,Mahindra,Quanto
3381,Ahmedabad,2012,74002,Diesel,Automatic,First,16.55,1968,140.0,5.0,18.5,Audi,A4
3382,Kolkata,2013,41000,Petrol,Automatic,First,12.37,2359,198.25,5.0,6.0,Hyundai,Sonata
3383,Hyderabad,2012,83678,Diesel,Manual,First,22.32,1582,126.32,5.0,5.5,Hyundai,Verna
3384,Pune,2010,91000,Petrol,Manual,First,18.9,998,67.1,5.0,2.3,Maruti,Wagon
3385,Jaipur,2016,50000,Diesel,Manual,First,24.52,1248,88.5,7.0,8.7,Maruti,Ertiga
3386,Delhi,2015,58000,Diesel,Manual,First,24.4,1120,71.01,5.0,4.95,Hyundai,Xcent
3387,Jaipur,2012,80000,Diesel,Manual,First,22.9,1248,74.0,5.0,4.25,Maruti,Swift
3388,Kochi,2017,41290,Diesel,Manual,Second,16.0,2179,140.0,7.0,10.94,Mahindra,XUV500
3389,Delhi,2013,65000,Diesel,Automatic,First,22.48,1995,190.0,5.0,21.26,BMW,5
3390,Bangalore,2016,16471,Petrol,Manual,Second,14.28,1798,138.03,5.0,11.5,Toyota,Corolla
3391,Pune,2015,54339,Diesel,Manual,Second,22.54,1396,88.73,5.0,6.0,Hyundai,i20
3392,Hyderabad,2016,24025,Petrol,Manual,First,18.15,1198,82.0,6.0,4.1,Mahindra,KUV
3393,Kolkata,2013,24027,Petrol,Manual,First,24.7,796,47.3,5.0,2.01,Maruti,Alto
3394,Hyderabad,2010,59270,Petrol,Manual,First,15.7,1172,67.0,5.0,2.6,Fiat,Punto
3395,Kolkata,2012,40000,Petrol,Manual,First,18.9,998,67.1,5.0,2.35,Maruti,Wagon
3396,Bangalore,2012,155566,Diesel,Manual,Second,9.5,2835,118.6,6.0,9.15,Mitsubishi,Pajero
3397,Chennai,2013,42320,Petrol,Manual,First,19.4,1198,86.8,5.0,2.9,Honda,Brio
3398,Coimbatore,2017,24153,Diesel,Manual,Second,22.54,1396,88.73,5.0,9.18,Hyundai,i20
3399,Mumbai,2016,27000,Petrol,Automatic,First,13.0,1591,121.3,5.0,11.45,Hyundai,Creta
3400,Hyderabad,2012,92000,CNG,Manual,Second,36.2205,796,38.4,5.0,2.1,Maruti,Alto
3401,Kochi,2017,61795,Petrol,Manual,First,17.8,1198,86.7,5.0,5.53,Honda,Amaze
3402,Chennai,2016,13500,Petrol,Manual,First,18.15,1198,82.0,6.0,3.75,Mahindra,KUV
3403,Pune,2018,4500,Petrol,Automatic,First,18.0,1497,117.3,5.0,12.5,Honda,City
3404,Mumbai,2017,23000,Diesel,Automatic,First,16.0,2179,140.0,7.0,15.5,Mahindra,XUV500
3405,Mumbai,2013,80578,Diesel,Automatic,Second,14.84,2143,170.0,5.0,14.5,Mercedes-Benz,New
3406,Coimbatore,2017,42646,Diesel,Automatic,First,19.6,1461,108.45,5.0,12.46,Renault,Duster
3407,Bangalore,2014,30000,Petrol,Manual,Second,16.47,1198,74.0,5.0,5.25,Volkswagen,Polo
3408,Bangalore,2009,98000,Diesel,Automatic,Second,13.5,2987,282.0,5.0,25.0,Mercedes-Benz,S
3409,Hyderabad,2012,50000,Diesel,Automatic,First,12.9,2993,271.23,4.0,45.0,Jaguar,XJ
3410,Jaipur,2015,63310,Diesel,Manual,First,28.4,1248,74.0,5.0,5.1,Maruti,Swift
3411,Delhi,2014,66000,Diesel,Manual,First,25.8,1498,98.6,5.0,3.5,Honda,Amaze
3412,Ahmedabad,2011,74000,Diesel,Automatic,Second,16.07,1995,181.0,5.0,12.5,BMW,3
3413,Hyderabad,2012,93000,Diesel,Manual,First,23.5,1396,88.7,5.0,5.55,Hyundai,Verna
3414,Delhi,2015,70000,Diesel,Automatic,First,11.5,2982,169.0,7.0,19.48,Toyota,Fortuner
3415,Ahmedabad,2012,48772,Petrol,Manual,First,18.6,1197,85.8,5.0,3.91,Maruti,Swift
3416,Chennai,2010,66000,Petrol,Manual,First,18.6,1199,79.4,5.0,2.19,Chevrolet,Beat
3417,Coimbatore,2017,27417,Petrol,Automatic,First,18.9,1197,82.0,5.0,6.89,Hyundai,Grand
3418,Coimbatore,2011,51593,Petrol,Manual,Second,15.6,1196,70.0,5.0,3.47,Ford,Figo
3419,Pune,2010,75000,Petrol,Manual,First,16.1,1298,88.2,5.0,2.85,Maruti,Swift
3420,Coimbatore,2016,39237,Diesel,Automatic,First,17.11,1968,174.33,5.0,25.64,Audi,A4
3421,Kochi,2018,11966,Petrol,Manual,First,16.8,1497,116.3,5.0,10.28,Honda,City
3422,Hyderabad,2015,37000,Petrol,Manual,First,18.2,1199,88.7,5.0,6.3,Honda,Jazz
3423,Chennai,2014,70920,Diesel,Manual,First,20.14,1498,88.8,5.0,4.75,Volkswagen,Polo
3424,Hyderabad,2013,65280,Diesel,Manual,First,19.87,1461,83.14,5.0,5.8,Nissan,Terrano
3425,Hyderabad,2016,62000,Diesel,Automatic,First,12.51,2179,187.7,7.0,44.5,Land,Rover
3426,Kochi,2014,44525,Petrol,Manual,First,18.5,1197,82.9,5.0,4.65,Hyundai,i20
3427,Jaipur,2009,86863,Petrol,Manual,First,17.0,1497,118.0,5.0,3.6,Honda,City
3428,Hyderabad,2015,102626,Diesel,Manual,First,16.0,2179,140.0,7.0,12.25,Mahindra,XUV500
3429,Jaipur,2017,45000,Diesel,Manual,First,16.3,1956,170.0,5.0,20.0,Jeep,Compass
3430,Jaipur,2017,22000,Diesel,Manual,First,16.0,2179,140.0,7.0,16.0,Mahindra,XUV500
3431,Coimbatore,2011,108905,Diesel,Automatic,Second,11.79,2179,120.0,8.0,6.21,Mahindra,Scorpio
3432,Kolkata,2016,12800,Petrol,Manual,First,19.44,1198,67.0,7.0,3.25,Datsun,GO
3433,Kolkata,2016,32000,Diesel,Manual,First,15.4,2179,120.0,7.0,9.75,Mahindra,Scorpio
3434,Mumbai,2014,39000,Petrol,Automatic,First,15.5,1198,86.7,5.0,4.45,Honda,Amaze
3435,Pune,2017,42000,Diesel,Manual,First,25.6,1498,98.6,5.0,12.0,Honda,City
3436,Chennai,2008,73000,Petrol,Manual,First,14.4,1396,65.0,5.0,0.8,Tata,Indigo
3437,Chennai,2018,48000,Diesel,Manual,First,24.0,1186,73.97,5.0,5.95,Hyundai,Grand
3438,Pune,2015,18000,CNG,Manual,First,45.144,796,40.3,4.0,3.0,Maruti,Alto
3439,Kolkata,2014,19000,Petrol,Manual,First,17.43,1396,105.5,5.0,5.25,Hyundai,Verna
3440,Coimbatore,2019,33598,Diesel,Manual,First,13.68,2393,147.8,7.0,22.2,Toyota,Innova
3441,Jaipur,2012,63000,Diesel,Automatic,First,17.05,1995,184.0,5.0,13.5,BMW,X1
3442,Chennai,2015,48000,Diesel,Automatic,First,16.96,1968,138.03,5.0,13.5,Volkswagen,Jetta
3443,Delhi,2014,66000,Diesel,Manual,First,20.0,1399,68.05,5.0,3.47,Ford,Figo
3444,Ahmedabad,2013,80000,Diesel,Automatic,Second,11.18,2696,184.0,7.0,9.5,Mahindra,Ssangyong
3445,Chennai,2011,37000,Petrol,Manual,First,15.04,1598,103.6,5.0,4.8,Volkswagen,Vento
3446,Kochi,2016,35058,Petrol,Manual,First,15.0,1598,103.52,5.0,6.54,Skoda,Rapid
3447,Delhi,2012,52000,Petrol,Manual,First,16.47,1198,73.9,5.0,3.1,Volkswagen,Polo
3448,Hyderabad,2015,61313,Diesel,Manual,First,23.65,1248,88.5,5.0,7.99,Maruti,S
3449,Kolkata,2009,45000,Petrol,Manual,Second,14.53,1798,138.1,5.0,3.3,Toyota,Corolla
3450,Bangalore,2015,74000,Diesel,Manual,First,20.77,1248,88.8,7.0,8.75,Maruti,Ertiga
3451,Hyderabad,2013,89000,Petrol,Automatic,First,19.2,1197,80.0,5.0,4.19,Hyundai,i10
3452,Kochi,2019,13414,Diesel,Automatic,First,17.9,2143,136.0,5.0,30.77,Mercedes-Benz,CLA
3453,Jaipur,2006,95000,Petrol,Manual,Second,16.9,1497,100.0,5.0,2.11,Honda,City
3454,Jaipur,2018,15900,Petrol,Manual,First,18.15,1198,82.0,6.0,6.25,Mahindra,KUV
3455,Delhi,2011,151000,Diesel,Manual,First,11.5,2982,171.0,7.0,11.4,Toyota,Fortuner
3456,Bangalore,2011,65000,Petrol,Manual,First,17.0,1497,118.0,5.0,5.2,Honda,City
3457,Coimbatore,2017,36824,Diesel,Automatic,First,18.53,1968,187.74,5.0,39.84,Audi,A6
3458,Coimbatore,2013,65287,Diesel,Manual,First,20.0,1399,68.05,5.0,4.45,Ford,Figo
3459,Kolkata,2014,52000,Diesel,Automatic,First,17.9,2143,136.0,5.0,19.5,Mercedes-Benz,GLA
3460,Hyderabad,2007,33000,Petrol,Manual,First,15.26,1150,74.9,5.0,1.75,Chevrolet,Aveo
3461,Hyderabad,2016,71000,Diesel,Manual,First,25.83,1498,99.0,5.0,5.1,Ford,Figo
3462,Delhi,2013,71000,Diesel,Automatic,First,22.7,1582,126.2,5.0,6.8,Hyundai,Elantra
3463,Kolkata,2016,20000,Petrol,Automatic,First,21.4,1197,83.1,5.0,5.74,Maruti,Baleno
3464,Hyderabad,2010,71000,Petrol,Manual,First,16.1,1197,85.0,5.0,3.3,Maruti,Swift
3465,Hyderabad,2010,29000,Diesel,Automatic,First,9.9,3498,271.72,4.0,32.0,Mercedes-Benz,CLS-Class
3466,Ahmedabad,2016,27000,Diesel,Automatic,First,21.76,1995,190.0,5.0,35.0,BMW,3
3467,Chennai,2017,19000,Diesel,Automatic,First,28.4,1248,73.75,5.0,8.9,Maruti,Dzire
3468,Mumbai,2011,58000,Petrol,Manual,Second,17.01,1591,121.3,5.0,4.0,Hyundai,Verna
3469,Kochi,2018,42203,Diesel,Manual,First,17.1,1956,170.0,5.0,19.46,Jeep,Compass
3470,Hyderabad,2009,94000,Diesel,Automatic,First,11.4,1991,142.0,5.0,5.25,Hyundai,Sonata
3471,Delhi,2013,52000,CNG,Manual,Second,20.385,1196,73.0,5.0,2.6,Maruti,Eeco
3472,Kolkata,2018,4900,Diesel,Manual,First,21.5,1497,108.5,5.0,9.22,Tata,Nexon
3473,Jaipur,2013,70000,Petrol,Manual,First,21.1,814,55.2,5.0,1.8,Hyundai,EON
3474,Kochi,2015,65266,Diesel,Automatic,First,14.69,2993,258.0,5.0,31.75,BMW,5
3475,Delhi,2014,54569,Diesel,Manual,First,20.77,1248,88.76,7.0,5.99,Maruti,Ertiga
3476,Kochi,2015,51361,Petrol,Manual,First,18.0,1198,86.7,5.0,4.94,Honda,Amaze
3477,Jaipur,2007,125000,Petrol,Manual,Third,16.6,1388,68.0,5.0,1.5,Ford,Fiesta
3478,Bangalore,2008,66000,Petrol,Manual,Third,13.5,1799,130.0,5.0,3.25,Honda,Civic
3479,Hyderabad,2007,65047,LPG,Manual,First,23.355000000000004,1061,57.5,5.0,1.95,Maruti,Wagon
3480,Delhi,2014,22281,Diesel,Manual,First,20.77,1248,88.8,7.0,6.5,Maruti,Ertiga
3481,Delhi,2013,63210,Diesel,Manual,First,24.0,1120,70.0,5.0,3.71,Hyundai,Grand
3482,Pune,2018,31000,Petrol,Manual,First,20.14,1197,81.86,5.0,5.0,Hyundai,Xcent
3483,Ahmedabad,2008,60000,Petrol,Manual,First,19.81,1086,68.05,5.0,1.99,Hyundai,i10
3484,Mumbai,2017,32006,Petrol,Manual,First,18.0,1198,86.7,5.0,4.25,Honda,Amaze
3485,Ahmedabad,2009,78000,Diesel,Automatic,First,12.4,2698,179.5,5.0,8.0,Audi,A6
3486,Mumbai,2011,9489,Petrol,Manual,First,20.36,1197,78.9,5.0,2.95,Hyundai,i10
3487,Pune,2018,5000,Petrol,Manual,First,25.17,799,53.3,5.0,3.5,Renault,KWID
3488,Jaipur,2012,60000,Diesel,Automatic,Second,15.2,1968,140.8,5.0,16.0,Audi,A4
3489,Jaipur,2015,50000,Petrol,Manual,First,22.74,796,47.3,5.0,2.75,Maruti,Alto
3490,Delhi,2015,53000,Petrol,Manual,First,17.8,1497,117.3,5.0,6.95,Honda,City
3491,Delhi,2011,64000,Petrol,Automatic,Second,11.74,1796,186.0,5.0,12.5,Mercedes-Benz,New
3492,Coimbatore,2017,43827,Diesel,Automatic,First,13.22,2967,241.4,5.0,36.83,Audi,Q5
3493,Pune,2011,36431,Petrol,Manual,First,16.2,1199,74.0,5.0,2.7,Volkswagen,Polo
3494,Mumbai,2017,35000,Diesel,Manual,First,21.38,1396,88.7,5.0,9.9,Hyundai,Creta
3495,Kochi,2011,94832,Petrol,Manual,First,17.0,1497,118.0,5.0,3.83,Honda,City
3496,Coimbatore,2012,88381,Petrol,Manual,First,17.0,1497,118.0,5.0,5.25,Honda,City
3497,Kolkata,2016,45194,Diesel,Manual,First,22.7,1598,118.0,5.0,7.75,Maruti,S
3498,Mumbai,2010,66000,Petrol,Manual,Second,16.51,1586,103.2,5.0,2.46,Maruti,SX4
3499,Kolkata,2014,38578,Diesel,Manual,First,23.4,1248,74.0,5.0,3.96,Maruti,Swift
3500,Chennai,2015,40000,Diesel,Manual,First,20.77,1248,88.8,7.0,8.25,Maruti,Ertiga
3501,Coimbatore,2018,20632,Petrol,Manual,First,18.6,1197,81.83,5.0,7.58,Hyundai,i20
3502,Hyderabad,2014,73042,Diesel,Manual,First,24.0,1120,70.0,5.0,3.99,Hyundai,Grand
3503,Delhi,2014,54257,Petrol,Manual,First,17.4,1497,117.3,5.0,6.25,Honda,City
3504,Hyderabad,2013,93000,Diesel,Manual,First,20.5,1598,103.5,5.0,5.0,Skoda,Rapid
3505,Hyderabad,2005,102000,Diesel,Automatic,Second,11.0,2987,198.5,5.0,4.65,Mercedes-Benz,E-Class
3506,Coimbatore,2016,28881,Diesel,Automatic,First,13.01,2199,194.3,7.0,21.37,Hyundai,Santa
3507,Hyderabad,2007,52195,Petrol,Manual,First,19.7,796,46.3,5.0,1.75,Maruti,Alto
3508,Coimbatore,2018,20422,Diesel,Manual,First,12.4,2499,134.0,5.0,16.09,ISUZU,D-MAX
3509,Kolkata,2012,38000,Diesel,Manual,First,24.8,1396,88.7,5.0,4.1,Hyundai,Verna
3510,Coimbatore,2015,92885,Diesel,Manual,First,20.0,1399,68.0,5.0,3.56,Ford,Figo
3511,Pune,2010,43000,Petrol,Manual,Second,17.0,1497,118.0,5.0,4.21,Honda,City
3512,Delhi,2015,57000,Diesel,Manual,First,23.9,1582,126.2,5.0,6.6,Hyundai,Verna
3513,Coimbatore,2018,32434,Petrol,Automatic,First,13.0,1591,121.3,5.0,14.35,Hyundai,Creta
3514,Hyderabad,2017,32000,Diesel,Manual,First,22.7,1498,89.84,5.0,9.5,Ford,Ecosport
3515,Delhi,2011,59000,Diesel,Automatic,First,11.2,2993,241.0,4.0,21.9,BMW,X6
3516,Coimbatore,2016,76467,Diesel,Automatic,First,18.12,1995,190.0,5.0,30.45,BMW,5
3517,Hyderabad,2016,100000,Diesel,Manual,First,25.83,1498,99.0,5.0,5.1,Ford,Figo
3518,Pune,2013,37086,Petrol,Automatic,First,17.0,1591,121.3,5.0,5.44,Hyundai,Verna
3519,Jaipur,2010,135000,Diesel,Manual,First,13.8,1399,68.0,5.0,1.6,Ford,Ikon
3520,Kochi,2014,54862,Diesel,Automatic,First,17.68,1968,174.33,5.0,16.67,Audi,A6
3521,Pune,2012,56200,Petrol,Automatic,First,15.0,1396,98.6,5.0,3.85,Hyundai,i20
3522,Kochi,2011,169006,Diesel,Manual,First,14.24,2755,174.5,7.0,10.64,Toyota,Fortuner
3523,Bangalore,2016,20229,Petrol,Manual,First,25.17,799,53.3,5.0,3.5,Renault,KWID
3524,Chennai,2008,62000,Petrol,Manual,Third,18.0,995,62.0,5.0,1.1,Chevrolet,Spark
3525,Hyderabad,2011,51500,Petrol,Manual,Second,16.2,1599,103.2,5.0,2.6,Hyundai,Verna
3526,Hyderabad,2012,69000,Diesel,Automatic,First,18.88,1995,184.0,5.0,18.5,BMW,3
3527,Hyderabad,2015,62476,Diesel,Manual,First,26.59,1248,74.0,5.0,7.95,Maruti,Swift
3528,Jaipur,2017,60500,Diesel,Manual,First,25.4,1186,73.97,5.0,5.49,Hyundai,Xcent
3529,Mumbai,2017,17978,Petrol,Automatic,First,19.0,1199,88.7,5.0,6.95,Honda,Jazz
3530,Jaipur,2008,300000,Diesel,Manual,First,17.0,1405,70.0,5.0,1.0,Tata,Indigo
3531,Chennai,2013,123000,Diesel,Manual,Second,17.8,1399,67.0,5.0,4.45,Ford,Fiesta
3532,Kolkata,2016,45296,Diesel,Manual,First,25.1,1248,88.5,5.0,6.99,Maruti,S-Cross
3533,Coimbatore,2008,77325,Petrol,Manual,First,15.6,1586,104.68,5.0,3.51,Maruti,SX4
3534,Kochi,2018,25858,Petrol,Automatic,First,21.4,1197,83.1,5.0,7.54,Maruti,Baleno
3535,Bangalore,2016,120000,Diesel,Manual,First,23.2,1248,73.94,5.0,3.65,Maruti,Ritz
3536,Ahmedabad,2016,22000,Diesel,Automatic,First,19.5,1582,126.24,5.0,16.0,Hyundai,Elantra
3537,Kolkata,2012,11000,Petrol,Manual,First,16.2,995,62.1,5.0,1.4,Chevrolet,Spark
3538,Mumbai,2017,3900,Petrol,Manual,First,18.6,1197,81.83,5.0,6.45,Hyundai,i20
3539,Hyderabad,2016,106092,Diesel,Manual,First,24.4,1120,71.0,5.0,4.4,Hyundai,Xcent
3540,Delhi,2015,27000,Petrol,Automatic,First,19.0,1199,88.7,5.0,5.95,Honda,Jazz
3541,Ahmedabad,2013,11000,Petrol,Manual,First,19.4,1198,86.8,5.0,3.9,Honda,Brio
3542,Coimbatore,2016,39753,Diesel,Automatic,First,13.0,2143,201.1,5.0,35.28,Mercedes-Benz,E-Class
3543,Pune,2017,39800,Diesel,Manual,First,17.6,2179,153.86,7.0,14.25,Tata,Hexa
3544,Pune,2017,73000,Diesel,Manual,First,24.4,1120,71.0,5.0,4.5,Hyundai,Xcent
3545,Pune,2015,55000,Diesel,Manual,First,22.7,1498,89.84,5.0,7.5,Ford,Ecosport
3546,Coimbatore,2017,18351,Petrol,Automatic,First,21.9,624,37.48,4.0,3.41,Tata,Nano
3547,Pune,2013,45000,Petrol,Manual,Second,19.4,1198,86.8,5.0,3.25,Honda,Brio
3548,Hyderabad,2016,112200,Diesel,Manual,First,24.52,1248,88.5,7.0,8.3,Maruti,Ertiga
3549,Bangalore,2010,29000,Petrol,Manual,First,20.36,1197,78.9,5.0,3.45,Hyundai,i10
3550,Mumbai,2015,53392,Diesel,Manual,First,16.0,2179,140.0,7.0,11.95,Mahindra,XUV500
3551,Hyderabad,2010,71000,Diesel,Manual,First,20.54,1598,103.6,5.0,4.25,Volkswagen,Vento
3552,Hyderabad,2014,93000,Diesel,Manual,First,14.0,2179,138.1,7.0,8.25,Tata,Safari
3553,Hyderabad,2010,119000,Petrol,Manual,First,10.2,2354,180.0,5.0,5.95,Honda,Accord
3554,Coimbatore,2016,42225,Petrol,Manual,First,15.1,1196,73.0,7.0,4.3,Maruti,Eeco
3555,Ahmedabad,2012,65000,Diesel,Manual,First,22.9,1248,74.0,5.0,3.9,Maruti,Swift
3556,Pune,2016,27809,Petrol,Automatic,First,21.4,1197,83.1,5.0,6.41,Maruti,Baleno
3557,Coimbatore,2015,65100,Diesel,Manual,First,15.1,2179,140.0,7.0,8.36,Mahindra,XUV500
3558,Chennai,2014,51000,Petrol,Manual,First,19.1,1197,82.0,5.0,3.85,Hyundai,Xcent
3559,Hyderabad,2017,10000,Diesel,Automatic,First,19.27,2143,167.62,5.0,36.0,Mercedes-Benz,New
3560,Kolkata,2011,54895,Petrol,Manual,First,13.14,1798,160.0,5.0,7.5,Skoda,Superb
3561,Hyderabad,2015,80768,Diesel,Manual,First,20.14,1498,88.73,5.0,5.7,Volkswagen,CrossPolo
3562,Kochi,2019,12076,Petrol,Manual,First,20.89,1197,81.8,5.0,5.5,Maruti,Ignis
3563,Chennai,2016,49000,Diesel,Manual,First,25.2,1248,74.0,5.0,5.9,Maruti,Swift
3564,Mumbai,2015,42366,Petrol,Manual,First,17.8,1497,117.3,5.0,7.75,Honda,City
3565,Ahmedabad,2010,68000,Diesel,Automatic,First,11.5,2993,235.0,5.0,18.0,BMW,5
3566,Hyderabad,2008,122397,Diesel,Manual,First,17.5,1896,106.0,5.0,4.4,Skoda,Laura
3567,Coimbatore,2017,50534,Petrol,Automatic,First,17.21,1197,103.5,5.0,8.27,Volkswagen,Polo
3568,Ahmedabad,2014,55300,Diesel,Manual,First,19.87,1461,83.8,5.0,4.75,Renault,Duster
3569,Hyderabad,2008,73095,Petrol,Automatic,First,16.8,1497,118.0,5.0,3.8,Honda,City
3570,Ahmedabad,2011,51100,Diesel,Manual,First,20.54,1598,103.6,5.0,3.4,Volkswagen,Vento
3571,Pune,2016,13436,Petrol,Manual,Second,18.9,1197,82.0,5.0,4.7,Hyundai,Grand
3572,Pune,2008,76000,Petrol,Manual,Second,16.6,1388,68.0,5.0,1.49,Ford,Fiesta
3573,Mumbai,2016,63141,Diesel,Manual,Second,24.4,1120,71.0,5.0,4.5,Hyundai,Xcent
3574,Hyderabad,2014,74885,Diesel,Manual,First,25.8,1498,98.6,5.0,5.4,Honda,Amaze
3575,Hyderabad,2016,14000,Petrol,Automatic,First,18.0,1497,117.3,5.0,11.5,Honda,City
3576,Pune,2012,56000,Diesel,Manual,Second,20.4,1461,108.5,5.0,3.5,Renault,Fluence
3577,Ahmedabad,2010,46000,Diesel,Automatic,First,22.48,1995,190.0,5.0,16.5,BMW,5
3578,Mumbai,2012,51800,Petrol,Manual,First,15.5,1586,103.3,5.0,3.9,Maruti,SX4
3579,Hyderabad,2007,81000,Petrol,Automatic,First,16.4,1497,78.0,5.0,3.25,Honda,City
3580,Kochi,2018,17370,Petrol,Manual,First,17.0,1198,73.75,5.0,5.84,Volkswagen,Ameo
3581,Hyderabad,2016,18456,Petrol,Manual,First,17.0,1198,73.75,5.0,5.75,Volkswagen,Ameo
3582,Delhi,2010,59000,Diesel,Automatic,First,16.55,1968,140.0,5.0,10.0,Audi,A4
3583,Mumbai,2006,141537,Petrol,Manual,Second,18.9,998,67.1,5.0,1.05,Maruti,Wagon
3584,Delhi,2013,51000,Diesel,Automatic,First,19.08,1582,126.32,5.0,5.64,Hyundai,Verna
3585,Coimbatore,2019,29311,Diesel,Automatic,First,17.9,2143,170.0,5.0,50.97,Mercedes-Benz,GLC
3586,Mumbai,2016,31000,Diesel,Automatic,First,21.76,1995,190.0,5.0,29.95,BMW,3
3587,Mumbai,2014,80000,Diesel,Manual,Second,24.2,1498,98.6,7.0,4.85,Honda,Mobilio
3588,Hyderabad,2016,33000,Diesel,Automatic,First,17.01,1582,126.2,5.0,14.5,Hyundai,Creta
3589,Hyderabad,2011,71556,Petrol,Manual,First,17.0,1497,118.0,5.0,5.5,Honda,City
3590,Bangalore,2011,85000,Diesel,Manual,First,17.8,1399,68.0,5.0,3.2,Ford,Fiesta
3591,Chennai,2016,91000,Diesel,Manual,First,26.59,1248,74.0,5.0,4.5,Maruti,Swift
3592,Coimbatore,2015,73187,Diesel,Automatic,First,13.0,2143,204.0,5.0,30.72,Mercedes-Benz,E-Class
3593,Jaipur,2009,232000,Diesel,Manual,First,11.5,1991,147.9,7.0,3.5,Chevrolet,Captiva
3594,Bangalore,2007,127079,Diesel,Manual,First,12.8,2494,102.0,7.0,6.99,Toyota,Innova
3595,Kochi,2014,58816,Diesel,Manual,First,17.21,1493,100.0,7.0,3.45,Mahindra,Quanto
3596,Kochi,2015,63818,Petrol,Manual,First,17.4,1497,117.3,5.0,6.57,Honda,City
3597,Kolkata,2014,40000,Diesel,Automatic,First,17.11,1968,174.33,5.0,17.5,Audi,A4
3598,Delhi,2013,77445,Diesel,Manual,First,22.07,1199,73.9,5.0,3.75,Volkswagen,Polo
3599,Pune,2017,14000,Petrol,Automatic,First,14.8,1497,121.36,5.0,9.99,Ford,EcoSport
3600,Kolkata,2012,85122,Diesel,Manual,First,12.99,2494,100.0,7.0,8.2,Toyota,Innova
3601,Jaipur,2005,123000,Petrol,Manual,Third,13.0,1493,100.0,5.0,1.1,Honda,City
3602,Kochi,2015,61000,CNG,Manual,First,29.835000000000004,1586,85.7,5.0,3.89,Maruti,SX4
3603,Chennai,2015,63714,Petrol,Manual,First,24.7,796,47.3,5.0,2.45,Maruti,Alto
3604,Pune,2009,53000,Diesel,Automatic,First,8.7,2987,224.34,5.0,13.75,Mercedes-Benz,M-Class
3605,Kolkata,2017,60000,Diesel,Manual,First,26.59,1248,74.0,5.0,3.0,Maruti,Swift
3606,Ahmedabad,2017,33000,Diesel,Manual,First,24.3,1248,88.5,5.0,9.25,Maruti,Vitara
3607,Mumbai,2013,31000,Diesel,Automatic,First,13.2,2400,215.0,5.0,17.65,Volvo,S60
3608,Delhi,2014,79000,Diesel,Automatic,First,12.55,2982,168.5,7.0,18.25,Toyota,Fortuner
3609,Kochi,2013,67914,Diesel,Manual,First,23.0,1396,90.0,5.0,3.45,Hyundai,i20
3610,Bangalore,2015,58970,Diesel,Automatic,First,17.11,1968,174.33,5.0,23.75,Audi,A4
3611,Mumbai,2013,60000,Diesel,Manual,Second,19.64,1461,108.5,5.0,5.45,Nissan,Terrano
3612,Coimbatore,2017,35225,Petrol,Automatic,First,23.1,998,67.04,5.0,5.25,Maruti,Celerio
3613,Delhi,2012,62282,Petrol,Automatic,First,16.95,1197,78.9,5.0,2.9,Hyundai,i10
3614,Hyderabad,2010,80000,Diesel,Automatic,First,22.69,1995,190.0,5.0,14.2,BMW,3
3615,Kochi,2018,43698,Petrol,Manual,First,18.9,1197,82.0,5.0,5.8,Hyundai,Grand
3616,Coimbatore,2017,28052,Petrol,Automatic,First,18.9,1197,82.0,5.0,7.22,Hyundai,Grand
3617,Coimbatore,2016,29091,Petrol,Manual,First,18.9,1197,81.86,5.0,4.87,Hyundai,Grand
3618,Delhi,2013,63000,Petrol,Manual,First,16.47,1198,74.0,5.0,3.3,Volkswagen,Polo
3619,Hyderabad,2007,91000,Petrol,Manual,Second,17.7,1497,78.0,5.0,3.0,Honda,City
3620,Hyderabad,2014,30000,Diesel,Automatic,First,17.9,2143,136.0,5.0,26.0,Mercedes-Benz,GLA
3621,Hyderabad,2017,24571,Petrol,Manual,First,14.0,796,35.0,5.0,2.9,Maruti,Omni
3622,Bangalore,2014,45000,Petrol,Automatic,First,15.74,1591,121.3,5.0,7.5,Hyundai,Verna
3623,Hyderabad,2015,24617,Petrol,Manual,First,22.74,796,47.3,5.0,2.36,Maruti,Alto
3624,Coimbatore,2017,26927,Diesel,Manual,First,24.3,1248,88.5,5.0,11.39,Maruti,Vitara
3625,Kochi,2013,87736,Diesel,Manual,First,15.1,2179,140.0,7.0,7.02,Mahindra,XUV500
3626,Delhi,2016,35299,Diesel,Manual,First,24.3,1248,88.5,5.0,8.0,Maruti,Vitara
3627,Kochi,2017,51612,Petrol,Manual,First,18.6,1197,81.83,5.0,7.11,Hyundai,i20
3628,Mumbai,1998,55300,Diesel,Automatic,First,10.0,1796,157.7,5.0,3.9,Mercedes-Benz,E-Class
3629,Hyderabad,2009,65090,Petrol,Manual,First,19.7,796,46.3,5.0,2.15,Maruti,Alto
3630,Kolkata,2013,40000,Petrol,Manual,First,18.0,1198,86.7,5.0,3.25,Honda,Amaze
3631,Kochi,2015,38467,Diesel,Automatic,First,12.65,2993,255.0,5.0,70.66,Land,Rover
3632,Mumbai,2013,71904,Diesel,Manual,First,24.0,1120,70.0,5.0,4.61,Hyundai,Grand
3633,Mumbai,2008,87000,Petrol,Manual,First,13.5,1799,130.0,5.0,2.35,Honda,Civic
3634,Chennai,2014,33000,Diesel,Manual,Second,24.0,1120,70.0,5.0,4.05,Hyundai,Grand
3635,Jaipur,2009,22100,Petrol,Manual,Second,16.1,796,37.0,4.0,0.8,Maruti,800
3636,Hyderabad,2014,59589,Diesel,Manual,First,23.59,1364,67.1,5.0,5.6,Toyota,Etios
3637,Delhi,2015,44000,Diesel,Manual,First,22.54,1396,88.73,5.0,5.35,Hyundai,i20
3638,Mumbai,2017,12000,Petrol,Manual,First,24.07,998,67.1,5.0,3.25,Maruti,Alto
3639,Pune,2012,66000,Diesel,Automatic,Second,17.05,1995,184.0,5.0,11.5,BMW,X1
3640,Pune,2016,38009,Petrol,Automatic,First,23.1,998,67.04,5.0,4.25,Maruti,Celerio
3641,Mumbai,2009,35000,Petrol,Automatic,Second,13.7,1798,157.75,5.0,4.45,Skoda,Superb
3642,Pune,2009,70000,Diesel,Manual,First,14.0,2498,112.0,7.0,2.85,Mahindra,Xylo
3643,Delhi,2014,86000,Diesel,Manual,First,15.1,2179,140.0,7.0,7.85,Mahindra,XUV500
3644,Pune,2016,32000,Petrol,Manual,First,19.1,1197,85.8,5.0,5.3,Maruti,Swift
3645,Mumbai,2017,15000,Petrol,Manual,First,18.88,999,123.24,5.0,8.0,Ford,Ecosport
3646,Coimbatore,2014,69918,Diesel,Manual,First,21.43,1364,87.2,5.0,9.43,Toyota,Corolla
3647,Pune,2012,39000,Petrol,Manual,First,18.5,1197,80.0,5.0,2.75,Hyundai,i20
3648,Mumbai,2018,1011,Diesel,Manual,First,20.37,1461,108.45,5.0,13.5,Renault,Captur
3649,Hyderabad,2009,85000,Diesel,Automatic,First,11.0,2987,198.5,5.0,9.99,Mercedes-Benz,E-Class
3650,Chennai,2017,46663,Petrol,Manual,First,21.1,998,100.0,5.0,6.95,Maruti,Baleno
3651,Chennai,2015,27000,Petrol,Automatic,First,17.97,1498,99.6,5.0,6.75,Nissan,Sunny
3652,Chennai,2015,15000,Petrol,Automatic,First,18.9,1197,82.0,5.0,5.5,Hyundai,Grand
3653,Kochi,2018,10575,Petrol,Manual,First,21.56,1462,103.25,5.0,9.18,Maruti,Ciaz
3654,Jaipur,2014,12500,Petrol,Manual,First,19.1,1197,82.0,5.0,4.15,Hyundai,Xcent
3655,Ahmedabad,2012,52000,Diesel,Manual,First,22.32,1582,126.32,5.0,6.5,Hyundai,Verna
3656,Kochi,2015,49818,Petrol,Manual,First,21.5,1197,81.8,5.0,4.11,Maruti,Wagon
3657,Hyderabad,2008,90000,Diesel,Manual,Second,16.8,1493,110.0,5.0,2.25,Hyundai,Verna
3658,Kochi,2015,52207,Petrol,Manual,First,17.71,1197,78.9,5.0,4.56,Toyota,Etios
3659,Pune,2013,167362,Diesel,Manual,First,11.68,2498,112.0,7.0,4.0,Mahindra,Xylo
3660,Coimbatore,2015,49894,Diesel,Manual,First,23.59,1364,67.06,5.0,5.27,Toyota,Etios
3661,Kochi,2019,13024,Diesel,Manual,First,18.06,2523,63.0,7.0,9.11,Mahindra,Thar
3662,Pune,2010,128000,Diesel,Manual,Second,14.42,1995,147.6,5.0,6.2,Nissan,X-Trail
3663,Kochi,2017,26023,Diesel,Automatic,First,11.36,2755,171.5,7.0,19.97,Toyota,Innova
3664,Delhi,2016,42784,Diesel,Manual,First,21.38,1396,88.7,5.0,10.17,Hyundai,Creta
3665,Pune,2014,115000,Diesel,Manual,First,28.4,1248,74.0,5.0,4.5,Maruti,Swift
3666,Kochi,2019,30529,Diesel,Manual,First,23.9,1582,126.2,5.0,14.28,Hyundai,Verna
3667,Kochi,2012,14814,Petrol,Manual,Second,19.7,796,46.3,5.0,2.47,Maruti,Alto
3668,Ahmedabad,2016,58000,Diesel,Manual,First,23.65,1248,88.5,5.0,7.9,Maruti,S
3669,Hyderabad,2011,68128,Petrol,Manual,First,21.1,814,55.2,5.0,2.3,Hyundai,EON
3670,Hyderabad,2013,63220,Petrol,Manual,First,13.24,1598,102.5,5.0,6.5,Nissan,Terrano
3671,Hyderabad,2016,30000,Petrol,Manual,First,21.1,814,55.2,5.0,3.25,Hyundai,EON
3672,Bangalore,2017,27768,Diesel,Manual,First,20.65,1248,88.7,5.0,5.85,Tata,Zest
3673,Hyderabad,2014,53000,Diesel,Automatic,Second,14.21,2143,203.0,5.0,29.0,Mercedes-Benz,E-Class
3674,Coimbatore,2014,87652,Diesel,Automatic,Second,14.16,1968,174.3,5.0,25.71,Audi,Q5
3675,Chennai,2008,94873,Petrol,Manual,Second,15.3,1596,101.0,5.0,1.85,Ford,Fiesta
3676,Mumbai,2015,56000,Diesel,Automatic,First,18.88,1995,184.0,5.0,22.75,BMW,3
3677,Kochi,2018,18678,Petrol,Manual,First,21.1,998,100.0,5.0,8.32,Maruti,Baleno
3678,Delhi,2014,30000,Diesel,Automatic,First,14.21,2143,203.0,5.0,26.0,Mercedes-Benz,E-Class
3679,Hyderabad,2013,59000,Petrol,Manual,First,20.36,1197,78.9,5.0,3.45,Hyundai,i10
3680,Mumbai,2017,13000,Petrol,Manual,First,18.9,1197,82.0,5.0,5.15,Hyundai,Grand
3681,Kochi,2014,74325,Petrol,Manual,First,19.4,1198,86.8,5.0,3.51,Honda,Brio
3682,Kolkata,2015,45000,Diesel,Manual,First,21.9,1396,88.76,5.0,3.45,Hyundai,i20
3683,Pune,2013,57000,Petrol,Manual,First,16.47,1198,73.9,5.0,3.75,Volkswagen,Polo
3684,Pune,2001,125943,Petrol,Manual,Second,13.0,1493,100.0,5.0,1.45,Honda,City
3685,Delhi,2008,80000,Diesel,Manual,First,18.7,1896,66.0,5.0,2.2,Skoda,Octavia
3686,Hyderabad,2010,154000,Diesel,Manual,First,13.1,2499,141.0,7.0,7.99,Ford,Endeavour
3687,Bangalore,2013,62000,Diesel,Manual,Second,18.3,1991,147.9,5.0,6.75,Chevrolet,Cruze
3688,Kolkata,2014,45000,Diesel,Manual,First,24.2,1498,98.6,7.0,5.0,Honda,Mobilio
3689,Pune,2012,105000,Diesel,Manual,Second,20.77,1248,88.76,7.0,5.9,Maruti,Ertiga
3690,Mumbai,2013,26000,Petrol,Manual,First,18.9,1197,82.0,5.0,3.75,Hyundai,Grand
3691,Mumbai,2014,30900,Diesel,Automatic,First,14.74,2993,270.9,5.0,29.5,Jaguar,XF
3692,Chennai,2014,48000,Petrol,Manual,First,18.0,1198,86.7,5.0,4.75,Honda,Amaze
3693,Pune,2011,112719,Diesel,Automatic,First,12.4,2698,179.5,5.0,11.5,Audi,A6
3694,Chennai,2017,5000,Petrol,Manual,First,18.6,1197,81.83,5.0,6.95,Hyundai,i20
3695,Mumbai,2016,16000,Petrol,Manual,First,17.0,1198,73.75,5.0,5.4,Volkswagen,Ameo
3696,Jaipur,2011,63000,Petrol,Automatic,First,13.4,1997,135.1,5.0,4.75,Renault,Fluence
3697,Chennai,2011,28300,Petrol,Manual,First,24.07,998,67.1,5.0,2.15,Maruti,Alto
3698,Jaipur,2005,49000,Petrol,Manual,First,19.7,796,46.3,5.0,0.9,Maruti,Alto
3699,Kolkata,2016,12501,Petrol,Manual,First,20.51,998,67.04,5.0,3.5,Maruti,Wagon
3700,Kochi,2016,56628,Diesel,Manual,First,20.4,1248,92.0,5.0,5.85,Fiat,Linea
3701,Pune,2010,105000,Diesel,Manual,First,19.3,1248,73.9,5.0,3.15,Maruti,Swift
3702,Pune,2016,52126,Diesel,Manual,First,21.64,1461,84.8,5.0,6.0,Renault,Scala
3703,Kolkata,2010,38000,Petrol,Manual,First,18.5,1197,80.0,5.0,2.23,Hyundai,i20
3704,Bangalore,2016,50000,Petrol,Manual,First,19.1,1197,82.0,5.0,2.5,Hyundai,Xcent
3705,Kochi,2015,50230,Petrol,Manual,First,18.9,998,67.1,5.0,3.87,Maruti,Wagon
3706,Ahmedabad,2014,31000,Diesel,Manual,First,15.1,2179,140.0,7.0,9.5,Mahindra,XUV500
3707,Delhi,2014,79000,Diesel,Automatic,First,12.55,2982,168.5,7.0,17.75,Toyota,Fortuner
3708,Delhi,2012,130000,Diesel,Manual,First,19.64,1461,108.45,5.0,3.75,Renault,Duster
3709,Chennai,2010,115000,Petrol,Manual,Second,17.92,1086,62.1,5.0,1.5,Hyundai,Santro
3710,Pune,2013,41500,Petrol,Manual,Second,17.01,1591,121.3,5.0,5.0,Hyundai,Verna
3711,Pune,2014,54385,Diesel,Automatic,Second,15.06,1995,177.0,5.0,17.0,BMW,X1
3712,Kochi,2011,56361,Petrol,Automatic,First,12.9,1799,130.0,5.0,4.38,Honda,Civic
3713,Delhi,2018,22000,Petrol,Automatic,First,15.26,1798,187.74,5.0,41.5,Audi,A6
3714,Kolkata,2017,8000,Petrol,Manual,First,20.51,998,67.04,5.0,3.0,Maruti,Wagon
3715,Coimbatore,2018,28741,Diesel,Manual,First,24.3,1248,88.5,5.0,11.0,Maruti,Vitara
3716,Pune,2012,117236,Diesel,Automatic,Second,11.8,2720,190.0,7.0,14.0,Land,Rover
3717,Pune,2016,30500,Diesel,Automatic,First,26.59,1248,74.0,5.0,7.65,Maruti,Dzire
3718,Kolkata,2018,5000,Petrol,Manual,First,17.0,1591,121.3,5.0,8.7,Hyundai,Verna
3719,Hyderabad,2016,42000,Diesel,Manual,First,25.47,1248,88.5,7.0,9.9,Maruti,Ertiga
3720,Mumbai,2010,32773,Petrol,Manual,First,13.2,1495,94.0,5.0,2.05,Hyundai,Accent
3721,Kolkata,2016,19008,Petrol,Manual,First,17.0,1197,80.0,5.0,5.25,Hyundai,i20
3722,Kochi,2012,32542,Petrol,Manual,First,17.0,1591,121.3,5.0,5.77,Hyundai,Verna
3723,Hyderabad,2010,94753,Petrol,Manual,First,19.7,796,46.3,5.0,1.95,Maruti,Alto
3724,Ahmedabad,2011,70000,Diesel,Manual,Second,12.05,2179,120.0,8.0,7.45,Mahindra,Scorpio
3725,Delhi,2012,68347,Petrol,Manual,First,18.9,998,67.1,5.0,2.6,Maruti,Wagon
3726,Ahmedabad,2011,72000,Petrol,Manual,Second,17.0,1197,80.0,5.0,3.25,Hyundai,i20
3727,Hyderabad,2010,75014,Diesel,Manual,First,21.1,1248,73.9,5.0,3.85,Maruti,Ritz
3728,Delhi,2013,65000,Diesel,Automatic,Second,13.73,1995,148.0,5.0,7.5,Renault,Koleos
3729,Kochi,2012,55598,Diesel,Automatic,First,22.69,1995,190.0,5.0,11.5,BMW,3
3730,Pune,2013,50000,Petrol,Manual,First,19.4,1198,86.8,5.0,3.25,Honda,Brio
3731,Chennai,2003,44200,Petrol,Manual,Second,11.7,1997,134.0,5.0,1.5,Hyundai,Sonata
3732,Jaipur,2014,65000,Diesel,Manual,First,19.3,1248,73.9,5.0,5.31,Maruti,Swift
3733,Hyderabad,2013,49000,Diesel,Manual,First,16.0,2179,140.0,7.0,9.0,Mahindra,XUV500
3734,Kolkata,2016,7200,Petrol,Manual,First,19.81,1086,68.05,5.0,3.59,Hyundai,i10
3735,Kochi,2016,43152,Petrol,Manual,First,20.73,1373,91.1,5.0,7.35,Maruti,Ciaz
3736,Pune,2013,112000,Diesel,Manual,First,12.8,2494,102.0,8.0,12.0,Toyota,Innova
3737,Coimbatore,2017,23540,Petrol,Manual,First,18.9,1197,82.0,5.0,6.02,Hyundai,Grand
3738,Coimbatore,2008,82160,Diesel,Manual,First,16.52,1991,123.7,5.0,2.57,Chevrolet,Optra
3739,Pune,2013,57000,Diesel,Manual,First,12.83,2696,162.0,7.0,12.45,Mahindra,Ssangyong
3740,Coimbatore,2015,39335,Diesel,Manual,First,15.1,2179,140.0,7.0,12.63,Mahindra,XUV500
3741,Bangalore,2014,62000,Petrol,Manual,Second,17.4,1497,117.3,5.0,7.75,Honda,City
3742,Delhi,2014,60000,Diesel,Manual,First,22.7,1498,89.84,5.0,5.5,Ford,Ecosport
3743,Kolkata,2015,35000,Petrol,Manual,First,18.6,1197,81.83,5.0,4.43,Hyundai,i20
3744,Kochi,2016,32345,Diesel,Automatic,First,17.9,2143,136.0,5.0,24.51,Mercedes-Benz,CLA
3745,Ahmedabad,2014,47000,Petrol,Manual,First,22.0,814,55.0,5.0,2.65,Hyundai,EON
3746,Delhi,2012,65537,CNG,Manual,Second,45.144,796,40.3,4.0,2.1,Maruti,Alto
3747,Delhi,2011,36000,Petrol,Manual,First,17.6,1496,88.7,5.0,3.2,Toyota,Etios
3748,Chennai,2016,75000,Diesel,Manual,First,23.4,1248,74.0,5.0,4.25,Maruti,Swift
3749,Kolkata,2008,38000,Petrol,Manual,First,19.7,796,46.3,5.0,1.1,Maruti,Alto
3750,Chennai,2015,57818,Petrol,Manual,First,23.1,998,67.04,5.0,4.3,Maruti,Celerio
3751,Hyderabad,2015,45000,Diesel,Manual,First,22.7,1498,89.84,5.0,8.9,Ford,Ecosport
3752,Jaipur,2015,75055,Diesel,Manual,First,19.01,1461,108.5,5.0,6.5,Nissan,Terrano
3753,Delhi,2009,65462,Petrol,Automatic,Third,11.1,2354,142.0,5.0,3.5,Honda,Accord
3754,Hyderabad,2008,76206,Diesel,Manual,First,17.8,1248,75.0,5.0,4.25,Maruti,Swift
3755,Kochi,2018,25948,Diesel,Automatic,First,16.0,2179,140.0,7.0,16.46,Mahindra,XUV500
3756,Mumbai,2016,28500,Petrol,Manual,First,18.7,1199,88.7,5.0,5.95,Honda,Jazz
3757,Mumbai,2015,28004,Petrol,Manual,First,17.8,1497,117.3,5.0,7.1,Honda,City
3758,Kolkata,2011,25000,Petrol,Manual,Second,15.7,1172,67.0,5.0,1.25,Fiat,Grande
3759,Pune,2013,82543,Petrol,Manual,First,16.02,1373,93.7,7.0,5.5,Maruti,Ertiga
3760,Chennai,2013,30000,Petrol,Manual,First,18.44,1198,75.0,5.0,3.25,Nissan,Micra
3761,Hyderabad,2010,27800,Petrol,Manual,First,17.0,1497,118.0,5.0,5.0,Honda,City
3762,Coimbatore,2016,33415,Petrol,Manual,First,16.78,1496,88.73,5.0,6.58,Toyota,Etios
3763,Mumbai,2013,38000,Diesel,Automatic,First,18.88,1995,184.0,5.0,19.5,BMW,3
3764,Kochi,2017,41981,Petrol,Manual,First,18.7,1199,88.7,5.0,6.14,Honda,Jazz
3765,Jaipur,2013,77084,Diesel,Manual,First,28.4,1248,73.75,5.0,4.95,Maruti,Dzire
3766,Hyderabad,2013,71803,Diesel,Manual,First,20.5,1598,103.5,5.0,5.75,Skoda,Rapid
3767,Kolkata,2013,73314,Diesel,Manual,First,15.1,2179,140.0,7.0,6.6,Mahindra,XUV500
3768,Coimbatore,2015,69053,Petrol,Automatic,First,18.9,1197,82.0,5.0,5.72,Hyundai,Grand
3769,Delhi,2009,79782,Petrol,Manual,Second,17.0,1497,118.0,5.0,2.6,Honda,City
3770,Hyderabad,2010,250000,Diesel,Manual,Second,12.8,2494,102.0,7.0,6.5,Toyota,Innova
3771,Pune,2011,90000,Diesel,Manual,Second,15.1,2179,140.0,7.0,6.1,Mahindra,XUV500
3772,Hyderabad,2010,130000,Diesel,Manual,First,19.3,1248,73.9,5.0,3.85,Maruti,Swift
3773,Pune,2013,65000,Petrol,Manual,Second,15.04,1598,103.6,5.0,4.5,Volkswagen,Vento
3774,Bangalore,2013,76000,Diesel,Automatic,Second,16.55,1968,147.51,5.0,18.25,Audi,A4
3775,Ahmedabad,2012,28002,Petrol,Manual,First,16.02,1373,93.7,7.0,5.75,Maruti,Ertiga
3776,Mumbai,2010,63000,CNG,Manual,Second,19.6155,1798,138.0,5.0,3.35,Toyota,Corolla
3777,Jaipur,2010,70000,Petrol,Manual,Second,16.1,796,37.0,4.0,0.9,Maruti,800
3778,Hyderabad,2011,66276,Petrol,Manual,First,17.0,1497,118.0,5.0,5.5,Honda,City
3779,Kolkata,2014,45000,Petrol,Manual,First,19.1,1197,85.8,5.0,3.99,Maruti,Swift
3780,Delhi,2014,67000,Petrol,Automatic,First,19.16,2494,158.2,5.0,18.75,Toyota,Camry
3781,Kolkata,2014,43068,Diesel,Manual,First,24.0,1120,70.0,5.0,3.5,Hyundai,Grand
3782,Chennai,2016,40000,Diesel,Automatic,First,11.36,2755,171.5,8.0,16.45,Toyota,Innova
3783,Coimbatore,2011,50436,Petrol,Manual,First,20.36,1197,78.9,5.0,3.65,Hyundai,i10
3784,Bangalore,2014,21000,Petrol,Automatic,First,18.9,1197,82.0,5.0,5.4,Hyundai,Grand
3785,Mumbai,2018,2000,Diesel,Manual,First,27.39,1248,74.0,5.0,8.7,Maruti,Baleno
3786,Mumbai,2016,14500,Petrol,Automatic,First,14.67,1798,177.46,5.0,20.75,Skoda,Superb
3787,Hyderabad,2010,68782,Diesel,Automatic,First,14.84,2143,170.0,5.0,12.5,Mercedes-Benz,New
3788,Kolkata,2011,35888,Diesel,Manual,First,21.1,1248,73.9,5.0,1.89,Maruti,Ritz
3789,Kolkata,2015,168205,Diesel,Manual,First,23.4,1248,74.0,5.0,4.0,Maruti,Swift
3790,Mumbai,2012,47000,Petrol,Manual,First,14.8,1799,130.2,5.0,3.95,Honda,Civic
3791,Hyderabad,2015,93700,Diesel,Manual,First,24.52,1248,88.5,7.0,7.85,Maruti,Ertiga
3792,Kolkata,2014,45000,Diesel,Manual,First,22.7,1582,126.24,5.0,7.0,Hyundai,Elantra
3793,Hyderabad,2016,55547,Diesel,Automatic,First,12.55,2982,168.5,7.0,24.99,Toyota,Fortuner
3794,Delhi,2013,69000,Petrol,Automatic,First,17.21,1197,103.6,5.0,4.5,Volkswagen,Polo
3795,Pune,2005,88000,Diesel,Manual,Third,18.7,1896,66.0,5.0,1.25,Skoda,Octavia
3796,Delhi,2014,32400,Diesel,Manual,First,20.14,1498,88.8,5.0,3.95,Volkswagen,Polo
3797,Pune,2012,79000,Petrol,Manual,Second,17.92,1086,62.1,5.0,1.6,Hyundai,Santro
3798,Hyderabad,2004,110000,Petrol,Manual,First,13.2,1495,94.0,5.0,0.6,Hyundai,Accent
3799,Coimbatore,2014,45407,Petrol,Manual,Second,21.1,814,55.2,5.0,3.39,Hyundai,EON
3800,Hyderabad,2011,136490,Diesel,Manual,First,12.8,2494,102.0,7.0,9.8,Toyota,Innova
3801,Mumbai,2017,19000,Diesel,Manual,First,26.8,1248,74.0,5.0,5.91,Maruti,Ignis
3802,Mumbai,2017,19416,Petrol,Manual,First,21.56,1462,103.25,5.0,8.25,Maruti,Ciaz
3803,Mumbai,2012,15500,Petrol,Manual,First,17.5,1298,85.8,5.0,3.75,Maruti,Swift
3804,Hyderabad,2017,12538,Petrol,Automatic,First,18.0,1497,117.3,5.0,12.5,Honda,City
3805,Delhi,2015,44328,Petrol,Manual,First,19.4,1198,86.8,5.0,3.8,Honda,Brio
3806,Delhi,2014,63000,Diesel,Manual,First,23.59,1364,67.04,5.0,4.35,Toyota,Etios
3807,Hyderabad,2015,100000,Diesel,Automatic,First,13.5,2400,215.0,5.0,32.5,Volvo,XC60
3808,Kolkata,2015,103000,Petrol,Manual,First,15.64,1193,64.08,5.0,3.0,Tata,Indigo
3809,Pune,2016,50296,Diesel,Automatic,Second,11.36,2755,171.5,7.0,19.0,Toyota,Innova
3810,Pune,2013,95500,Diesel,Manual,First,20.54,1598,103.6,5.0,5.0,Volkswagen,Vento
3811,Pune,2014,72100,Diesel,Manual,First,22.7,1498,89.84,5.0,5.45,Ford,Ecosport
3812,Mumbai,2010,19119,Petrol,Manual,First,18.9,998,67.1,5.0,2.7,Maruti,Wagon
3813,Mumbai,2006,30000,Petrol,Manual,First,13.0,2987,210.0,5.0,10.75,Mercedes-Benz,S-Class
3814,Hyderabad,2015,75600,Diesel,Manual,First,20.14,1498,88.8,5.0,5.8,Volkswagen,Polo
3815,Pune,2007,137000,Petrol,Manual,Second,15.3,1193,65.3,5.0,0.95,Tata,Indica
3816,Jaipur,2002,53500,Petrol,Manual,Second,16.1,796,37.0,4.0,0.63,Maruti,800
3817,Kochi,2018,26101,Diesel,Manual,First,17.1,1956,170.0,5.0,17.55,Jeep,Compass
3818,Pune,2016,7000,Petrol,Manual,First,24.07,998,67.1,5.0,3.0,Maruti,Alto
3819,Bangalore,2013,50000,Diesel,Automatic,First,19.3,1968,141.0,5.0,15.0,Skoda,Octavia
3820,Hyderabad,2016,30000,Diesel,Manual,First,26.59,1248,74.0,5.0,6.0,Maruti,Swift
3821,Mumbai,2016,38151,Diesel,Manual,First,28.09,1248,88.5,5.0,7.65,Maruti,Ciaz
3822,Jaipur,2009,116000,Diesel,Manual,Second,15.8,2148,170.0,5.0,8.5,Mercedes-Benz,New
3823,Kolkata,2013,22000,Diesel,Manual,First,20.0,1399,68.0,5.0,2.25,Ford,Figo
3824,Delhi,2010,60000,Petrol,Automatic,Second,14.53,1798,138.1,5.0,4.65,Toyota,Corolla
3825,Mumbai,2016,38000,Diesel,Manual,First,22.7,1598,118.0,5.0,7.85,Maruti,SX4
3826,Coimbatore,2011,51928,Petrol,Manual,First,15.6,1196,70.0,5.0,3.46,Ford,Figo
3827,Mumbai,2018,3000,Petrol,Automatic,First,19.0,1199,88.7,5.0,8.25,Honda,Jazz
3828,Pune,2006,67196,Petrol,Manual,First,17.3,993,60.0,5.0,1.25,Maruti,Zen
3829,Bangalore,2012,100000,Diesel,Manual,Third,11.5,2982,171.0,7.0,16.0,Toyota,Fortuner
3830,Jaipur,2015,65218,Diesel,Manual,First,26.21,1248,88.5,5.0,7.4,Maruti,Ciaz
3831,Kochi,2016,53886,Petrol,Manual,First,25.17,799,53.3,5.0,3.07,Renault,KWID
3832,Coimbatore,2011,50058,Petrol,Automatic,First,19.2,1197,80.0,5.0,3.84,Hyundai,i10
3833,Pune,2016,64000,Petrol,Automatic,First,23.1,998,67.04,5.0,4.2,Maruti,Celerio
3834,Kochi,2018,41641,Diesel,Manual,First,21.38,1396,88.7,5.0,10.82,Hyundai,Creta
3835,Hyderabad,2016,44345,Diesel,Manual,First,27.3,1498,98.6,5.0,6.1,Honda,Jazz
3836,Kolkata,2011,45501,Petrol,Manual,First,17.0,1497,118.0,5.0,3.1,Honda,City
3837,Chennai,2001,104000,Petrol,Manual,Third,13.7,1468,85.8,5.0,1.0,Mitsubishi,Lancer
3838,Coimbatore,2012,50297,Petrol,Manual,First,16.95,1498,97.6,5.0,4.69,Nissan,Sunny
3839,Mumbai,2011,87000,Petrol,Automatic,First,11.7,2354,177.6,5.0,5.4,Honda,Accord
3840,Mumbai,2016,120000,Diesel,Manual,First,15.1,2179,140.0,7.0,12.0,Mahindra,XUV500
3841,Mumbai,2018,17000,Petrol,Manual,First,18.6,1197,81.83,5.0,6.5,Hyundai,i20
3842,Chennai,2014,100000,Diesel,Manual,First,23.08,1461,63.1,5.0,3.0,Nissan,Micra
3843,Kochi,2015,50979,Petrol,Automatic,First,19.12,1373,91.1,5.0,6.9,Maruti,Ciaz
3844,Chennai,2011,41000,Diesel,Manual,First,20.54,1598,103.6,5.0,4.0,Volkswagen,Vento
3845,Chennai,2011,24000,Petrol,Manual,First,17.0,1197,80.0,5.0,4.25,Hyundai,i20
3846,Hyderabad,2008,44738,Petrol,Manual,First,14.53,1798,138.1,5.0,5.1,Toyota,Corolla
3847,Kolkata,2014,37298,Diesel,Manual,First,25.1,1498,98.6,5.0,4.9,Honda,City
3848,Pune,2014,42000,Petrol,Manual,Second,20.4,1197,81.8,5.0,3.6,Maruti,Swift
3849,Pune,2016,45000,Diesel,Automatic,First,14.21,2143,203.0,5.0,34.0,Mercedes-Benz,E-Class
3850,Mumbai,2015,102000,Diesel,Manual,First,12.99,2494,100.6,7.0,8.25,Toyota,Innova
3851,Pune,2011,70000,Petrol,Manual,First,16.1,1298,88.2,5.0,1.3,Maruti,Swift
3852,Coimbatore,2018,27467,Diesel,Automatic,First,19.27,2143,167.62,5.0,39.05,Mercedes-Benz,New
3853,Kolkata,2015,15305,Petrol,Manual,First,18.9,1197,82.0,5.0,3.75,Hyundai,Grand
3854,Mumbai,2010,70000,Petrol,Manual,First,18.9,998,67.1,5.0,2.1,Maruti,Wagon
3855,Hyderabad,2016,36778,Diesel,Manual,First,22.77,1498,98.59,5.0,8.8,Ford,EcoSport
3856,Coimbatore,2015,25845,Petrol,Manual,First,16.47,1198,74.0,5.0,5.84,Volkswagen,Polo
3857,Kochi,2018,33858,Petrol,Automatic,First,17.01,1591,121.3,5.0,9.03,Hyundai,Verna
3858,Ahmedabad,2017,12000,Petrol,Automatic,Second,24.04,999,67.0,5.0,3.25,Renault,KWID
3859,Coimbatore,2013,33709,Petrol,Automatic,First,16.5,1198,86.8,5.0,4.9,Honda,Brio
3860,Kochi,2018,32709,Petrol,Manual,First,18.16,1196,86.8,5.0,6.46,Ford,Figo
3861,Bangalore,2014,72000,Diesel,Manual,Second,11.5,2982,171.0,7.0,18.5,Toyota,Fortuner
3862,Ahmedabad,2013,31000,Diesel,Manual,First,25.0,1396,69.01,5.0,2.7,Tata,Indigo
3863,Chennai,2016,70000,Diesel,Manual,First,25.83,1498,99.0,5.0,4.6,Ford,Figo
3864,Jaipur,2014,61000,Diesel,Manual,First,23.4,1248,74.0,5.0,5.35,Maruti,Swift
3865,Pune,2011,72000,Diesel,Manual,First,23.08,1461,63.1,5.0,2.3,Nissan,Micra
3866,Delhi,2016,49000,Diesel,Automatic,First,19.3,1968,141.0,5.0,15.45,Skoda,Octavia
3867,Hyderabad,2014,42939,Diesel,Automatic,First,16.96,1968,138.03,5.0,12.49,Volkswagen,Jetta
3868,Coimbatore,2016,32545,Diesel,Automatic,First,12.07,2967,241.4,7.0,48.76,Audi,Q7
3869,Pune,2011,54000,Petrol,Manual,First,17.0,1197,80.0,5.0,3.2,Hyundai,i20
3870,Delhi,2012,76000,Diesel,Automatic,First,16.07,1995,181.0,4.0,8.75,BMW,3
3871,Kolkata,2015,27000,Diesel,Manual,First,21.19,1396,88.73,5.0,5.99,Hyundai,i20
3872,Chennai,2005,120000,Diesel,Manual,Second,12.7,2609,116.6,8.0,2.9,Mahindra,Scorpio
3873,Kolkata,2011,37000,Diesel,Manual,First,20.0,1399,68.05,5.0,1.8,Ford,Figo
3874,Mumbai,2012,42000,Petrol,Manual,First,9.8,2354,180.0,5.0,6.25,Honda,Accord
3875,Bangalore,2013,60000,Diesel,Manual,First,21.9,1396,88.76,5.0,5.45,Hyundai,i20
3876,Mumbai,2018,3000,Diesel,Automatic,First,16.36,2179,187.7,5.0,52.5,Jaguar,XF
3877,Mumbai,2013,44000,Petrol,Automatic,First,17.1,1591,121.4,5.0,5.6,Hyundai,Verna
3878,Kolkata,2014,37000,Petrol,Manual,First,17.4,1497,117.3,5.0,6.45,Honda,City
3879,Mumbai,2012,50000,Petrol,Manual,First,18.5,1197,82.85,5.0,3.7,Hyundai,i20
3880,Chennai,2013,58581,Petrol,Manual,First,19.4,1198,86.8,5.0,3.49,Honda,Brio
3881,Kolkata,2013,25500,Diesel,Manual,First,21.9,1396,88.76,5.0,3.55,Hyundai,i20
3882,Mumbai,2017,25000,Petrol,Manual,First,10.4,2393,163.5,5.0,9.0,Maruti,Grand
3883,Hyderabad,2011,53766,Petrol,Manual,First,19.0,998,66.1,5.0,2.7,Maruti,A-Star
3884,Chennai,2006,68000,Petrol,Manual,First,19.7,796,46.3,5.0,1.5,Maruti,Alto
3885,Jaipur,2017,40000,Diesel,Manual,First,16.0,2179,140.0,7.0,15.9,Mahindra,XUV500
3886,Hyderabad,2013,73212,Diesel,Manual,First,22.9,1248,74.0,5.0,5.2,Maruti,Swift
3887,Mumbai,2014,69000,Diesel,Automatic,First,17.05,1995,184.0,5.0,16.25,BMW,X1
3888,Mumbai,2007,61932,Diesel,Automatic,Second,14.3,1968,140.0,5.0,3.31,Volkswagen,Passat
3889,Bangalore,2012,52000,Diesel,Automatic,First,16.09,1995,184.0,5.0,24.0,BMW,X3
3890,Kolkata,2011,150000,Petrol,Manual,First,18.5,1197,85.8,5.0,2.5,Maruti,Ritz
3891,Jaipur,2013,70933,Diesel,Manual,Second,21.9,1396,88.76,5.0,3.9,Hyundai,i20
3892,Kolkata,2013,115195,Diesel,Manual,First,25.2,1248,74.0,5.0,3.85,Maruti,Swift
3893,Delhi,2011,62148,Petrol,Manual,First,11.7,1796,178.0,5.0,8.8,Mercedes-Benz,New
3894,Chennai,2009,32000,Petrol,Manual,Second,14.28,1798,138.03,5.0,4.95,Toyota,Corolla
3895,Kolkata,2014,58000,Diesel,Manual,First,22.32,1582,126.32,5.0,5.75,Hyundai,Verna
3896,Kochi,2014,68598,Diesel,Manual,First,19.01,1461,108.45,5.0,6.17,Renault,Duster
3897,Chennai,2010,84072,Diesel,Manual,First,17.8,1248,75.0,5.0,3.45,Maruti,Swift
3898,Jaipur,2016,51264,Petrol,Manual,First,24.07,998,67.1,5.0,3.2,Maruti,Alto
3899,Coimbatore,2017,21363,Petrol,Automatic,First,13.0,1591,121.3,5.0,13.49,Hyundai,Creta
3900,Delhi,2016,40000,Petrol,Automatic,First,15.04,1991,183.0,5.0,24.5,Mercedes-Benz,CLA
3901,Kolkata,2015,35000,Petrol,Automatic,First,10.1,2354,152.0,5.0,14.7,Honda,CR-V
3902,Hyderabad,2014,55000,Diesel,Manual,First,22.7,1498,89.84,5.0,6.0,Ford,Ecosport
3903,Coimbatore,2016,43252,Diesel,Automatic,First,13.0,2143,204.0,5.0,34.18,Mercedes-Benz,E-Class
3904,Delhi,2014,42000,Diesel,Manual,First,24.0,1120,70.0,5.0,3.5,Hyundai,Grand
3905,Hyderabad,2006,69000,Petrol,Manual,First,16.6,1388,68.0,5.0,2.15,Ford,Fiesta
3906,Kolkata,2018,14000,Diesel,Automatic,First,17.6,1582,126.2,5.0,11.25,Hyundai,Creta
3907,Delhi,2010,70000,Petrol,Manual,First,19.0,998,66.1,5.0,2.0,Maruti,A-Star
3908,Kochi,2015,35314,Diesel,Manual,First,23.2,1248,73.94,5.0,4.27,Maruti,Ritz
3909,Kochi,2017,38691,Petrol,Manual,First,17.8,1497,117.3,5.0,7.68,Honda,City
3910,Coimbatore,2017,72717,Diesel,Manual,First,12.99,2494,100.6,7.0,14.52,Toyota,Innova
3911,Mumbai,2011,82000,Petrol,Automatic,Second,11.8,3498,272.0,7.0,16.85,Mercedes-Benz,R-Class
3912,Mumbai,2015,44000,Diesel,Manual,First,21.14,1498,103.52,5.0,5.75,Skoda,Rapid
3913,Mumbai,2017,27000,Petrol,Manual,First,15.8,1499,110.0,5.0,8.3,Ford,Ecosport
3914,Chennai,2014,18500,Petrol,Automatic,First,23.1,998,67.04,5.0,3.95,Maruti,Celerio
3915,Mumbai,2014,45000,Petrol,Manual,First,15.04,1598,103.6,5.0,4.8,Volkswagen,Vento
3916,Ahmedabad,2011,173000,Diesel,Automatic,First,13.5,2400,215.0,5.0,12.0,Volvo,XC60
3917,Ahmedabad,2017,42000,Diesel,Manual,First,23.59,1364,67.04,5.0,6.25,Toyota,Etios
3918,Jaipur,2012,90000,Diesel,Manual,First,19.4,1405,70.0,5.0,2.5,Tata,Indica
3919,Pune,2014,82329,Petrol,Automatic,First,18.0,1497,117.3,5.0,7.5,Honda,City
3920,Delhi,2010,80302,Petrol,Manual,First,17.0,1497,118.0,5.0,3.5,Honda,City
3921,Hyderabad,2005,105000,Diesel,Manual,First,18.7,1896,66.0,5.0,1.99,Skoda,Octavia
3922,Kolkata,2009,60000,Petrol,Manual,First,14.53,1798,138.0,5.0,2.25,Toyota,Corolla
3923,Delhi,2014,70000,Petrol,Manual,First,16.78,1496,88.73,5.0,3.25,Toyota,Etios
3924,Bangalore,2016,45000,Diesel,Automatic,First,17.05,1995,184.0,5.0,28.5,BMW,X1
3925,Kolkata,2006,44000,Petrol,Automatic,First,16.4,1497,78.0,5.0,1.5,Honda,City
3926,Delhi,2017,25500,Diesel,Manual,First,22.54,1396,88.73,5.0,7.0,Hyundai,i20
3927,Delhi,2014,68000,Diesel,Automatic,First,13.0,2987,261.5,5.0,27.5,Mercedes-Benz,E-Class
3928,Ahmedabad,2015,61786,Diesel,Manual,First,19.67,1582,126.2,5.0,10.5,Hyundai,Creta
3929,Jaipur,2014,65000,Diesel,Automatic,Second,15.73,1968,174.33,5.0,21.5,Audi,Q3
3930,Delhi,2016,77000,Diesel,Automatic,First,12.63,2179,147.5,5.0,35.0,Land,Rover
3931,Hyderabad,2015,34000,Diesel,Automatic,First,21.66,1498,103.52,5.0,7.99,Skoda,Rapid
3932,Coimbatore,2015,59751,Petrol,Automatic,First,23.1,998,67.04,5.0,4.88,Maruti,Celerio
3933,Mumbai,2013,23312,Petrol,Automatic,First,11.05,2894,444.0,4.0,40.5,Audi,RS5
3934,Mumbai,2015,30000,Petrol,Manual,First,20.73,1373,91.1,5.0,6.55,Maruti,Ciaz
3935,Coimbatore,2015,60146,Diesel,Automatic,First,14.16,1968,174.3,5.0,29.64,Audi,Q5
3936,Coimbatore,2013,44731,Diesel,Manual,Second,20.0,1399,68.0,5.0,4.34,Ford,Figo
3937,Kochi,2014,43316,Petrol,Manual,First,18.88,999,123.37,5.0,6.22,Ford,Ecosport
3938,Delhi,2009,92000,Petrol,Manual,Second,17.0,1497,118.0,5.0,2.25,Honda,City
3939,Hyderabad,2015,50000,Diesel,Automatic,First,16.36,2179,187.7,5.0,38.0,Jaguar,XF
3940,Mumbai,2008,69000,Petrol,Manual,Second,20.4,1197,81.8,5.0,2.15,Maruti,Swift
3941,Coimbatore,2014,60280,Diesel,Automatic,First,22.48,1995,190.0,5.0,22.45,BMW,5
3942,Coimbatore,2017,48161,Diesel,Automatic,First,15.0,2143,107.3,5.0,20.87,Mercedes-Benz,B
3943,Mumbai,2013,41000,Petrol,Manual,First,19.4,1198,86.8,5.0,3.1,Honda,Brio
3944,Mumbai,2016,6000,Petrol,Manual,First,18.6,1197,81.83,5.0,5.95,Hyundai,i20
3945,Mumbai,2006,133000,Diesel,Manual,Second,16.8,1405,68.0,5.0,0.86,Tata,Indica
3946,Delhi,2010,76000,Diesel,Manual,First,11.5,2982,171.0,7.0,9.25,Toyota,Fortuner
3947,Mumbai,2011,15590,Petrol,Manual,First,19.81,1086,68.05,5.0,2.25,Hyundai,i10
3948,Kochi,2016,69681,Petrol,Manual,First,17.0,1197,80.0,5.0,6.13,Hyundai,i20
3949,Pune,2014,49112,Petrol,Automatic,Second,15.5,1198,86.7,5.0,3.79,Honda,Amaze
3950,Hyderabad,2017,25000,Diesel,Automatic,First,13.33,2993,255.0,5.0,160.0,Land,Rover
3951,Pune,2013,15200,Petrol,Automatic,Second,16.95,1197,78.9,5.0,3.85,Hyundai,i10
3952,Hyderabad,2013,86300,Diesel,Manual,First,22.07,1199,73.9,5.0,4.5,Volkswagen,Polo
3953,Coimbatore,2018,26731,Petrol,Manual,First,21.1,998,100.0,5.0,8.61,Maruti,Baleno
3954,Ahmedabad,2016,74000,Diesel,Manual,First,21.9,1396,88.76,5.0,6.5,Hyundai,i20
3955,Chennai,2005,83929,Petrol,Automatic,First,11.3,1794,125.0,5.0,2.6,Toyota,Corolla
3956,Pune,2015,65000,Diesel,Manual,First,12.99,2494,100.6,7.0,15.0,Toyota,Innova
3957,Pune,2017,20000,Petrol,Automatic,First,23.1,998,67.04,5.0,4.7,Maruti,Celerio
3958,Hyderabad,2015,122086,Diesel,Automatic,First,19.3,1968,141.0,5.0,12.99,Skoda,Octavia
3959,Kochi,2018,35442,Petrol,Manual,First,17.3,1497,117.3,7.0,7.32,Honda,Mobilio
3960,Delhi,2015,62542,Diesel,Manual,Second,23.9,1582,126.2,5.0,6.5,Hyundai,Verna
3961,Coimbatore,2012,26671,Petrol,Manual,Second,17.0,1497,118.0,5.0,5.67,Honda,City
3962,Chennai,2014,83500,Diesel,Manual,Second,19.68,1399,67.0,5.0,3.0,Ford,Classic
3963,Delhi,2015,46166,Diesel,Manual,Second,26.21,1248,88.5,5.0,5.5,Maruti,Ciaz
3964,Pune,2015,25200,Petrol,Manual,First,18.9,998,67.1,5.0,3.35,Maruti,Wagon
3965,Coimbatore,2015,35463,Diesel,Automatic,First,14.94,2967,241.4,5.0,25.02,Audi,A4
3966,Coimbatore,2017,23249,Petrol,Automatic,First,19.16,2487,175.67,5.0,26.11,Toyota,Camry
3967,Coimbatore,2016,40310,Petrol,Manual,First,18.6,1197,81.83,5.0,7.09,Hyundai,i20
3968,Delhi,2012,82069,CNG,Manual,First,28.89,1586,103.3,5.0,2.65,Maruti,SX4
3969,Delhi,2018,10000,Petrol,Manual,First,18.9,1197,81.86,5.0,6.5,Hyundai,Grand
3970,Chennai,2012,94000,Diesel,Manual,First,22.07,1199,73.9,5.0,4.5,Volkswagen,Polo
3971,Chennai,2016,45000,Diesel,Automatic,First,15.97,2993,258.0,5.0,57.0,BMW,X5
3972,Kochi,2012,52818,Petrol,Manual,First,16.47,1198,73.9,5.0,3.82,Volkswagen,Polo
3973,Jaipur,2013,61238,Diesel,Manual,First,20.45,1461,83.8,5.0,5.25,Renault,Duster
3974,Coimbatore,2016,54253,Petrol,Automatic,First,14.67,1798,177.46,5.0,16.81,Skoda,Superb
3975,Delhi,2013,71000,Diesel,Automatic,First,14.16,1968,174.3,5.0,21.5,Audi,Q5
3976,Hyderabad,2017,20000,Diesel,Manual,First,27.39,1248,74.0,5.0,8.5,Maruti,Baleno
3977,Delhi,2013,75000,Petrol,Manual,First,16.47,1198,73.9,5.0,3.25,Volkswagen,Polo
3978,Coimbatore,2019,11827,Diesel,Automatic,First,13.5,2477,175.56,6.0,27.11,Mitsubishi,Pajero
3979,Mumbai,2015,51579,Petrol,Manual,First,20.73,1373,91.1,5.0,5.95,Maruti,Ciaz
3980,Kochi,2015,65178,Diesel,Manual,First,19.87,1461,83.8,5.0,6.79,Renault,Duster
3981,Mumbai,2016,25350,Petrol,Manual,First,21.1,814,55.2,5.0,2.55,Hyundai,EON
3982,Pune,2008,92000,Petrol,Manual,Second,10.8,2354,152.0,5.0,3.7,Honda,CR-V
3983,Bangalore,2014,45000,Petrol,Manual,Second,17.01,1591,121.3,5.0,6.75,Hyundai,Verna
3984,Kolkata,2015,46000,Petrol,Manual,First,14.28,1798,138.03,5.0,6.95,Toyota,Corolla
3985,Kochi,2011,79940,Petrol,Manual,First,15.5,1586,103.3,5.0,2.78,Maruti,SX4
3986,Coimbatore,2016,28851,Petrol,Manual,First,16.47,1198,73.9,5.0,6.18,Volkswagen,Polo
3987,Bangalore,2015,63000,Diesel,Automatic,First,14.16,1968,174.3,5.0,36.0,Audi,Q5
3988,Coimbatore,2012,77283,Petrol,Manual,First,17.0,1497,118.0,5.0,5.81,Honda,City
3989,Pune,2014,38958,Petrol,Manual,First,22.5,998,67.04,5.0,3.41,Maruti,Wagon
3990,Bangalore,2018,8900,Diesel,Automatic,First,13.5,2477,175.56,6.0,26.5,Mitsubishi,Pajero
3991,Hyderabad,2015,38000,Petrol,Automatic,First,14.7,1798,177.5,5.0,16.0,Skoda,Octavia
3992,Kochi,2017,44887,Diesel,Manual,First,19.67,1582,126.2,5.0,12.13,Hyundai,Creta
3993,Hyderabad,2009,85000,Petrol,Manual,Second,19.7,796,46.3,5.0,1.8,Maruti,Alto
3994,Pune,2013,100000,Petrol,Manual,First,16.8,1497,116.3,5.0,6.25,Honda,City
3995,Chennai,2016,26239,Petrol,Manual,First,22.7,799,53.0,5.0,2.75,Datsun,redi-GO
3996,Pune,2011,97000,Diesel,Manual,First,17.67,1968,138.08,5.0,6.0,Skoda,Yeti
3997,Delhi,2013,28000,Petrol,Automatic,First,14.8,1595,120.7,5.0,11.56,Mercedes-Benz,B
3998,Mumbai,2014,20364,Petrol,Automatic,Second,17.21,1197,103.6,5.0,5.2,Volkswagen,Polo
3999,Coimbatore,2014,64637,Diesel,Manual,First,22.77,1498,98.59,5.0,7.52,Ford,EcoSport
4000,Coimbatore,2017,15731,Petrol,Manual,First,15.29,1591,121.3,5.0,12.49,Hyundai,Creta
4001,Coimbatore,2019,56251,Diesel,Manual,First,14.24,2755,174.5,7.0,35.82,Toyota,Fortuner
4002,Chennai,2017,28000,Petrol,Manual,First,20.85,1197,83.14,5.0,6.25,Maruti,Swift
4003,Coimbatore,2015,20045,Petrol,Manual,First,17.0,1197,80.0,5.0,6.22,Hyundai,i20
4004,Bangalore,2016,34004,Petrol,Manual,First,15.4,1497,117.3,7.0,8.02,Honda,BR-V
4005,Mumbai,2014,21000,Petrol,Manual,First,23.1,998,67.04,5.0,3.75,Maruti,Celerio
4006,Mumbai,2009,68001,Petrol,Automatic,Second,10.93,3498,272.0,5.0,11.75,Mercedes-Benz,E-Class
4007,Kolkata,2012,31000,Petrol,Manual,First,20.36,1197,78.9,5.0,2.25,Hyundai,i10
4008,Mumbai,2013,8950,Petrol,Manual,First,17.71,1197,78.9,5.0,3.55,Toyota,Etios
4009,Coimbatore,2017,43477,Diesel,Automatic,First,15.0,2143,204.0,5.0,38.15,Mercedes-Benz,E-Class
4010,Ahmedabad,2015,20000,Petrol,Manual,First,21.1,814,55.2,5.0,2.66,Hyundai,EON
4011,Mumbai,2014,47200,CNG,Manual,First,45.279,998,67.04,5.0,2.85,Maruti,Wagon
4012,Bangalore,2011,60000,Petrol,Manual,First,17.0,1497,118.0,5.0,4.95,Honda,City
4013,Chennai,2003,111000,Petrol,Automatic,First,13.0,2987,210.0,5.0,6.5,Mercedes-Benz,S-Class
4014,Pune,2016,52000,Diesel,Manual,Second,25.0,1396,69.01,5.0,2.4,Tata,Indigo
4015,Pune,2016,26000,Petrol,Manual,First,15.29,1591,121.3,5.0,12.5,Hyundai,Creta
4016,Pune,2013,32425,Petrol,Manual,First,20.51,998,67.04,5.0,3.0,Maruti,Wagon
4017,Kochi,2017,54758,Diesel,Manual,First,28.4,1248,73.75,5.0,6.67,Maruti,Dzire
4018,Coimbatore,2008,59833,Petrol,Manual,Fourth & Above,13.8,1299,70.0,5.0,1.97,Ford,Ikon
4019,Kolkata,2013,30000,Petrol,Manual,First,16.47,1198,73.9,5.0,2.8,Volkswagen,Polo
4020,Jaipur,2011,40496,Petrol,Manual,First,20.36,1197,78.9,5.0,2.65,Hyundai,i10
4021,Chennai,2014,45000,Diesel,Manual,First,18.2,1248,73.74,8.0,4.75,Chevrolet,Enjoy
4022,Bangalore,2011,34000,Petrol,Automatic,Second,10.5,1796,157.7,5.0,19.0,Mercedes-Benz,E-Class
4023,Bangalore,2012,62000,Diesel,Manual,First,17.8,1248,75.0,5.0,4.5,Maruti,Swift
4024,Hyderabad,2012,123600,Diesel,Manual,First,15.1,2179,140.0,7.0,8.25,Mahindra,XUV500
4025,Pune,2014,80102,Petrol,Manual,First,17.71,1197,78.9,5.0,3.5,Toyota,Etios
4026,Pune,2013,55000,Diesel,Manual,First,15.1,2179,140.0,7.0,8.5,Mahindra,XUV500
4027,Hyderabad,2015,48200,Petrol,Manual,First,15.29,1591,121.3,5.0,9.0,Hyundai,Creta
4028,Hyderabad,2014,90000,Diesel,Manual,First,26.0,1498,98.6,5.0,6.75,Honda,City
4029,Hyderabad,2014,123900,Diesel,Manual,First,19.3,1248,73.9,5.0,5.4,Maruti,Swift
4030,Delhi,2015,13008,Petrol,Manual,First,20.51,998,67.04,5.0,3.5,Maruti,Wagon
4031,Hyderabad,2012,60500,Petrol,Manual,First,21.1,814,55.2,5.0,2.6,Hyundai,EON
4032,Bangalore,2017,53841,Diesel,Automatic,First,11.36,2755,171.5,7.0,20.5,Toyota,Innova
4033,Kochi,2017,47183,Petrol,Manual,Second,15.8,1591,121.3,5.0,11.31,Hyundai,Creta
4034,Kolkata,2018,10000,Petrol,Manual,First,20.51,998,67.04,5.0,4.5,Maruti,Wagon
4035,Chennai,2015,45000,Diesel,Automatic,First,11.3,2987,254.8,7.0,56.0,Mercedes-Benz,GL-Class
4036,Kochi,2017,3923,Petrol,Manual,First,23.1,998,67.04,5.0,5.2,Maruti,Celerio
4037,Delhi,2011,85000,Diesel,Manual,First,12.05,2179,120.0,8.0,5.25,Mahindra,Scorpio
4038,Kochi,2018,6279,Petrol,Manual,First,22.7,799,53.64,5.0,3.6,Datsun,redi-GO
4039,Pune,2014,74500,Diesel,Manual,First,21.2,1248,75.0,5.0,3.3,Fiat,Grande
4040,Kolkata,2013,42000,Diesel,Manual,First,22.7,1582,126.24,5.0,5.85,Hyundai,Elantra
4041,Delhi,2014,56510,Petrol,Manual,First,19.1,1197,85.8,5.0,3.9,Maruti,Swift
4042,Delhi,2009,88000,Diesel,Automatic,First,16.55,1968,140.0,5.0,7.98,Audi,A4
4043,Mumbai,2014,36631,Petrol,Automatic,First,16.5,1198,86.8,5.0,4.3,Honda,Brio
4044,Kolkata,2011,34000,Petrol,Manual,First,18.9,998,67.1,5.0,2.25,Maruti,Wagon
4045,Ahmedabad,2013,49000,Petrol,Manual,First,19.81,1086,68.05,5.0,3.2,Hyundai,i10
4046,Hyderabad,2012,65254,Diesel,Manual,First,22.32,1582,126.32,5.0,6.55,Hyundai,Verna
4047,Bangalore,2014,95000,Diesel,Manual,Second,22.32,1582,126.32,5.0,6.9,Hyundai,Verna
4048,Chennai,2009,83000,Diesel,Manual,First,23.2,1248,73.94,5.0,2.95,Maruti,Ritz
4049,Coimbatore,2017,101065,Diesel,Manual,First,20.5,1582,126.2,5.0,11.45,Hyundai,Creta
4050,Kochi,2017,15134,Petrol,Manual,First,21.4,1197,83.1,5.0,6.37,Maruti,Baleno
4051,Jaipur,2011,72000,Diesel,Manual,First,22.32,1582,126.3,5.0,5.0,Hyundai,Verna
4052,Chennai,2012,120000,Diesel,Manual,Second,22.3,1248,74.0,5.0,2.6,Tata,Indica
4053,Kolkata,2010,45000,Petrol,Manual,First,18.5,1197,80.0,5.0,1.9,Hyundai,i20
4054,Kochi,2015,54996,Diesel,Automatic,First,17.85,2967,300.0,4.0,60.95,Porsche,Panamera
4055,Coimbatore,2017,22874,Petrol,Manual,First,15.1,1196,73.0,5.0,4.44,Maruti,Eeco
4056,Chennai,2012,58000,Diesel,Automatic,Second,22.69,1995,190.0,5.0,15.3,BMW,3
4057,Chennai,2016,86000,Diesel,Manual,Second,25.47,1248,88.5,7.0,8.2,Maruti,Ertiga
4058,Ahmedabad,2014,69000,Petrol,Automatic,First,16.9,1197,81.86,5.0,5.25,Hyundai,Xcent
4059,Pune,2016,55001,Petrol,Automatic,Second,16.93,1197,103.2,5.0,8.5,Volkswagen,Vento
4060,Chennai,2015,28000,Diesel,Automatic,First,15.73,1968,174.33,5.0,23.75,Audi,Q3
4061,Delhi,2013,53213,Petrol,Manual,First,19.81,1086,68.05,5.0,2.74,Hyundai,i10
4062,Coimbatore,2016,44340,Diesel,Automatic,First,16.96,1968,138.03,5.0,13.83,Volkswagen,Jetta
4063,Mumbai,2017,16900,Petrol,Manual,First,21.1,998,100.0,5.0,6.99,Maruti,Baleno
4064,Jaipur,2009,57000,Petrol,Manual,First,19.81,1086,68.05,5.0,2.25,Hyundai,i10
4065,Hyderabad,2013,83165,Diesel,Manual,First,12.8,2494,102.0,8.0,11.49,Toyota,Innova
4066,Coimbatore,2012,24735,Petrol,Manual,Second,18.6,1199,79.4,5.0,2.87,Chevrolet,Beat
4067,Kolkata,2005,65175,Diesel,Manual,First,12.8,2494,102.0,8.0,3.25,Toyota,Innova
4068,Pune,2009,60000,Petrol,Manual,Second,9.8,2354,180.0,5.0,3.5,Honda,Accord
4069,Kochi,2017,60357,Diesel,Manual,First,25.32,1198,77.0,6.0,4.49,Mahindra,KUV
4070,Jaipur,2011,77000,Diesel,Manual,First,22.07,1199,73.9,5.0,2.9,Volkswagen,Polo
4071,Coimbatore,2014,85301,Petrol,Manual,First,12.4,1998,132.0,8.0,12.36,Toyota,Innova
4072,Mumbai,2011,50000,Diesel,Automatic,First,11.79,2179,120.0,8.0,6.0,Mahindra,Scorpio
4073,Chennai,2010,58000,Diesel,Automatic,First,16.46,2993,258.0,5.0,31.0,BMW,7
4074,Kolkata,2015,39000,Diesel,Manual,First,25.6,1498,98.6,5.0,5.49,Honda,City
4075,Coimbatore,2015,46190,Diesel,Manual,First,22.07,1199,73.9,5.0,5.86,Volkswagen,Polo
4076,Mumbai,2015,83000,Diesel,Manual,First,16.0,2179,140.0,7.0,9.0,Mahindra,XUV500
4077,Jaipur,2016,33000,Petrol,Manual,First,16.09,1598,103.5,5.0,7.7,Volkswagen,Vento
4078,Coimbatore,2017,27279,Petrol,Manual,First,17.4,1497,117.3,5.0,9.47,Honda,City
4079,Bangalore,2014,53900,Diesel,Automatic,First,14.16,1968,174.3,5.0,29.0,Audi,Q5
4080,Kochi,2012,63998,Petrol,Automatic,First,17.0,1497,118.0,5.0,5.42,Honda,City
4081,Coimbatore,2016,57932,Petrol,Manual,First,20.4,1197,81.8,5.0,6.39,Maruti,Swift
4082,Jaipur,2015,25000,Petrol,Manual,First,22.74,796,47.3,5.0,2.75,Maruti,Alto
4083,Chennai,2011,169000,Diesel,Manual,First,20.0,1399,68.0,5.0,2.5,Ford,Figo
4084,Delhi,2012,53000,Petrol,Manual,First,17.92,1086,62.1,5.0,2.35,Hyundai,Santro
4085,Coimbatore,2015,43053,Petrol,Manual,First,18.9,998,67.1,5.0,4.65,Maruti,Wagon
4086,Ahmedabad,2014,75000,Diesel,Manual,First,26.0,1498,98.6,5.0,6.0,Honda,City
4087,Pune,2012,89000,Petrol,Manual,Second,16.8,1497,116.3,5.0,3.5,Honda,City
4088,Hyderabad,2014,75578,Diesel,Manual,First,25.1,1498,98.6,5.0,7.0,Honda,City
4089,Bangalore,2014,46676,Petrol,Manual,First,17.0,1591,121.3,5.0,7.75,Hyundai,Verna
4090,Kochi,2014,51349,Petrol,Manual,First,24.07,998,67.1,5.0,2.93,Maruti,Alto
4091,Kolkata,2014,34233,Diesel,Automatic,First,14.21,2143,203.0,5.0,22.5,Mercedes-Benz,E-Class
4092,Coimbatore,2014,39626,Diesel,Automatic,First,11.2,2993,241.0,4.0,40.66,BMW,X6
4093,Pune,2008,82500,Petrol,Manual,First,14.0,1061,64.0,5.0,1.75,Maruti,Wagon
4094,Hyderabad,2015,63000,Diesel,Manual,Second,19.72,1461,108.45,5.0,8.2,Renault,Duster
4095,Delhi,2011,77001,Diesel,Manual,First,12.05,2179,120.0,8.0,4.49,Mahindra,Scorpio
4096,Chennai,2016,43000,Diesel,Automatic,First,10.91,3198,197.2,7.0,26.5,Ford,Endeavour
4097,Hyderabad,2011,61111,Petrol,Manual,First,19.0,998,67.1,5.0,2.6,Maruti,Zen
4098,Kolkata,2011,43000,Petrol,Manual,First,20.36,1197,78.9,5.0,2.49,Hyundai,i10
4099,Hyderabad,2013,47000,Petrol,Automatic,First,16.5,1198,86.8,5.0,5.4,Honda,Brio
4100,Jaipur,2017,34000,Petrol,Automatic,First,20.51,998,67.0,5.0,4.35,Maruti,Wagon
4101,Coimbatore,2018,22060,Diesel,Automatic,First,18.51,1968,147.51,5.0,32.73,Audi,Q3
4102,Jaipur,2011,80000,Petrol,Manual,First,18.9,998,67.1,5.0,2.5,Maruti,Wagon
4103,Kochi,2015,13506,Diesel,Automatic,First,18.25,1968,187.74,5.0,21.66,Audi,A4
4104,Mumbai,2016,16000,Petrol,Manual,First,25.17,799,53.3,5.0,2.99,Renault,KWID
4105,Kolkata,2016,31006,Petrol,Manual,First,24.7,796,47.3,5.0,2.61,Maruti,Alto
4106,Delhi,2013,91200,Diesel,Manual,First,12.99,2494,100.0,8.0,8.25,Toyota,Innova
4107,Pune,2015,43000,Petrol,Automatic,First,14.53,1794,138.1,5.0,12.5,Toyota,Corolla
4108,Hyderabad,2015,45000,Diesel,Manual,First,25.83,1498,99.0,5.0,5.5,Ford,Figo
4109,Coimbatore,2014,28637,Petrol,Manual,First,19.4,1198,86.8,5.0,5.53,Honda,Brio
4110,Pune,2004,69870,Petrol,Manual,Second,14.2,1597,92.0,5.0,1.1,Ford,Ikon
4111,Mumbai,2014,84000,Diesel,Manual,First,12.05,2179,120.0,7.0,6.85,Mahindra,Scorpio
4112,Coimbatore,2007,84143,Petrol,Manual,First,13.0,2987,210.0,5.0,17.09,Mercedes-Benz,S-Class
4113,Delhi,2012,77000,Diesel,Manual,Second,12.05,2179,120.0,8.0,4.93,Mahindra,Scorpio
4114,Ahmedabad,2012,75000,Diesel,Automatic,Second,12.39,2179,147.51,5.0,17.5,Land,Rover
4115,Delhi,2011,76155,Petrol,Manual,First,18.6,1199,79.4,5.0,1.95,Chevrolet,Beat
4116,Bangalore,2014,98000,Diesel,Manual,First,22.9,1248,74.0,5.0,6.1,Maruti,Swift
4117,Mumbai,2008,48233,Petrol,Manual,Second,13.4,1794,125.0,5.0,1.8,Toyota,Corolla
4118,Bangalore,2015,63000,Diesel,Automatic,First,13.22,2967,241.4,5.0,34.5,Audi,Q5
4119,Coimbatore,2015,34063,Petrol,Manual,First,21.1,814,55.2,5.0,4.01,Hyundai,EON
4120,Kolkata,2013,32576,Petrol,Manual,First,19.5,1199,88.76,5.0,3.15,Honda,Amaze
4121,Mumbai,2015,28843,Petrol,Automatic,First,17.01,1499,110.5,5.0,5.49,Ford,Figo
4122,Bangalore,2016,26000,Diesel,Automatic,Second,19.6,1461,108.45,5.0,10.0,Renault,Duster
4123,Kolkata,2013,39000,Petrol,Automatic,First,15.6,1497,116.3,5.0,4.55,Honda,City
4124,Mumbai,2010,66000,Petrol,Manual,First,19.7,796,46.3,5.0,1.5,Maruti,Alto
4125,Kolkata,2011,38002,Petrol,Manual,First,20.36,1197,78.9,5.0,2.15,Hyundai,i10
4126,Chennai,2010,49000,Petrol,Manual,Second,18.0,995,62.0,5.0,1.4,Chevrolet,Spark
4127,Bangalore,2014,52000,Diesel,Manual,First,21.14,1498,103.6,5.0,6.2,Skoda,Rapid
4128,Mumbai,2013,56500,Diesel,Automatic,First,17.68,1968,174.33,5.0,19.8,Audi,A6
4129,Mumbai,2015,20568,Petrol,Manual,First,18.7,1199,88.7,5.0,5.6,Honda,Jazz
4130,Mumbai,2015,26000,Petrol,Manual,First,15.29,1591,121.3,5.0,9.5,Hyundai,Creta
4131,Delhi,2012,56000,Petrol,Manual,First,18.6,1199,79.4,5.0,2.21,Chevrolet,Beat
4132,Coimbatore,2017,27509,Petrol,Manual,First,22.7,799,53.64,5.0,3.31,Datsun,redi-GO
4133,Kochi,2016,36216,Petrol,Manual,First,19.1,1197,81.86,5.0,5.44,Hyundai,Xcent
4134,Kolkata,2009,28888,Petrol,Automatic,First,10.0,2496,157.7,5.0,7.56,Mercedes-Benz,E-Class
4135,Jaipur,2011,120000,Diesel,Manual,Second,22.9,1248,74.0,5.0,3.2,Maruti,Swift
4136,Kochi,2018,31396,Petrol,Manual,First,23.1,998,67.04,5.0,5.53,Maruti,Celerio
4137,Hyderabad,2015,79000,Diesel,Automatic,First,19.3,1968,141.0,5.0,17.0,Skoda,Octavia
4138,Delhi,2010,62000,Petrol,Automatic,First,16.8,1497,118.0,5.0,3.55,Honda,City
4139,Chennai,2006,120000,Petrol,Automatic,Second,9.0,2997,218.0,5.0,2.65,Honda,Accord
4140,Mumbai,2016,53000,Petrol,Automatic,First,14.67,1798,177.46,5.0,17.85,Skoda,Superb
4141,Coimbatore,2010,124313,Diesel,Manual,First,12.99,2494,100.6,8.0,7.96,Toyota,Innova
4142,Pune,2015,26725,Petrol,Automatic,First,23.1,998,67.04,5.0,4.25,Maruti,Celerio
4143,Kolkata,2014,45617,Diesel,Manual,First,20.77,1248,88.76,7.0,5.85,Maruti,Ertiga
4144,Mumbai,2013,37000,Diesel,Automatic,First,20.0,2143,107.3,5.0,13.0,Mercedes-Benz,A
4145,Kochi,2010,109147,Diesel,Manual,First,14.0,2498,112.0,8.0,2.65,Mahindra,Xylo
4146,Ahmedabad,2014,59000,Diesel,Manual,First,25.8,1498,98.6,5.0,4.75,Honda,Amaze
4147,Pune,2015,28000,Petrol,Manual,First,25.17,799,53.3,5.0,2.65,Renault,KWID
4148,Pune,2017,4700,Petrol,Manual,First,25.17,799,53.3,5.0,3.0,Renault,KWID
4149,Coimbatore,2014,72469,Diesel,Automatic,First,12.07,2967,241.4,7.0,32.52,Audi,Q7
4150,Pune,2014,57539,Diesel,Automatic,First,22.32,1582,126.32,5.0,7.75,Hyundai,Verna
4151,Delhi,2016,42000,Diesel,Automatic,First,11.36,2755,171.5,7.0,19.6,Toyota,Innova
4152,Delhi,2010,62489,Petrol,Manual,First,17.0,1197,80.0,5.0,2.6,Hyundai,i20
4153,Mumbai,2013,51167,Petrol,Manual,First,16.47,1198,73.9,5.0,3.76,Volkswagen,Polo
4154,Chennai,2012,130000,Diesel,Manual,First,20.54,1598,103.6,5.0,4.75,Volkswagen,Vento
4155,Mumbai,2007,63000,Petrol,Manual,Second,17.7,1497,78.0,5.0,1.75,Honda,City
4156,Bangalore,2011,60000,Petrol,Manual,First,16.2,1599,103.2,5.0,3.95,Hyundai,Verna
4157,Pune,2005,123200,Petrol,Manual,Second,13.2,1495,94.0,5.0,1.0,Hyundai,Accent
4158,Jaipur,2011,115692,Diesel,Automatic,First,20.0,1968,138.1,5.0,4.5,Skoda,Laura
4159,Coimbatore,2011,87073,Petrol,Automatic,First,10.93,2497,204.0,5.0,17.23,Mercedes-Benz,E-Class
4160,Kochi,2015,40901,Petrol,Manual,First,18.6,1197,81.83,5.0,5.76,Hyundai,i20
4161,Coimbatore,2013,36264,Petrol,Manual,First,20.36,1197,78.9,5.0,4.32,Hyundai,i10
4162,Delhi,2009,60000,Petrol,Manual,Second,19.81,1086,68.05,5.0,1.9,Hyundai,i10
4163,Pune,2018,20000,Petrol,Manual,First,17.0,1198,74.0,5.0,5.5,Volkswagen,Ameo
4164,Mumbai,2014,68400,Petrol,Automatic,First,12.98,2494,178.4,5.0,13.5,Toyota,Camry
4165,Bangalore,2013,71231,Diesel,Manual,Second,16.0,2179,140.0,7.0,9.75,Mahindra,XUV500
4166,Hyderabad,2011,75000,Diesel,Automatic,First,17.2,1968,138.1,5.0,9.44,Skoda,Superb
4167,Mumbai,2018,1997,Petrol,Automatic,First,22.5,998,67.0,5.0,4.45,Maruti,Wagon
4168,Pune,2016,47300,Diesel,Manual,First,24.3,1248,88.5,5.0,8.85,Maruti,Vitara
4169,Kochi,2013,47910,Diesel,Manual,First,20.54,1598,103.6,5.0,4.89,Volkswagen,Vento
4170,Hyderabad,2015,62000,Diesel,Manual,First,20.14,1498,88.8,5.0,6.25,Volkswagen,Polo
4171,Chennai,2012,65060,Diesel,Manual,First,22.9,1248,74.0,5.0,4.8,Maruti,Swift
4172,Jaipur,2008,82203,Petrol,Manual,First,19.81,1086,68.05,5.0,1.8,Hyundai,i10
4173,Kolkata,2013,44000,Diesel,Manual,First,16.0,2179,140.0,7.0,7.25,Mahindra,XUV500
4174,Coimbatore,2014,53817,Diesel,Manual,First,25.47,1248,88.5,7.0,7.56,Maruti,Ertiga
4175,Kochi,2013,61591,Diesel,Manual,First,16.0,2179,140.0,7.0,6.82,Mahindra,XUV500
4176,Jaipur,2011,86500,Diesel,Manual,Second,21.12,1248,88.8,5.0,1.8,Tata,Manza
4177,Pune,2009,100000,Diesel,Automatic,First,11.0,2987,198.5,5.0,11.5,Mercedes-Benz,E-Class
4178,Chennai,2010,87000,Petrol,Manual,First,15.6,1586,104.68,5.0,2.8,Maruti,SX4
4179,Hyderabad,2016,35000,Petrol,Automatic,First,20.51,998,67.0,5.0,5.5,Maruti,Wagon
4180,Kolkata,2016,6000,Petrol,Manual,First,20.63,1198,67.06,5.0,2.7,Datsun,GO
4181,Jaipur,2014,59327,Diesel,Manual,First,20.0,1399,68.0,5.0,3.25,Ford,Figo
4182,Coimbatore,2014,81001,Diesel,Automatic,First,17.2,1968,138.1,5.0,10.9,Skoda,Superb
4183,Kochi,2014,44612,Petrol,Manual,First,18.5,1197,80.0,5.0,4.07,Hyundai,i20
4184,Ahmedabad,2016,42388,Diesel,Automatic,First,11.36,2755,171.5,7.0,18.0,Toyota,Innova
4185,Mumbai,2012,54000,Petrol,Manual,First,19.4,1198,86.8,5.0,2.95,Honda,Brio
4186,Mumbai,2011,83010,Diesel,Automatic,First,17.2,1968,138.1,5.0,7.5,Skoda,Superb
4187,Coimbatore,2016,65405,Diesel,Automatic,First,13.0,2143,204.0,5.0,32.73,Mercedes-Benz,E-Class
4188,Delhi,2015,36000,Diesel,Automatic,Second,12.55,2982,168.7,7.0,21.5,Toyota,Fortuner
4189,Pune,2008,85000,Petrol,Manual,First,16.51,1586,103.2,5.0,2.5,Maruti,SX4
4190,Ahmedabad,2016,35000,Diesel,Manual,First,27.3,1498,98.6,5.0,5.5,Honda,Jazz
4191,Mumbai,2012,54000,Petrol,Automatic,First,14.53,1794,138.1,5.0,7.5,Toyota,Corolla
4192,Mumbai,2007,70000,Petrol,Manual,First,16.9,1497,100.0,5.0,1.55,Honda,City
4193,Kolkata,2017,27001,Diesel,Automatic,First,20.68,1995,190.0,5.0,29.0,BMW,X1
4194,Coimbatore,2019,41075,Diesel,Manual,First,28.4,1248,74.0,5.0,8.4,Maruti,Swift
4195,Hyderabad,2016,26000,Diesel,Manual,First,25.32,1198,77.0,6.0,6.5,Mahindra,KUV
4196,Mumbai,2010,55000,Petrol,Manual,First,16.0,1198,90.0,5.0,2.35,Honda,Jazz
4197,Mumbai,2016,19000,Petrol,Manual,First,20.4,1197,81.8,5.0,5.55,Maruti,Swift
4198,Mumbai,2016,15000,Petrol,Automatic,First,18.9,1197,82.0,5.0,5.35,Hyundai,Grand
4199,Chennai,2016,37000,Petrol,Manual,First,17.8,1198,86.7,5.0,5.25,Honda,Amaze
4200,Coimbatore,2017,38712,Petrol,Manual,First,18.9,1197,81.86,5.0,5.87,Hyundai,Grand
4201,Kochi,2014,52400,Diesel,Manual,First,20.54,1598,103.6,5.0,5.36,Volkswagen,Vento
4202,Bangalore,2016,23988,Diesel,Manual,First,28.09,1248,88.5,5.0,7.75,Maruti,Ciaz
4203,Kochi,2014,32283,Petrol,Automatic,Second,14.4,1598,103.6,5.0,5.41,Volkswagen,Vento
4204,Bangalore,2010,52000,Petrol,Manual,First,18.5,1197,80.0,5.0,3.65,Hyundai,i20
4205,Pune,2016,32000,Petrol,Automatic,First,16.5,1198,86.8,5.0,5.25,Honda,Brio
4206,Kolkata,2014,39000,Petrol,Manual,First,17.4,1497,117.3,5.0,6.25,Honda,City
4207,Coimbatore,2017,14149,Petrol,Manual,First,23.9,624,37.48,4.0,3.47,Tata,Nano
4208,Mumbai,2006,103000,Petrol,Automatic,First,10.13,3498,364.9,5.0,8.85,Mercedes-Benz,S
4209,Pune,2004,82000,Petrol,Manual,First,14.0,1061,64.0,5.0,0.85,Maruti,Wagon
4210,Mumbai,2015,34000,Petrol,Automatic,First,13.7,1798,157.75,5.0,13.65,Skoda,Superb
4211,Coimbatore,2016,45180,Diesel,Automatic,First,12.07,2967,241.4,7.0,50.22,Audi,Q7
4212,Ahmedabad,2018,2000,Petrol,Manual,First,22.0,1197,81.8,5.0,7.75,Maruti,Swift
4213,Coimbatore,2011,82321,Diesel,Manual,First,12.8,2494,102.0,7.0,10.05,Toyota,Innova
4214,Kolkata,2011,7000,Petrol,Automatic,First,12.05,1995,154.0,5.0,9.75,BMW,3
4215,Delhi,2015,27000,Diesel,Automatic,First,17.9,2143,136.0,5.0,23.0,Mercedes-Benz,GLA
4216,Coimbatore,2019,31271,Diesel,Manual,First,13.68,2393,147.8,8.0,21.42,Toyota,Innova
4217,Delhi,2014,24000,Diesel,Manual,First,25.2,1248,74.0,5.0,5.21,Maruti,Swift
4218,Hyderabad,2009,147000,Diesel,Manual,First,12.99,2494,100.6,7.0,7.5,Toyota,Innova
4219,Chennai,2010,115000,Petrol,Manual,First,18.6,1199,79.4,5.0,1.75,Chevrolet,Beat
4220,Jaipur,2010,82000,Diesel,Manual,Second,13.8,1399,68.0,5.0,1.0,Ford,Ikon
4221,Delhi,2016,20000,Diesel,Automatic,First,19.27,2143,170.0,5.0,33.0,Mercedes-Benz,New
4222,Kolkata,2011,45560,Petrol,Manual,First,17.6,1496,88.73,5.0,2.2,Toyota,Etios
4223,Kochi,2017,57539,Diesel,Manual,First,12.8,2494,102.0,7.0,12.83,Toyota,Innova
4224,Kochi,2018,20004,Diesel,Automatic,First,17.54,2993,313.0,4.0,68.94,BMW,6
4225,Mumbai,2012,54500,Diesel,Manual,First,21.13,1498,108.4,5.0,4.1,Skoda,Rapid
4226,Jaipur,2016,27886,Petrol,Manual,First,22.0,814,55.0,5.0,2.85,Hyundai,EON
4227,Mumbai,2007,66000,Petrol,Automatic,First,11.1,2354,158.8,5.0,3.7,Honda,CR-V
4228,Coimbatore,2013,72202,Diesel,Automatic,First,20.0,1968,138.1,5.0,9.06,Skoda,Laura
4229,Delhi,2011,70000,Petrol,Manual,Second,13.4,1798,157.8,5.0,4.75,Skoda,Laura
4230,Jaipur,2015,78233,Diesel,Manual,First,26.0,1498,98.6,5.0,6.6,Honda,City
4231,Chennai,2007,120203,Diesel,Manual,Second,13.93,2179,138.0,7.0,3.5,Tata,New
4232,Pune,2011,20575,Petrol,Manual,First,19.0,998,67.1,5.0,2.0,Maruti,Zen
4233,Mumbai,2013,39879,Petrol,Manual,First,17.8,1198,86.7,5.0,3.89,Honda,Amaze
4234,Jaipur,2017,31056,Petrol,Manual,First,23.01,999,67.0,5.0,3.6,Renault,KWID
4235,Mumbai,2015,50940,Petrol,Automatic,First,19.12,1373,91.1,5.0,6.95,Maruti,Ciaz
4236,Coimbatore,2016,99362,Diesel,Manual,First,22.54,1396,88.73,5.0,7.03,Hyundai,i20
4237,Ahmedabad,2016,54000,Diesel,Manual,First,13.68,2393,147.8,7.0,16.5,Toyota,Innova
4238,Coimbatore,2016,54268,Diesel,Manual,First,28.09,1248,88.5,5.0,7.67,Maruti,Ciaz
4239,Coimbatore,2012,94521,Diesel,Automatic,First,14.74,2993,270.9,5.0,23.19,Jaguar,XF
4240,Kochi,2017,38932,Petrol,Manual,First,19.1,1197,82.0,5.0,6.21,Hyundai,Xcent
4241,Coimbatore,2015,60395,Diesel,Automatic,First,16.12,2967,245.0,5.0,45.82,Porsche,Cayenne
4242,Mumbai,2016,29000,Diesel,Manual,First,24.4,1120,71.0,5.0,5.95,Hyundai,Xcent
4243,Delhi,2011,58000,Diesel,Automatic,First,16.55,1968,140.0,5.0,11.0,Audi,A4
4244,Coimbatore,2016,60913,Petrol,Manual,First,20.73,1373,91.1,5.0,7.19,Maruti,Ciaz
4245,Delhi,2011,65000,Diesel,Manual,First,12.8,2494,102.0,8.0,6.4,Toyota,Innova
4246,Chennai,2015,26000,Diesel,Manual,First,15.8,2148,170.0,5.0,26.0,Mercedes-Benz,New
4247,Hyderabad,2016,19947,Petrol,Manual,First,20.36,1197,78.9,5.0,4.5,Hyundai,i10
4248,Chennai,2011,70816,Petrol,Automatic,First,16.95,1197,78.9,5.0,3.1,Hyundai,i10
4249,Delhi,2015,54000,Diesel,Manual,First,27.39,1248,74.0,5.0,5.95,Maruti,Baleno
4250,Delhi,2008,138000,Petrol,Manual,First,18.2,1061,64.0,5.0,1.2,Maruti,Zen
4251,Chennai,2014,35000,Diesel,Automatic,First,16.46,2993,258.0,5.0,52.0,BMW,7
4252,Bangalore,2015,50000,Diesel,Automatic,First,11.33,4134,335.2,7.0,48.0,Audi,Q7
4253,Hyderabad,2011,124652,Diesel,Automatic,First,11.7,2993,245.0,5.0,21.99,BMW,X5
4254,Hyderabad,2013,80264,Petrol,Manual,First,21.1,1197,85.8,5.0,4.3,Maruti,Ritz
4255,Pune,2013,125600,Diesel,Manual,First,21.64,1461,84.8,5.0,3.75,Nissan,Sunny
4256,Mumbai,2015,49000,Petrol,Manual,First,14.28,1798,138.03,5.0,8.95,Toyota,Corolla
4257,Pune,2012,111000,Diesel,Manual,First,23.59,1364,67.1,5.0,4.75,Toyota,Etios
4258,Coimbatore,2016,33690,Petrol,Manual,First,14.28,1798,138.03,5.0,14.6,Toyota,Corolla
4259,Mumbai,2012,50000,Diesel,Automatic,First,17.68,1968,174.33,5.0,17.5,Audi,A6
4260,Kolkata,2012,38092,Diesel,Manual,First,20.77,1248,88.8,7.0,5.2,Maruti,Ertiga
4261,Coimbatore,2017,47774,Petrol,Manual,First,18.9,1197,82.0,5.0,6.04,Hyundai,Grand
4262,Chennai,2009,167000,Diesel,Manual,Second,19.09,1396,69.0,5.0,2.7,Tata,Indigo
4263,Chennai,2019,65000,Diesel,Automatic,First,26.59,1248,74.0,5.0,6.75,Maruti,Swift
4264,Kolkata,2011,46000,Petrol,Manual,First,15.26,1598,103.5,5.0,2.35,Volkswagen,Polo
4265,Hyderabad,2017,16500,Petrol,Manual,First,23.84,1199,84.0,5.0,5.0,Tata,Tiago
4266,Kolkata,2016,39000,Petrol,Manual,First,17.8,1497,117.3,5.0,6.95,Honda,City
4267,Jaipur,2018,6000,Petrol,Manual,First,19.5,1199,86.76,5.0,6.7,Honda,Amaze
4268,Hyderabad,2015,60000,Diesel,Automatic,First,17.11,1968,174.33,5.0,25.0,Audi,A4
4269,Chennai,2011,97320,Petrol,Automatic,First,14.4,1598,103.6,5.0,3.75,Volkswagen,Vento
4270,Chennai,2011,99807,Diesel,Manual,First,20.54,1598,103.6,5.0,3.75,Volkswagen,Vento
4271,Pune,2013,46000,Petrol,Manual,First,17.0,1497,118.0,5.0,5.1,Honda,City
4272,Mumbai,2010,12000,Petrol,Manual,First,22.5,998,67.04,5.0,2.45,Maruti,Wagon
4273,Kolkata,2005,13002,Petrol,Automatic,First,9.3,2771,193.1,5.0,3.25,Skoda,Superb
4274,Kolkata,2014,26000,Diesel,Manual,First,26.0,1498,98.6,5.0,5.5,Honda,City
4275,Kochi,2014,68365,CNG,Manual,First,35.910000000000004,998,58.16,5.0,3.77,Maruti,Wagon
4276,Kochi,2016,51639,Petrol,Manual,First,22.74,796,47.3,5.0,3.04,Maruti,Alto
4277,Delhi,2015,21000,Petrol,Manual,First,18.6,1197,81.83,5.0,4.9,Hyundai,i20
4278,Bangalore,2013,90000,Diesel,Manual,First,22.7,1498,89.84,5.0,6.25,Ford,Ecosport
4279,Hyderabad,2015,36255,Diesel,Automatic,First,19.59,1995,184.0,5.0,33.0,BMW,3
4280,Chennai,2011,58000,Diesel,Automatic,Second,11.7,2993,245.0,5.0,27.0,BMW,X5
4281,Coimbatore,2014,48997,Petrol,Manual,Second,18.0,1198,86.7,5.0,5.21,Honda,Amaze
4282,Mumbai,2014,31130,Petrol,Manual,First,15.85,1499,110.4,5.0,5.75,Ford,EcoSport
4283,Coimbatore,2012,75668,Diesel,Automatic,First,14.74,2993,270.9,5.0,16.58,Jaguar,XF
4284,Delhi,2015,12000,Petrol,Manual,First,14.53,1798,138.0,5.0,11.0,Toyota,Corolla
4285,Pune,2014,90000,Petrol,Manual,Second,20.36,1197,78.9,5.0,2.8,Hyundai,i10
4286,Kochi,2019,17320,Diesel,Automatic,First,15.8,2148,170.0,5.0,37.99,Mercedes-Benz,New
4287,Delhi,2011,85000,Diesel,Manual,Second,20.0,1968,108.5,5.0,3.65,Skoda,Laura
4288,Hyderabad,2007,130000,Diesel,Manual,First,13.1,2499,141.0,7.0,6.0,Ford,Endeavour
4289,Coimbatore,2013,60328,Petrol,Manual,First,15.6,1196,70.0,5.0,4.54,Ford,Figo
4290,Kochi,2015,34327,Petrol,Manual,First,18.0,1198,86.7,5.0,5.4,Honda,Amaze
4291,Mumbai,2014,75000,Diesel,Manual,First,19.1,1405,70.0,5.0,3.3,Tata,Indica
4292,Hyderabad,2012,86000,Diesel,Automatic,Second,14.7,1985,163.0,5.0,18.25,Volvo,XC60
4293,Bangalore,2017,12000,Petrol,Manual,First,22.7,799,53.0,5.0,3.1,Datsun,Redi
4294,Kochi,2013,57759,Petrol,Manual,First,21.1,814,55.2,5.0,3.84,Hyundai,EON
4295,Kolkata,2016,24300,Petrol,Manual,First,22.74,796,47.3,5.0,2.44,Maruti,Alto
4296,Bangalore,2011,66000,Petrol,Manual,Second,16.47,1198,73.9,5.0,3.6,Volkswagen,Polo
4297,Mumbai,2015,75915,Petrol,Manual,First,20.36,1197,78.9,5.0,3.9,Hyundai,i10
4298,Chennai,2013,107000,Petrol,Manual,Second,16.95,1498,97.7,5.0,2.9,Nissan,Sunny
4299,Chennai,2008,86000,Petrol,Manual,Second,14.53,1798,138.1,5.0,3.5,Toyota,Corolla
4300,Chennai,2009,160000,Diesel,Manual,Second,18.1,1493,110.0,5.0,3.5,Hyundai,Verna
4301,Jaipur,2019,3000,Petrol,Manual,First,24.7,796,47.3,5.0,3.5,Maruti,Alto
4302,Hyderabad,2015,72495,Diesel,Manual,First,21.9,1396,88.76,5.0,7.0,Hyundai,i20
4303,Chennai,2016,33000,Diesel,Automatic,First,19.08,1582,126.2,5.0,8.7,Hyundai,Verna
4304,Hyderabad,2014,60000,Diesel,Automatic,First,12.07,2967,241.4,7.0,45.0,Audi,Q7
4305,Hyderabad,2016,80103,Diesel,Manual,First,25.0,1396,69.0,5.0,1.8,Tata,Indica
4306,Kolkata,2007,42100,Petrol,Manual,First,18.0,995,62.0,5.0,0.99,Chevrolet,Spark
4307,Kolkata,2018,4500,Petrol,Manual,First,18.9,1197,81.86,5.0,4.8,Hyundai,Grand
4308,Mumbai,2014,97000,Diesel,Manual,First,12.55,2982,169.0,7.0,17.95,Toyota,Fortuner
4309,Kochi,2017,51223,Petrol,Manual,First,18.9,1197,81.86,5.0,5.66,Hyundai,Grand
4310,Delhi,2009,64000,Petrol,Manual,First,17.0,1497,118.0,5.0,3.1,Honda,City
4311,Kochi,2016,56911,Petrol,Manual,First,18.6,1197,81.86,5.0,6.54,Hyundai,Elite
4312,Hyderabad,2015,147848,Diesel,Manual,First,12.8,2494,102.0,8.0,13.2,Toyota,Innova
4313,Kochi,2018,21290,Petrol,Automatic,First,13.0,4951,395.0,4.0,56.8,Ford,Mustang
4314,Kochi,2019,14076,Diesel,Automatic,First,11.36,2755,171.5,7.0,19.4,Toyota,Innova
4315,Ahmedabad,2007,75180,Petrol,Manual,First,18.2,1061,64.0,5.0,1.65,Maruti,Zen
4316,Jaipur,2013,92000,Diesel,Manual,Second,22.9,1248,74.0,5.0,4.35,Maruti,Swift
4317,Hyderabad,2015,57266,Diesel,Manual,First,20.5,1248,91.72,5.0,6.5,Fiat,Avventura
4318,Delhi,2007,64000,Petrol,Manual,First,18.2,998,67.1,5.0,1.11,Maruti,Zen
4319,Mumbai,2013,41000,Diesel,Manual,First,19.87,1461,83.8,5.0,5.5,Renault,Duster
4320,Delhi,2012,45999,Diesel,Manual,First,10.5,2835,107.2,6.0,11.0,Mitsubishi,Pajero
4321,Pune,2015,50000,Petrol,Automatic,First,23.1,998,67.04,5.0,3.9,Maruti,Celerio
4322,Pune,2013,70000,Diesel,Manual,First,17.88,1405,48.21,5.0,1.8,Tata,Indica
4323,Kochi,2016,37540,Petrol,Manual,First,18.6,1197,81.86,5.0,6.22,Hyundai,Elite
4324,Hyderabad,2014,44000,Petrol,Automatic,First,23.1,998,67.04,5.0,4.3,Maruti,Celerio
4325,Hyderabad,2017,22500,Petrol,Manual,First,18.9,1197,81.86,5.0,5.99,Hyundai,Grand
4326,Delhi,2017,17431,Petrol,Manual,First,18.6,1197,81.83,5.0,6.0,Hyundai,i20
4327,Delhi,2014,61566,Petrol,Manual,First,17.1,1591,121.3,5.0,5.85,Hyundai,Verna
4328,Kochi,2014,61730,Diesel,Automatic,First,12.39,2179,147.51,5.0,19.94,Land,Rover
4329,Chennai,2009,68000,Petrol,Manual,First,16.1,1298,88.2,5.0,2.9,Maruti,Swift
4330,Mumbai,2014,29000,Petrol,Manual,First,18.0,1198,86.7,5.0,4.25,Honda,Amaze
4331,Hyderabad,2010,156210,Diesel,Manual,First,21.43,1364,87.2,5.0,5.99,Toyota,Corolla
4332,Kolkata,2013,46500,Diesel,Manual,First,27.4,1498,98.6,5.0,3.3,Honda,Amaze
4333,Coimbatore,2009,52830,Diesel,Automatic,Second,16.77,2967,241.38,5.0,8.08,Audi,A6
4334,Jaipur,2017,39867,Petrol,Manual,First,22.5,998,67.04,5.0,4.5,Maruti,Wagon
4335,Hyderabad,2014,58972,Diesel,Manual,First,24.2,1498,98.6,7.0,6.5,Honda,Mobilio
4336,Bangalore,2006,66000,Petrol,Automatic,Second,10.1,2354,152.0,5.0,3.9,Honda,CR-V
4337,Delhi,2013,52000,Petrol,Manual,First,17.1,1591,121.3,5.0,5.25,Hyundai,Verna
4338,Bangalore,2014,58000,Diesel,Automatic,First,11.72,2199,194.3,7.0,17.0,Hyundai,Santa
4339,Ahmedabad,2012,58000,Petrol,Automatic,First,16.95,1197,78.9,5.0,3.5,Hyundai,i10
4340,Hyderabad,2008,75000,Diesel,Manual,Second,17.7,1399,68.0,5.0,3.0,Ford,Fusion
4341,Coimbatore,2015,41008,Petrol,Manual,Second,20.36,1197,78.9,5.0,4.87,Hyundai,i10
4342,Jaipur,2014,65000,Diesel,Manual,First,24.4,1120,71.0,5.0,6.0,Hyundai,Xcent
4343,Mumbai,2015,19000,Diesel,Automatic,First,18.19,1968,174.5,5.0,15.5,Skoda,Superb
4344,Pune,2008,74000,Petrol,Manual,Second,16.6,1388,68.0,5.0,1.6,Ford,Fiesta
4345,Pune,2017,33000,Petrol,Automatic,First,21.4,1197,83.1,5.0,7.25,Maruti,Baleno
4346,Mumbai,2010,95000,Diesel,Manual,Second,17.0,1896,105.0,5.0,3.25,Skoda,Laura
4347,Kolkata,2012,34000,Diesel,Manual,First,20.64,1498,108.5,5.0,3.4,Volkswagen,Vento
4348,Coimbatore,2014,102865,Diesel,Automatic,First,12.07,2967,241.4,7.0,30.5,Audi,Q7
4349,Kochi,2016,52378,Petrol,Manual,First,17.0,1591,121.3,5.0,7.97,Hyundai,Verna
4350,Delhi,2012,38000,Diesel,Automatic,First,14.84,2143,170.0,5.0,13.51,Mercedes-Benz,New
4351,Kochi,2015,60334,Diesel,Manual,First,25.8,1498,98.6,5.0,5.43,Honda,Amaze
4352,Chennai,2010,107000,Petrol,Manual,First,16.6,1388,68.0,5.0,2.6,Ford,Fiesta
4353,Bangalore,2013,445000,Petrol,Manual,First,18.5,1197,82.9,5.0,4.45,Hyundai,i20
4354,Kolkata,2017,2196,Petrol,Manual,First,22.74,796,47.3,5.0,2.75,Maruti,Alto
4355,Kolkata,2010,24000,Petrol,Automatic,First,10.6,2996,258.0,5.0,8.75,BMW,5
4356,Coimbatore,2015,44846,Petrol,Manual,Second,14.6,1368,88.7,5.0,5.41,Fiat,Grande
4357,Kochi,2018,64035,Diesel,Automatic,First,28.4,1248,73.75,5.0,8.55,Maruti,Dzire
4358,Mumbai,2014,45600,Diesel,Manual,First,15.1,2179,140.0,7.0,8.25,Mahindra,XUV500
4359,Kochi,2014,102001,Diesel,Automatic,First,11.1,2400,200.0,7.0,23.58,Volvo,XC90
4360,Coimbatore,2014,47439,Petrol,Manual,First,20.36,1197,78.9,5.0,4.49,Hyundai,i10
4361,Hyderabad,2010,193254,Diesel,Manual,First,11.5,2982,171.0,7.0,12.99,Toyota,Fortuner
4362,Bangalore,2016,29000,Petrol,Automatic,First,21.9,624,37.48,4.0,2.8,Tata,Nano
4363,Coimbatore,2016,51681,Diesel,Manual,First,19.98,1461,108.5,8.0,8.43,Renault,Lodgy
4364,Hyderabad,2015,50000,Diesel,Automatic,First,12.07,2967,241.4,7.0,47.5,Audi,Q7
4365,Mumbai,2016,42666,Petrol,Automatic,First,18.0,1497,117.3,5.0,8.95,Honda,City
4366,Jaipur,2013,65000,Diesel,Manual,Second,19.01,1461,108.45,5.0,5.5,Renault,Duster
4367,Jaipur,2014,18776,Petrol,Manual,First,17.8,1198,86.7,5.0,4.75,Honda,Amaze
4368,Jaipur,2016,6714,Petrol,Manual,First,18.0,1198,86.7,5.0,4.75,Honda,Amaze
4369,Pune,2009,40000,Petrol,Automatic,Second,12.05,1995,154.0,5.0,9.5,BMW,3
4370,Coimbatore,2011,88539,Diesel,Manual,First,23.2,1248,73.94,5.0,3.77,Maruti,Ritz
4371,Delhi,2012,65055,Petrol,Manual,Second,17.0,1497,118.0,5.0,4.25,Honda,City
4372,Mumbai,2014,23000,Diesel,Automatic,First,18.88,1995,184.0,5.0,19.9,BMW,3
4373,Chennai,2009,60000,Diesel,Manual,First,15.0,1896,105.0,5.0,4.0,Volkswagen,Jetta
4374,Kochi,2013,59350,Petrol,Manual,First,19.1,1197,85.8,5.0,4.16,Maruti,Swift
4375,Bangalore,2015,19000,Diesel,Automatic,Second,16.36,2179,187.7,5.0,38.0,Jaguar,XF
4376,Kochi,2016,45560,Petrol,Automatic,First,16.9,1197,82.0,5.0,6.34,Hyundai,Xcent
4377,Pune,2009,118000,Diesel,Manual,First,12.8,2494,102.0,8.0,4.5,Toyota,Innova
4378,Chennai,2016,55000,Petrol,Manual,First,15.1,1196,73.0,7.0,3.75,Maruti,Eeco
4379,Delhi,2012,60000,Diesel,Automatic,Second,15.2,1968,140.8,5.0,10.2,Audi,A4
4380,Chennai,2007,145000,Diesel,Manual,First,12.8,2494,102.0,8.0,5.0,Toyota,Innova
4381,Mumbai,2008,46810,Petrol,Manual,First,9.8,1995,163.5,5.0,3.95,Maruti,Grand
4382,Coimbatore,2016,62767,Diesel,Manual,First,20.34,1498,103.2,5.0,9.75,Volkswagen,Vento
4383,Kochi,2018,18553,Petrol,Manual,First,18.6,1197,81.86,5.0,7.93,Hyundai,Elite
4384,Hyderabad,2011,143143,Diesel,Manual,First,17.8,1399,67.0,5.0,2.1,Ford,Fiesta
4385,Coimbatore,2015,53497,Diesel,Manual,First,13.5,2477,175.56,7.0,16.42,Mitsubishi,Pajero
4386,Bangalore,2011,148000,Diesel,Manual,Second,14.66,2199,194.3,7.0,8.9,Hyundai,Santa
4387,Pune,2012,95000,Diesel,Manual,First,15.1,2179,140.0,7.0,7.21,Mahindra,XUV500
4388,Chennai,2015,100000,Diesel,Manual,First,12.8,2494,102.0,8.0,13.5,Toyota,Innova
4389,Chennai,2016,29000,Diesel,Automatic,First,11.57,2987,254.79,5.0,65.0,Mercedes-Benz,GLE
4390,Bangalore,2014,87000,Diesel,Manual,First,12.05,2179,120.0,7.0,7.4,Mahindra,Scorpio
4391,Kochi,2014,56838,Petrol,Automatic,First,16.8,1497,118.0,5.0,5.15,Honda,City
4392,Pune,2013,100000,Diesel,Automatic,First,12.0,2987,224.0,7.0,32.0,Mercedes-Benz,GL-Class
4393,Kolkata,2011,125000,Petrol,Manual,First,17.0,1497,118.0,5.0,3.25,Honda,City
4394,Kolkata,2017,17000,Petrol,Automatic,First,22.5,998,67.0,5.0,3.95,Maruti,Wagon
4395,Pune,2013,70000,Petrol,Manual,Second,15.4,1193,65.0,5.0,1.5,Tata,Indigo
4396,Pune,2010,50000,Petrol,Manual,Second,17.0,1197,80.0,5.0,3.0,Hyundai,i20
4397,Kolkata,2010,39800,Petrol,Manual,First,16.0,1198,90.0,5.0,1.99,Honda,Jazz
4398,Kolkata,2010,60000,Petrol,Manual,First,19.0,998,66.1,5.0,1.35,Maruti,A-Star
4399,Hyderabad,2009,58000,Diesel,Automatic,First,16.07,1995,181.0,5.0,13.5,BMW,3
4400,Hyderabad,2010,110009,Diesel,Manual,First,17.67,1968,138.08,5.0,6.99,Skoda,Yeti
4401,Hyderabad,2013,85000,Diesel,Manual,First,19.01,1461,108.5,5.0,8.5,Nissan,Terrano
4402,Pune,2010,84000,Diesel,Manual,Second,22.07,1199,73.9,5.0,2.89,Volkswagen,Polo
4403,Mumbai,2011,51000,Diesel,Automatic,First,22.69,1995,190.0,5.0,10.5,BMW,3
4404,Kochi,2013,68880,Petrol,Manual,First,16.95,1498,97.7,5.0,3.97,Nissan,Sunny
4405,Chennai,2017,5500,Petrol,Automatic,First,24.07,998,67.1,5.0,4.25,Maruti,Alto
4406,Coimbatore,2016,40052,Petrol,Manual,First,21.1,1197,85.8,5.0,6.17,Maruti,Ritz
4407,Coimbatore,2016,47293,Diesel,Automatic,First,14.16,1968,174.3,5.0,38.72,Audi,Q5
4408,Hyderabad,2013,79663,Diesel,Manual,First,16.8,1493,110.0,5.0,6.5,Hyundai,Verna
4409,Jaipur,2013,63000,Diesel,Manual,Second,25.8,1498,98.6,5.0,4.25,Honda,Amaze
4410,Kolkata,2014,45000,Diesel,Manual,First,26.0,1498,98.6,5.0,4.75,Honda,City
4411,Kochi,2014,56501,Diesel,Automatic,First,12.9,2755,174.5,7.0,17.71,Toyota,Fortuner
4412,Jaipur,2015,58000,Diesel,Manual,First,20.34,1498,103.2,5.0,5.85,Volkswagen,Vento
4413,Coimbatore,2011,51602,Diesel,Automatic,First,22.48,1995,190.0,5.0,17.27,BMW,5
4414,Hyderabad,2007,74199,Diesel,Automatic,First,16.07,1995,181.0,5.0,9.25,BMW,3
4415,Ahmedabad,2017,25000,Petrol,Automatic,First,13.0,1591,121.3,5.0,12.75,Hyundai,Creta
4416,Pune,2016,70000,Diesel,Automatic,Second,21.76,1995,190.0,5.0,27.0,BMW,3
4417,Bangalore,2013,25000,Diesel,Automatic,Second,14.84,2143,167.62,5.0,21.0,Mercedes-Benz,New
4418,Hyderabad,2017,22000,Diesel,Manual,First,26.59,1248,74.0,5.0,7.95,Maruti,Swift
4419,Hyderabad,2015,47020,Petrol,Manual,Second,23.1,998,67.04,5.0,4.5,Maruti,Celerio
4420,Mumbai,2017,8000,Diesel,Automatic,First,19.59,1995,187.74,5.0,33.75,BMW,3
4421,Delhi,2010,73000,Diesel,Automatic,First,11.33,4134,335.2,7.0,17.51,Audi,Q7
4422,Kochi,2017,36973,Petrol,Manual,First,18.2,1199,88.7,5.0,6.8,Honda,Jazz
4423,Coimbatore,2014,42083,Petrol,Manual,First,25.4,624,37.48,4.0,1.68,Tata,Nano
4424,Chennai,2016,61000,Petrol,Manual,First,24.7,796,47.3,5.0,2.9,Maruti,Alto
4425,Mumbai,2014,43628,Petrol,Manual,First,22.5,998,67.04,5.0,3.16,Maruti,Wagon
4426,Jaipur,2014,60000,Diesel,Manual,First,24.4,1120,71.0,5.0,3.9,Hyundai,Xcent
4427,Delhi,2010,54000,Petrol,Manual,Second,17.8,1199,76.8,5.0,1.95,Chevrolet,Beat
4428,Kochi,2015,27001,Diesel,Automatic,First,16.36,2179,187.7,5.0,26.52,Jaguar,XF
4429,Chennai,2010,52000,Diesel,Automatic,First,18.33,1968,167.7,5.0,9.0,Volkswagen,Passat
4430,Hyderabad,2012,80000,Diesel,Manual,First,21.27,1396,88.76,5.0,4.5,Hyundai,i20
4431,Chennai,2008,160000,Diesel,Manual,First,10.5,2835,107.2,6.0,8.75,Mitsubishi,Pajero
4432,Chennai,2018,3300,Diesel,Automatic,First,24.3,1248,88.5,5.0,11.5,Maruti,Vitara
4433,Delhi,2016,35027,Petrol,Manual,First,24.07,998,67.1,5.0,3.0,Maruti,Alto
4434,Coimbatore,2015,26568,Petrol,Manual,First,21.1,814,55.2,5.0,3.79,Hyundai,EON
4435,Ahmedabad,2015,59000,Diesel,Manual,First,28.09,1248,88.5,5.0,6.0,Maruti,Ciaz
4436,Bangalore,2016,51000,Diesel,Manual,First,19.67,1582,126.2,5.0,13.25,Hyundai,Creta
4437,Delhi,2012,56400,Diesel,Automatic,First,17.2,1968,138.1,5.0,8.0,Skoda,Superb
4438,Hyderabad,2015,80000,Diesel,Manual,First,20.14,1498,88.8,5.0,5.8,Volkswagen,Polo
4439,Hyderabad,2013,107000,Diesel,Manual,Second,12.99,2494,100.6,7.0,13.5,Toyota,Innova
4440,Pune,2014,100000,Diesel,Automatic,First,14.21,2143,203.0,5.0,25.0,Mercedes-Benz,E-Class
4441,Kochi,2016,59998,Diesel,Manual,First,20.14,1498,88.8,5.0,5.49,Volkswagen,Polo
4442,Hyderabad,2013,105000,Diesel,Automatic,First,17.32,1968,150.0,5.0,19.0,Audi,Q3
4443,Kolkata,2011,36000,Petrol,Manual,First,18.5,1197,80.0,5.0,2.5,Hyundai,i20
4444,Kolkata,2015,24350,Petrol,Manual,Second,19.81,1086,68.05,5.0,3.0,Hyundai,i10
4445,Kochi,2018,28973,Diesel,Manual,First,24.7,1047,69.0,5.0,6.64,Tata,Tigor
4446,Kochi,2017,8243,Petrol,Manual,First,21.1,814,55.2,5.0,3.21,Hyundai,EON
4447,Chennai,2009,136642,Petrol,Manual,Second,17.92,1086,62.1,5.0,1.55,Hyundai,Santro
4448,Hyderabad,2011,60000,Petrol,Manual,First,17.92,1086,62.1,5.0,2.59,Hyundai,Santro
4449,Chennai,2008,100000,Diesel,Manual,Second,12.7,2609,120.0,8.0,4.0,Mahindra,Scorpio
4450,Jaipur,2010,48689,Petrol,Manual,First,17.4,1497,117.3,5.0,3.87,Honda,City
4451,Bangalore,2017,45000,Diesel,Manual,First,24.3,1248,88.5,5.0,9.75,Maruti,Vitara
4452,Kochi,2019,38163,Diesel,Automatic,First,17.11,1968,174.33,5.0,32.91,Audi,A4
4453,Chennai,2011,43800,Diesel,Automatic,Second,14.21,2143,203.0,5.0,16.75,Mercedes-Benz,E-Class
4454,Jaipur,2007,92000,Petrol,Manual,First,13.5,1799,130.0,5.0,1.9,Honda,Civic
4455,Kochi,2017,14064,Petrol,Manual,First,18.6,1197,81.83,5.0,6.59,Hyundai,i20
4456,Coimbatore,2017,42366,Diesel,Automatic,First,15.73,1968,174.33,5.0,31.93,Audi,Q3
4457,Jaipur,2014,76551,Diesel,Manual,First,25.1,1498,98.6,5.0,7.25,Honda,City
4458,Pune,2008,72672,Petrol,Manual,First,19.81,1086,68.05,5.0,1.9,Hyundai,i10
4459,Kolkata,2015,45000,Diesel,Manual,First,25.2,1248,74.0,5.0,3.55,Maruti,Swift
4460,Hyderabad,2012,91696,Diesel,Automatic,First,11.4,2953,153.86,7.0,9.25,Ford,Endeavour
4461,Kochi,2009,66484,Petrol,Manual,First,13.8,1299,70.0,5.0,1.65,Ford,Ikon
4462,Coimbatore,2019,15456,Diesel,Automatic,First,20.68,1995,190.0,5.0,36.64,BMW,X1
4463,Mumbai,2011,55000,Diesel,Automatic,Second,14.21,2143,203.0,5.0,16.0,Mercedes-Benz,E-Class
4464,Kochi,2019,21112,CNG,Manual,First,20.385,1196,73.0,5.0,5.38,Maruti,Eeco
4465,Ahmedabad,2014,61297,Diesel,Manual,First,25.8,1498,98.6,5.0,4.35,Honda,Amaze
4466,Hyderabad,2006,80000,Petrol,Manual,Second,17.3,993,60.0,5.0,1.2,Maruti,Zen
4467,Jaipur,2013,59000,Petrol,Manual,Second,18.5,1197,80.0,5.0,4.1,Hyundai,i20
4468,Chennai,2009,150000,Diesel,Automatic,First,11.0,2993,235.0,5.0,18.75,BMW,X5
4469,Coimbatore,2017,60083,Diesel,Manual,First,19.67,1582,126.2,5.0,13.78,Hyundai,Creta
4470,Kolkata,2016,85450,Diesel,Manual,First,26.59,1248,74.0,5.0,4.0,Maruti,Swift
4471,Jaipur,2013,88000,Diesel,Manual,First,22.9,1248,74.0,5.0,4.33,Maruti,Swift
4472,Kochi,2015,81828,Diesel,Manual,First,24.0,1186,73.97,5.0,5.43,Hyundai,Grand
4473,Mumbai,2016,18000,Petrol,Manual,First,18.16,1196,86.8,5.0,4.9,Ford,Figo
4474,Chennai,2017,15000,Diesel,Automatic,First,15.97,2993,258.0,5.0,70.0,BMW,X5
4475,Kolkata,2016,34000,Diesel,Automatic,First,11.78,2143,167.62,5.0,25.5,Mercedes-Benz,New
4476,Ahmedabad,2015,46000,Petrol,Automatic,First,18.9,1197,82.0,5.0,5.1,Hyundai,Grand
4477,Hyderabad,2013,48158,Diesel,Manual,First,22.32,1582,126.32,5.0,6.7,Hyundai,Verna
4478,Hyderabad,2013,93000,Diesel,Automatic,First,16.73,2993,218.0,5.0,26.5,BMW,5
4479,Ahmedabad,2013,71007,Diesel,Manual,First,23.08,1461,63.1,5.0,3.9,Nissan,Micra
4480,Pune,2010,63067,Petrol,Manual,Second,15.5,1586,103.3,5.0,2.7,Maruti,SX4
4481,Hyderabad,2011,70259,Diesel,Manual,First,21.12,1248,88.8,5.0,2.95,Tata,Manza
4482,Ahmedabad,2015,13000,Diesel,Automatic,First,16.55,1968,140.0,5.0,23.0,Audi,A4
4483,Pune,2009,140000,Diesel,Manual,Second,17.8,1248,75.0,5.0,2.49,Maruti,Swift
4484,Jaipur,2015,130000,Diesel,Manual,First,25.2,1248,74.0,5.0,4.5,Maruti,Swift
4485,Delhi,2011,89401,Diesel,Manual,First,21.43,1364,87.2,5.0,4.5,Toyota,Corolla
4486,Hyderabad,2015,67000,Diesel,Manual,First,27.3,1498,98.6,5.0,6.9,Honda,Jazz
4487,Kochi,2010,65329,Petrol,Automatic,First,7.94,4395,450.0,4.0,20.72,BMW,6
4488,Jaipur,2010,72000,Petrol,Manual,First,16.25,1198,73.9,5.0,2.21,Skoda,Fabia
4489,Mumbai,2011,82000,Diesel,Automatic,Second,12.35,2179,187.74,5.0,13.9,Land,Rover
4490,Pune,2010,85000,Petrol,Manual,First,15.3,1596,101.0,5.0,1.46,Ford,Fiesta
4491,Pune,2012,83000,Diesel,Automatic,First,19.08,1582,126.32,5.0,6.0,Hyundai,Verna
4492,Jaipur,2016,26000,Petrol,Manual,First,21.7,999,67.0,5.0,3.0,Renault,KWID
4493,Delhi,2012,27000,Diesel,Manual,First,22.3,1248,88.8,5.0,3.5,Tata,Indica
4494,Kochi,2018,37746,Diesel,Manual,First,21.19,1396,88.73,5.0,7.59,Hyundai,i20
4495,Mumbai,2009,63274,Petrol,Manual,Second,15.0,1586,104.68,5.0,1.99,Maruti,SX4
4496,Hyderabad,2016,25000,Petrol,Manual,First,25.17,799,53.3,5.0,3.8,Renault,KWID
4497,Bangalore,2013,197000,Diesel,Manual,First,11.68,2498,112.0,7.0,4.0,Mahindra,Xylo
4498,Bangalore,2013,45010,Petrol,Manual,Second,21.1,814,55.2,5.0,2.95,Hyundai,EON
4499,Delhi,2013,75348,Diesel,Manual,First,25.8,1498,98.6,5.0,3.75,Honda,Amaze
4500,Kolkata,2010,90110,Diesel,Manual,First,22.07,1199,73.9,5.0,2.5,Volkswagen,Polo
4501,Pune,2011,102013,Petrol,Manual,First,17.0,1497,118.0,5.0,3.75,Honda,City
4502,Pune,2015,36000,Diesel,Automatic,First,12.55,2982,168.5,7.0,22.0,Toyota,Fortuner
4503,Kochi,2017,37578,Petrol,Manual,First,18.0,1198,86.7,5.0,6.14,Honda,Amaze
4504,Pune,2015,46001,Diesel,Automatic,First,20.58,1995,143.0,5.0,16.0,BMW,1
4505,Hyderabad,2014,46559,Petrol,Automatic,First,23.1,998,67.04,5.0,3.75,Maruti,Celerio
4506,Mumbai,2015,48000,Diesel,Manual,First,12.99,2494,100.6,8.0,11.75,Toyota,Innova
4507,Pune,2013,46000,Diesel,Automatic,Second,16.36,2179,187.7,5.0,24.0,Jaguar,XF
4508,Hyderabad,2017,15000,Petrol,Manual,First,17.5,1199,88.7,5.0,8.9,Honda,WRV
4509,Chennai,2012,85000,Diesel,Automatic,Third,17.05,1995,184.0,5.0,10.0,BMW,X1
4510,Mumbai,2014,32000,Petrol,Automatic,First,14.3,1598,103.5,5.0,5.55,Skoda,Rapid
4511,Kochi,2012,60818,Petrol,Manual,First,16.09,1598,103.5,5.0,3.59,Volkswagen,Vento
4512,Coimbatore,2019,35188,Diesel,Manual,First,22.77,1498,98.59,5.0,11.13,Ford,EcoSport
4513,Jaipur,2012,110000,Diesel,Manual,First,15.1,2179,140.0,7.0,7.2,Mahindra,XUV500
4514,Mumbai,2014,61000,Diesel,Manual,First,18.6,1388,67.0,5.0,2.98,Ford,Fiesta
4515,Pune,2010,75000,Petrol,Manual,Second,17.92,1086,62.1,5.0,1.7,Hyundai,Santro
4516,Delhi,2015,55000,Diesel,Automatic,First,12.0,2987,224.0,7.0,52.0,Mercedes-Benz,GL-Class
4517,Pune,2003,69966,Petrol,Manual,First,19.7,796,46.3,5.0,0.95,Maruti,Alto
4518,Mumbai,2016,42000,Petrol,Manual,First,17.8,1497,117.3,5.0,9.25,Honda,City
4519,Bangalore,2014,48000,Diesel,Automatic,First,13.01,2199,194.3,7.0,16.25,Hyundai,Santa
4520,Kolkata,2015,35000,Diesel,Automatic,First,17.9,2143,136.0,5.0,20.99,Mercedes-Benz,GLA
4521,Chennai,2005,128000,Diesel,Manual,Second,12.8,2494,102.0,8.0,4.25,Toyota,Innova
4522,Bangalore,2008,78000,Diesel,Automatic,Second,16.07,1995,181.0,5.0,7.2,BMW,3
4523,Hyderabad,2011,53080,Petrol,Manual,First,18.6,1197,85.8,5.0,4.4,Maruti,Swift
4524,Pune,2011,66000,Petrol,Manual,Second,15.04,1598,103.6,5.0,4.25,Volkswagen,Vento
4525,Ahmedabad,2012,25000,Petrol,Manual,First,16.02,1373,93.7,7.0,5.35,Maruti,Ertiga
4526,Coimbatore,2016,36139,Petrol,Automatic,Second,18.9,1197,82.0,5.0,6.3,Hyundai,Grand
4527,Delhi,2017,44000,Diesel,Manual,First,19.67,1582,126.2,5.0,12.5,Hyundai,Creta
4528,Ahmedabad,2008,50000,Diesel,Automatic,Second,16.77,2967,241.38,5.0,7.5,Audi,A6
4529,Delhi,2016,81177,Diesel,Manual,First,16.0,1997,140.0,7.0,11.25,Mahindra,XUV500
4530,Mumbai,2016,26000,Petrol,Automatic,First,16.05,1499,110.4,5.0,7.65,Ford,EcoSport
4531,Mumbai,2016,100000,Diesel,Manual,First,24.4,1120,71.0,5.0,4.5,Hyundai,Xcent
4532,Hyderabad,2014,75000,Diesel,Automatic,First,21.21,1498,103.2,5.0,7.5,Volkswagen,Vento
4533,Kochi,2004,119859,Petrol,Automatic,First,13.0,2987,210.0,5.0,7.1,Mercedes-Benz,S-Class
4534,Mumbai,2010,55980,Petrol,Manual,First,20.36,1197,78.9,5.0,2.25,Hyundai,i10
4535,Hyderabad,2015,30000,Diesel,Automatic,First,17.11,1968,174.33,5.0,27.0,Audi,A4
4536,Pune,2012,49700,Diesel,Manual,Second,21.9,1396,88.76,5.0,4.18,Hyundai,i20
4537,Chennai,2013,79000,Diesel,Manual,First,23.5,1396,88.7,5.0,6.5,Hyundai,Verna
4538,Delhi,2010,65100,Petrol,Manual,First,17.0,1497,118.0,5.0,3.15,Honda,City
4539,Pune,2016,54161,Diesel,Manual,First,25.47,1248,88.5,7.0,7.64,Maruti,Ertiga
4540,Hyderabad,2011,28619,Petrol,Manual,First,19.7,796,46.3,5.0,2.4,Maruti,Alto
4541,Mumbai,2016,9000,Petrol,Automatic,First,20.51,998,67.0,5.0,4.25,Maruti,Wagon
4542,Kochi,2016,42876,Diesel,Automatic,First,19.08,1582,126.2,5.0,9.31,Hyundai,Verna
4543,Bangalore,2011,64000,Petrol,Manual,First,19.7,796,46.3,5.0,2.39,Maruti,Alto
4544,Kochi,2018,20488,Petrol,Manual,Second,16.09,1598,103.5,5.0,7.64,Volkswagen,Vento
4545,Delhi,2016,21000,Petrol,Manual,First,21.4,1197,83.1,5.0,6.21,Maruti,Baleno
4546,Kochi,2011,55987,Petrol,Automatic,First,13.7,1997,153.86,5.0,8.22,Honda,CR-V
4547,Coimbatore,2017,72668,Diesel,Manual,First,14.24,2755,174.5,7.0,28.85,Toyota,Fortuner
4548,Mumbai,2015,32000,Petrol,Automatic,First,15.6,1497,116.3,5.0,8.5,Honda,City
4549,Bangalore,2014,3000,Petrol,Automatic,Second,12.0,5461,421.0,2.0,90.0,Mercedes-Benz,SLK-Class
4550,Mumbai,2015,10400,Petrol,Manual,First,17.4,1497,117.3,5.0,6.51,Honda,City
4551,Mumbai,2013,35000,Diesel,Manual,First,22.9,1248,74.0,5.0,4.65,Maruti,Swift
4552,Kochi,2013,55101,Petrol,Automatic,First,14.53,1794,138.1,5.0,8.4,Toyota,Corolla
4553,Bangalore,2014,57464,Diesel,Manual,First,23.59,1364,67.06,5.0,5.75,Toyota,Etios
4554,Jaipur,2006,110000,Petrol,Manual,First,18.9,998,67.1,5.0,1.11,Maruti,Wagon
4555,Mumbai,2014,72000,Petrol,Automatic,First,12.0,1991,184.0,5.0,17.25,Mercedes-Benz,E-Class
4556,Delhi,2012,16000,Diesel,Automatic,First,16.36,2179,187.7,5.0,32.0,Jaguar,XF
4557,Kochi,2011,62020,Petrol,Manual,First,17.0,1197,80.0,5.0,3.45,Hyundai,i20
4558,Pune,2014,85000,Diesel,Automatic,Second,12.39,2179,147.51,5.0,23.0,Land,Rover
4559,Kochi,2018,14223,Petrol,Manual,First,18.6,1197,81.86,5.0,7.32,Hyundai,Elite
4560,Jaipur,2014,41210,Petrol,Manual,First,18.0,1198,86.7,5.0,4.4,Honda,Amaze
4561,Coimbatore,2016,18043,Petrol,Manual,First,22.74,796,47.3,5.0,4.12,Maruti,Alto
4562,Chennai,2016,80000,Diesel,Automatic,First,11.36,2755,171.5,7.0,19.5,Toyota,Innova
4563,Hyderabad,2016,21000,Petrol,Automatic,First,18.9,1197,82.0,5.0,6.2,Hyundai,Grand
4564,Bangalore,2016,49000,Diesel,Automatic,First,16.55,2993,258.0,5.0,45.0,BMW,X3
4565,Chennai,2010,95000,Petrol,Manual,Second,18.5,1197,80.0,5.0,2.8,Hyundai,i20
4566,Pune,2015,32000,Petrol,Automatic,First,18.9,1197,82.0,5.0,4.8,Hyundai,Grand
4567,Hyderabad,2014,122800,Diesel,Manual,First,25.01,1498,89.75,5.0,5.65,Ford,Fiesta
4568,Ahmedabad,2015,69000,Diesel,Manual,First,26.59,1248,74.0,5.0,5.9,Maruti,Swift
4569,Pune,2015,65000,Diesel,Manual,Second,23.59,1364,67.04,5.0,5.0,Toyota,Etios
4570,Ahmedabad,2015,23000,Petrol,Manual,First,19.1,1197,82.0,5.0,4.9,Hyundai,Xcent
4571,Ahmedabad,2009,70000,Petrol,Manual,First,13.5,1799,130.0,5.0,4.25,Honda,Civic
4572,Chennai,2014,250000,Diesel,Manual,First,12.99,2494,100.6,8.0,10.9,Toyota,Innova
4573,Delhi,2012,56000,Petrol,Manual,First,13.2,1495,94.0,5.0,2.45,Hyundai,Accent
4574,Pune,2013,30000,Petrol,Manual,First,22.74,796,47.3,5.0,2.5,Maruti,Alto
4575,Kolkata,2010,35000,Petrol,Automatic,First,8.1,5461,387.3,2.0,29.5,Mercedes-Benz,SL-Class
4576,Jaipur,2013,92250,Diesel,Manual,Second,22.7,1498,89.84,5.0,5.75,Ford,Ecosport
4577,Pune,2018,40000,Petrol,Manual,First,20.14,1197,81.86,5.0,5.0,Hyundai,Xcent
4578,Kochi,2014,96848,Petrol,Automatic,First,14.3,1598,103.6,5.0,4.62,Skoda,Rapid
4579,Delhi,2016,42000,Diesel,Automatic,First,15.73,1968,174.33,5.0,23.5,Audi,Q3
4580,Kolkata,2013,55886,Diesel,Manual,First,16.0,2179,140.0,7.0,7.25,Mahindra,XUV500
4581,Kochi,2019,12336,Petrol,Manual,First,17.0,1591,121.3,5.0,11.88,Hyundai,Verna
4582,Chennai,2009,60000,Petrol,Manual,Third,13.9,1599,103.2,5.0,2.25,Hyundai,Verna
4583,Pune,2003,83000,Petrol,Manual,Second,14.2,1597,92.0,5.0,0.85,Ford,Ikon
4584,Pune,2018,24000,Petrol,Manual,First,19.69,1198,67.04,5.0,4.0,Nissan,Micra
4585,Pune,2016,32198,Petrol,Automatic,First,16.5,1198,86.8,5.0,5.1,Honda,Brio
4586,Hyderabad,2014,92247,Diesel,Manual,First,12.99,2494,100.6,7.0,12.5,Toyota,Innova
4587,Chennai,2011,121311,Diesel,Manual,First,20.64,1498,108.5,5.0,2.9,Volkswagen,Vento
4588,Coimbatore,2016,66296,Diesel,Manual,First,16.0,2179,140.0,7.0,15.96,Mahindra,XUV500
4589,Mumbai,2015,41000,Petrol,Automatic,First,16.9,1197,82.0,5.0,5.45,Hyundai,Xcent
4590,Kochi,2017,38681,Diesel,Manual,First,13.5,2198,157.7,7.0,23.86,Ford,Endeavour
4591,Kochi,2008,43761,Petrol,Manual,First,18.0,995,62.0,5.0,1.75,Chevrolet,Spark
4592,Hyderabad,2017,17400,Diesel,Manual,First,24.52,1248,88.5,7.0,9.75,Maruti,Ertiga
4593,Bangalore,2013,61510,Diesel,Manual,First,25.8,1498,98.6,5.0,4.75,Honda,Amaze
4594,Delhi,2014,60000,Petrol,Manual,First,17.4,1497,117.3,5.0,6.25,Honda,City
4595,Bangalore,2014,35165,Diesel,Automatic,Second,23.8,1998,112.0,5.0,22.0,Mini,Cooper
4596,Kochi,2016,41617,Petrol,Automatic,First,14.53,1794,138.1,5.0,14.14,Toyota,Corolla
4597,Delhi,2014,65000,Petrol,Automatic,First,13.7,1798,157.75,5.0,11.95,Skoda,Superb
4598,Delhi,2011,68000,Petrol,Manual,First,18.9,998,67.1,5.0,2.5,Maruti,Wagon
4599,Mumbai,2013,49000,Petrol,Manual,First,19.81,1086,68.05,5.0,2.75,Hyundai,i10
4600,Coimbatore,2019,16698,Petrol,Manual,First,23.84,1199,84.0,5.0,5.85,Tata,Tiago
4601,Ahmedabad,2016,30965,Petrol,Manual,First,21.4,1197,83.1,5.0,6.25,Maruti,Baleno
4602,Mumbai,2014,56058,Petrol,Manual,First,15.04,1598,103.2,5.0,4.95,Volkswagen,Vento
4603,Pune,2017,15356,Petrol,Manual,First,18.9,1197,81.86,5.0,4.75,Hyundai,Grand
4604,Delhi,2013,54000,Diesel,Manual,First,20.0,1399,68.05,5.0,2.55,Ford,Figo
4605,Pune,2011,47000,Petrol,Automatic,Second,13.9,1799,130.3,5.0,4.5,Honda,Civic
4606,Kochi,2015,21652,Petrol,Manual,First,22.74,796,47.3,5.0,3.01,Maruti,Alto
4607,Hyderabad,2016,52000,Diesel,Automatic,First,15.68,1999,177.0,5.0,42.0,Land,Rover
4608,Kolkata,2010,35010,Diesel,Automatic,First,12.4,2698,179.5,5.0,11.5,Audi,A6
4609,Hyderabad,2006,76662,Diesel,Automatic,First,11.0,2987,198.5,5.0,10.99,Mercedes-Benz,E-Class
4610,Jaipur,2009,89000,Petrol,Automatic,First,17.0,1497,118.0,5.0,3.71,Honda,City
4611,Jaipur,2006,80000,Petrol,Automatic,Third,10.1,2354,152.0,5.0,2.0,Honda,CR-V
4612,Kochi,2018,39023,Diesel,Manual,First,28.09,1248,88.5,5.0,9.48,Maruti,Ciaz
4613,Jaipur,2004,62000,Petrol,Manual,Second,18.9,998,67.1,5.0,1.25,Maruti,Wagon
4614,Jaipur,2015,78046,Diesel,Manual,First,19.67,1582,126.2,5.0,10.9,Hyundai,Creta
4615,Kolkata,2015,34400,Diesel,Manual,First,28.09,1248,88.5,5.0,5.5,Maruti,Ciaz
4616,Coimbatore,2016,64624,Petrol,Manual,First,21.1,814,55.2,5.0,3.71,Hyundai,EON
4617,Mumbai,2014,69192,Petrol,Manual,First,16.02,1373,93.7,7.0,6.25,Maruti,Ertiga
4618,Chennai,2012,55000,Diesel,Manual,First,20.54,1598,103.6,5.0,4.9,Volkswagen,Vento
4619,Mumbai,2005,81000,Petrol,Manual,Second,12.8,1493,100.0,5.0,1.1,Honda,City
4620,Kochi,2016,36733,Petrol,Manual,First,16.47,1198,73.9,5.0,4.72,Volkswagen,Polo
4621,Kochi,2017,24310,CNG,Manual,First,45.144,796,40.3,4.0,3.7,Maruti,Alto
4622,Mumbai,2016,43022,Diesel,Automatic,First,17.9,2143,136.0,5.0,24.85,Mercedes-Benz,GLA
4623,Jaipur,2013,74000,Diesel,Manual,First,14.66,2199,194.3,7.0,12.25,Hyundai,Santa
4624,Kolkata,2014,47000,Diesel,Manual,First,22.9,1248,74.0,5.0,3.9,Maruti,Swift
4625,Kochi,2017,37460,Petrol,Manual,First,18.6,1197,81.86,5.0,6.28,Hyundai,Elite
4626,Mumbai,2011,130000,Diesel,Manual,First,14.0,2498,112.0,8.0,2.75,Mahindra,Xylo
4627,Coimbatore,2017,31576,Petrol,Manual,First,18.9,1197,82.0,5.0,7.85,Hyundai,Grand
4628,Mumbai,2011,66000,Petrol,Manual,First,15.04,1598,103.6,5.0,2.95,Volkswagen,Vento
4629,Mumbai,2008,79000,Petrol,Automatic,Second,11.7,2354,177.6,5.0,4.85,Honda,Accord
4630,Bangalore,2011,47140,Diesel,Automatic,Second,13.5,2925,281.61,5.0,30.0,Mercedes-Benz,S-Class
4631,Bangalore,2016,36610,Diesel,Automatic,First,15.0,2143,107.3,5.0,19.9,Mercedes-Benz,B
4632,Bangalore,2016,93000,Diesel,Manual,First,20.5,1582,126.2,5.0,10.8,Hyundai,Creta
4633,Mumbai,2016,20003,Diesel,Automatic,First,20.38,1968,143.0,5.0,19.25,Audi,A3
4634,Delhi,2013,66314,Diesel,Manual,First,19.87,1461,83.8,5.0,5.5,Renault,Duster
4635,Chennai,2009,76000,Diesel,Manual,First,17.8,1399,68.0,5.0,2.75,Ford,Fiesta
4636,Bangalore,2015,29000,Diesel,Manual,First,19.67,1582,126.2,5.0,13.0,Hyundai,Creta
4637,Mumbai,2011,30000,Diesel,Manual,First,20.0,1399,68.0,5.0,3.2,Ford,Figo
4638,Coimbatore,2013,56526,Petrol,Manual,First,15.26,1598,103.5,5.0,5.84,Volkswagen,Polo
4639,Hyderabad,2015,38000,Diesel,Automatic,Second,16.8,1969,150.0,5.0,24.0,Volvo,V40
4640,Chennai,2012,41000,Diesel,Automatic,First,19.08,1582,126.32,5.0,6.25,Hyundai,Verna
4641,Hyderabad,2009,53000,Diesel,Automatic,First,14.49,2993,258.0,5.0,36.0,BMW,7
4642,Chennai,2003,125000,Diesel,Manual,Third,14.8,1998,68.0,5.0,3.0,Mitsubishi,Lancer
4643,Chennai,2010,242000,Diesel,Manual,First,11.5,2982,171.0,7.0,11.0,Toyota,Fortuner
4644,Chennai,2015,90000,Diesel,Manual,First,26.21,1248,88.5,5.0,6.5,Maruti,Ciaz
4645,Hyderabad,2018,11000,Diesel,Manual,First,24.3,1248,88.5,5.0,9.4,Maruti,Vitara
4646,Kochi,2018,21936,Diesel,Automatic,First,21.76,1995,190.0,5.0,37.92,BMW,3
4647,Pune,2013,41000,Petrol,Automatic,First,14.4,1598,103.6,5.0,5.25,Volkswagen,Vento
4648,Chennai,2011,47000,Petrol,Manual,First,17.0,1197,80.0,5.0,4.5,Hyundai,i20
4649,Chennai,2009,110000,Diesel,Automatic,First,11.0,2993,235.0,5.0,18.0,BMW,X5
4650,Coimbatore,2015,45960,Petrol,Manual,First,19.1,1197,82.0,5.0,5.56,Hyundai,Xcent
4651,Bangalore,2013,48000,Diesel,Automatic,First,14.21,2143,203.0,5.0,22.0,Mercedes-Benz,E-Class
4652,Hyderabad,2011,68000,Diesel,Automatic,First,12.39,2179,147.51,5.0,22.0,Land,Rover
4653,Mumbai,2011,41000,Petrol,Manual,First,20.36,1197,78.9,5.0,2.65,Hyundai,i10
4654,Jaipur,2013,69573,Diesel,Manual,Second,22.32,1582,126.32,5.0,5.85,Hyundai,Verna
4655,Chennai,2012,115000,Diesel,Manual,First,19.33,1968,138.1,5.0,6.95,Volkswagen,Jetta
4656,Kolkata,2012,47629,Diesel,Manual,First,15.1,2179,140.0,7.0,6.5,Mahindra,XUV500
4657,Jaipur,2004,66624,Petrol,Manual,Third,19.7,796,35.0,8.0,0.85,Maruti,Omni
4658,Delhi,2013,80000,Petrol,Automatic,Second,14.67,1798,177.46,5.0,7.25,Skoda,Superb
4659,Pune,2012,94868,Diesel,Manual,First,22.9,1248,74.0,5.0,4.5,Maruti,Swift
4660,Mumbai,2010,76477,Diesel,Manual,First,10.5,2179,120.0,8.0,4.25,Mahindra,Scorpio
4661,Chennai,2016,28000,Petrol,Automatic,First,13.7,1991,183.0,5.0,26.0,Mercedes-Benz,GLA
4662,Coimbatore,2017,28599,Diesel,Manual,First,16.55,2498,105.0,6.0,9.66,Mahindra,Thar
4663,Bangalore,2013,45348,Diesel,Manual,Second,19.01,1461,108.45,5.0,6.85,Renault,Duster
4664,Coimbatore,2013,80127,Diesel,Automatic,First,12.8,1968,167.6,5.0,23.68,Audi,Q5
4665,Delhi,2013,68000,Diesel,Automatic,Second,12.39,2179,147.51,5.0,15.75,Land,Rover
4666,Pune,2012,75000,Diesel,Manual,Third,20.54,1598,103.6,5.0,3.5,Volkswagen,Vento
4667,Delhi,2006,48000,Petrol,Automatic,Second,11.62,2979,306.0,5.0,6.99,BMW,5
4668,Coimbatore,2019,41871,Diesel,Manual,First,22.7,1582,126.2,5.0,15.57,Hyundai,Elantra
4669,Coimbatore,2015,84931,Diesel,Manual,First,15.3,2956,83.8,7.0,5.29,Tata,Sumo
4670,Kolkata,2016,15000,Petrol,Manual,First,22.7,799,53.64,5.0,2.25,Datsun,redi-GO
4671,Chennai,2009,110000,Diesel,Automatic,First,11.7,2993,245.0,5.0,20.0,BMW,X5
4672,Mumbai,2011,5900,Petrol,Automatic,First,7.94,4395,450.0,4.0,47.5,BMW,6
4673,Chennai,2002,103653,Petrol,Manual,Second,18.9,1061,47.0,5.0,1.22,Maruti,Alto
4674,Chennai,2012,64806,Petrol,Manual,First,16.47,1198,73.9,5.0,3.65,Volkswagen,Polo
4675,Pune,2016,35000,Petrol,Manual,First,20.62,1198,67.0,7.0,3.1,Datsun,GO
4676,Bangalore,2016,40000,Petrol,Manual,First,15.29,1591,121.3,5.0,11.5,Hyundai,Creta
4677,Kochi,2015,23876,Petrol,Manual,First,24.07,998,67.1,5.0,3.46,Maruti,Alto
4678,Coimbatore,2013,67901,Diesel,Manual,First,14.66,2199,194.3,7.0,8.38,Hyundai,Santa
4679,Pune,2014,68865,Diesel,Manual,First,15.11,1598,103.6,5.0,4.8,Volkswagen,Polo
4680,Pune,2014,71000,Diesel,Manual,Second,25.8,1498,98.6,5.0,4.5,Honda,Amaze
4681,Kolkata,2014,25000,Diesel,Manual,First,22.9,1248,74.0,5.0,3.95,Maruti,Swift
4682,Hyderabad,2012,180000,Diesel,Manual,First,20.5,1598,103.5,5.0,3.65,Skoda,Rapid
4683,Mumbai,2005,131000,Diesel,Automatic,First,11.0,2987,198.5,5.0,10.0,Mercedes-Benz,E-Class
4684,Delhi,2011,65000,Diesel,Manual,Second,12.05,2179,120.0,8.0,4.0,Mahindra,Scorpio
4685,Hyderabad,2012,117777,Diesel,Manual,First,21.64,1461,84.8,5.0,4.75,Nissan,Sunny
4686,Bangalore,2009,65000,Petrol,Manual,Second,17.5,1298,85.8,5.0,3.1,Maruti,Swift
4687,Kochi,2017,46897,Petrol,Manual,First,21.1,814,55.2,5.0,3.61,Hyundai,EON
4688,Coimbatore,2015,36695,Petrol,Manual,First,19.4,1198,86.8,5.0,4.29,Honda,Brio
4689,Kolkata,2011,43000,Petrol,Manual,First,18.06,1198,75.0,5.0,2.13,Nissan,Micra
4690,Mumbai,2008,54000,Petrol,Manual,First,19.7,796,46.3,5.0,1.1,Maruti,Alto
4691,Hyderabad,2011,89000,Diesel,Automatic,First,22.69,1995,190.0,5.0,13.95,BMW,3
4692,Mumbai,2014,7000,Petrol,Manual,First,16.47,1198,74.0,5.0,5.35,Volkswagen,Polo
4693,Hyderabad,2014,58470,Petrol,Manual,First,23.1,998,67.04,5.0,3.9,Maruti,Celerio
4694,Kolkata,2014,37000,Petrol,Manual,First,21.5,1197,81.8,5.0,2.8,Maruti,Wagon
4695,Mumbai,2016,29000,Diesel,Manual,First,26.21,1248,88.5,5.0,8.75,Maruti,Ciaz
4696,Hyderabad,2013,52000,Diesel,Automatic,First,16.55,1968,147.51,5.0,19.5,Audi,A4
4697,Kolkata,2013,32807,Petrol,Manual,First,19.4,1198,86.8,5.0,2.75,Honda,Brio
4698,Hyderabad,2013,86000,Diesel,Automatic,First,11.79,2179,120.0,8.0,8.0,Mahindra,Scorpio
4699,Delhi,2014,66500,Diesel,Manual,First,26.0,1498,98.6,5.0,5.7,Honda,City
4700,Ahmedabad,2012,94000,Diesel,Automatic,First,17.05,1995,184.0,5.0,12.5,BMW,X1
4701,Chennai,2011,29000,Petrol,Manual,Second,18.0,995,62.0,5.0,1.75,Chevrolet,Spark
4702,Chennai,2010,107389,Diesel,Manual,Second,20.0,1399,68.0,5.0,1.9,Ford,Figo
4703,Ahmedabad,2015,36100,Petrol,Manual,First,20.4,1197,81.8,5.0,4.5,Maruti,Swift
4704,Mumbai,2015,16329,Diesel,Automatic,First,19.27,2143,170.0,5.0,30.3,Mercedes-Benz,New
4705,Hyderabad,2014,36000,Diesel,Automatic,First,19.3,1968,141.0,5.0,16.0,Skoda,Octavia
4706,Kochi,2017,41816,Diesel,Automatic,First,18.56,1995,190.0,5.0,32.78,BMW,X3
4707,Jaipur,2015,54680,Petrol,Manual,First,21.1,814,55.2,5.0,2.5,Hyundai,EON
4708,Hyderabad,2017,14000,Diesel,Automatic,First,18.25,1968,187.74,5.0,43.0,Audi,A4
4709,Kochi,2017,23977,Petrol,Manual,First,18.16,1196,86.8,5.0,5.38,Ford,Figo
4710,Hyderabad,2013,30131,Petrol,Manual,First,20.92,998,67.1,5.0,2.65,Maruti,Alto
4711,Hyderabad,2017,2530,Petrol,Manual,First,24.7,796,47.3,5.0,3.3,Maruti,Alto
4712,Hyderabad,2015,39000,Diesel,Automatic,First,19.27,2143,167.62,5.0,34.0,Mercedes-Benz,New
4713,Chennai,2001,140000,Petrol,Manual,Third,20.3,1086,68.0,5.0,0.7,Hyundai,Santro
4714,Kochi,2017,32257,Diesel,Manual,First,24.4,1120,71.0,5.0,6.83,Hyundai,Xcent
4715,Kochi,2016,46983,Diesel,Manual,First,25.8,1498,98.6,5.0,5.77,Honda,Amaze
4716,Chennai,2008,107000,Diesel,Manual,Second,17.8,1248,75.0,5.0,3.1,Maruti,Swift
4717,Mumbai,2017,19000,Petrol,Manual,First,16.2,1199,74.0,5.0,4.95,Volkswagen,Polo
4718,Bangalore,2013,88000,Diesel,Automatic,First,17.11,1968,174.33,5.0,16.25,Audi,A4
4719,Coimbatore,2012,84384,Diesel,Automatic,First,10.2,4367,308.0,7.0,52.54,Land,Rover
4720,Chennai,2011,128000,Diesel,Manual,Third,16.0,2179,140.0,7.0,6.4,Mahindra,XUV500
4721,Bangalore,2011,71000,Diesel,Manual,Third,13.1,2499,141.0,7.0,6.95,Ford,Endeavour
4722,Kolkata,2008,50000,Diesel,Manual,First,17.2,1396,53.5,5.0,0.85,Tata,Indica
4723,Chennai,2016,16000,Petrol,Manual,First,21.4,1197,83.1,5.0,6.95,Maruti,Baleno
4724,Kolkata,2017,82000,Diesel,Manual,First,24.4,1120,71.0,5.0,3.45,Hyundai,Xcent
4725,Delhi,2008,80000,Petrol,Manual,First,13.5,1799,130.0,5.0,2.75,Honda,Civic
4726,Delhi,2015,36000,Petrol,Manual,Second,18.6,1197,81.83,5.0,4.95,Hyundai,i20
4727,Coimbatore,2018,17477,Petrol,Manual,First,17.0,1198,108.5,5.0,9.62,Tata,Nexon
4728,Coimbatore,2016,16725,Petrol,Manual,First,18.6,1197,81.83,5.0,6.79,Hyundai,i20
4729,Mumbai,2014,48241,Petrol,Manual,First,19.1,1197,85.8,5.0,4.5,Maruti,Swift
4730,Kochi,2014,52431,Petrol,Manual,First,22.5,998,67.04,5.0,3.01,Maruti,Wagon
4731,Bangalore,2012,68000,Diesel,Manual,First,21.9,1396,88.76,5.0,4.4,Hyundai,i20
4732,Hyderabad,2012,158000,Diesel,Automatic,First,12.55,2982,168.5,7.0,17.49,Toyota,Fortuner
4733,Coimbatore,2014,31446,Petrol,Manual,First,20.36,1197,78.9,5.0,4.66,Hyundai,i10
4734,Chennai,2015,25000,Petrol,Manual,First,18.9,1197,82.0,5.0,5.5,Hyundai,Grand
4735,Ahmedabad,2016,57000,Petrol,Manual,First,18.6,1197,81.83,5.0,6.0,Hyundai,i20
4736,Kochi,2018,57078,Diesel,Manual,First,24.3,1248,88.5,5.0,10.19,Maruti,Vitara
4737,Kochi,2016,47471,Diesel,Manual,First,25.8,1498,98.6,5.0,5.25,Honda,Amaze
4738,Hyderabad,2014,50000,Diesel,Automatic,First,15.26,2143,203.2,5.0,45.0,Mercedes-Benz,M-Class
4739,Ahmedabad,2010,62000,Diesel,Manual,First,23.0,1396,90.0,5.0,2.7,Hyundai,i20
4740,Coimbatore,2013,65807,Petrol,Manual,First,19.81,1086,68.05,5.0,3.39,Hyundai,i10
4741,Hyderabad,2014,81768,Diesel,Manual,First,26.59,1248,74.0,5.0,5.69,Maruti,Swift
4742,Kochi,2018,9952,Petrol,Automatic,First,10.37,2979,306.0,2.0,58.54,BMW,Z4
4743,Hyderabad,2017,24000,Diesel,Manual,First,27.39,1248,74.0,5.0,8.4,Maruti,Baleno
4744,Hyderabad,2012,72921,Diesel,Manual,First,25.44,936,57.6,5.0,2.5,Chevrolet,Beat
4745,Pune,2012,59000,Petrol,Manual,First,19.4,1198,86.8,5.0,3.25,Honda,Brio
4746,Mumbai,2014,33000,Diesel,Manual,Second,20.0,1399,68.05,5.0,3.25,Ford,Figo
4747,Pune,2016,36789,Petrol,Automatic,First,23.1,998,67.04,5.0,4.25,Maruti,Celerio
4748,Jaipur,2014,41000,Diesel,Automatic,First,14.84,2143,170.0,5.0,18.5,Mercedes-Benz,New
4749,Jaipur,2015,46650,Petrol,Manual,First,19.4,1198,86.8,5.0,4.25,Honda,Brio
4750,Mumbai,2018,3000,Petrol,Automatic,First,21.4,1197,83.1,5.0,8.85,Maruti,Baleno
4751,Coimbatore,2014,14799,Petrol,Manual,First,21.1,814,55.2,5.0,4.14,Hyundai,EON
4752,Hyderabad,2015,68525,Diesel,Manual,First,23.0,1396,90.0,5.0,7.0,Hyundai,i20
4753,Hyderabad,2018,15000,Diesel,Automatic,First,10.91,3198,197.0,7.0,33.0,Ford,Endeavour
4754,Ahmedabad,2017,29000,Petrol,Manual,First,17.4,1497,117.3,5.0,10.0,Honda,City
4755,Kochi,2012,77407,Diesel,Manual,Second,21.5,1248,88.8,5.0,3.53,Maruti,SX4
4756,Jaipur,2007,118000,Petrol,Manual,First,12.9,1598,102.5,5.0,1.35,Chevrolet,Optra
4757,Delhi,2013,75000,Diesel,Manual,First,20.54,1598,103.6,5.0,4.5,Volkswagen,Vento
4758,Pune,2012,69000,Petrol,Manual,First,16.8,1497,116.3,5.0,4.9,Honda,City
4759,Kochi,2016,52553,Diesel,Manual,First,19.67,1582,126.2,5.0,12.26,Hyundai,Creta
4760,Mumbai,2014,58000,Diesel,Manual,Second,24.4,1120,71.0,5.0,3.99,Hyundai,Xcent
4761,Mumbai,2017,24000,Diesel,Automatic,First,17.9,2143,170.0,5.0,46.95,Mercedes-Benz,GLC
4762,Hyderabad,2015,65542,Diesel,Manual,First,20.0,1399,68.0,5.0,3.8,Ford,Figo
4763,Ahmedabad,2013,68008,Diesel,Manual,Second,15.0,1896,105.0,5.0,6.75,Volkswagen,Jetta
4764,Coimbatore,2017,22251,Diesel,Manual,First,18.49,1493,100.0,7.0,8.75,Mahindra,TUV
4765,Chennai,2013,55000,Petrol,Manual,Second,15.8,1499,110.0,5.0,5.2,Ford,Ecosport
4766,Kochi,2017,19387,Petrol,Manual,First,17.1,1591,121.3,5.0,8.42,Hyundai,Verna
4767,Pune,2014,58000,CNG,Manual,First,35.910000000000004,998,58.16,5.0,3.0,Maruti,Wagon
4768,Mumbai,2016,24001,Petrol,Manual,First,18.6,1197,81.83,5.0,5.75,Hyundai,i20
4769,Kolkata,2008,17000,Diesel,Automatic,First,15.2,1968,140.8,5.0,9.75,Audi,A4
4770,Delhi,2015,28500,Petrol,Manual,First,19.49,1198,67.04,5.0,3.5,Nissan,Micra
4771,Jaipur,2014,66000,Diesel,Automatic,First,15.26,2143,203.2,5.0,30.0,Mercedes-Benz,M-Class
4772,Delhi,2017,22000,Diesel,Automatic,First,12.83,2179,147.5,5.0,35.0,Land,Rover
4773,Coimbatore,2018,44383,Petrol,Manual,First,15.8,1591,121.3,5.0,13.25,Hyundai,Creta
4774,Mumbai,2013,45000,Diesel,Manual,First,20.5,1598,103.5,5.0,3.65,Skoda,Rapid
4775,Jaipur,2015,58000,Diesel,Manual,First,23.4,1248,74.0,5.0,5.25,Maruti,Swift
4776,Delhi,2016,69000,Petrol,Manual,First,15.8,1591,121.3,5.0,9.7,Hyundai,Creta
4777,Coimbatore,2017,60993,Diesel,Manual,First,24.0,1120,70.0,5.0,5.21,Hyundai,Grand
4778,Pune,2016,67000,Diesel,Manual,First,18.49,1493,100.0,7.0,6.3,Mahindra,TUV
4779,Kochi,2014,51134,Diesel,Manual,First,24.0,1120,70.0,5.0,4.72,Hyundai,Grand
4780,Chennai,2011,55000,Diesel,Automatic,Second,11.7,2993,245.0,5.0,28.0,BMW,X5
4781,Coimbatore,2018,25082,Diesel,Automatic,First,28.4,1248,73.75,5.0,8.37,Maruti,Dzire
4782,Delhi,2012,68350,Diesel,Manual,First,12.55,2982,168.5,7.0,14.0,Toyota,Fortuner
4783,Hyderabad,2015,50000,Diesel,Automatic,First,17.68,1968,174.33,5.0,36.0,Audi,A6
4784,Pune,2015,97000,Diesel,Manual,First,27.3,1498,98.6,5.0,6.4,Honda,Jazz
4785,Coimbatore,2015,56238,Diesel,Automatic,First,11.33,4134,335.2,7.0,51.69,Audi,Q7
4786,Jaipur,2014,72618,Diesel,Manual,First,12.05,2179,120.0,7.0,8.0,Mahindra,Scorpio
4787,Hyderabad,2012,62005,Diesel,Manual,First,18.3,1991,147.9,5.0,9.8,Chevrolet,Cruze
4788,Hyderabad,2012,61250,Diesel,Manual,First,25.44,936,57.6,5.0,2.7,Chevrolet,Beat
4789,Coimbatore,2014,28469,Diesel,Automatic,First,18.25,1968,187.74,5.0,24.37,Audi,A4
4790,Kochi,2018,21488,Petrol,Automatic,First,14.3,1598,103.52,5.0,9.72,Skoda,Rapid
4791,Pune,2014,197000,Diesel,Manual,First,23.4,1248,74.0,5.0,5.0,Maruti,Swift
4792,Pune,2009,138205,Diesel,Manual,Second,11.5,2982,171.0,7.0,10.5,Toyota,Fortuner
4793,Jaipur,2012,160000,Diesel,Manual,Second,22.9,1248,74.0,5.0,3.9,Maruti,Swift
4794,Coimbatore,2012,67590,Petrol,Manual,First,17.0,1497,118.0,5.0,5.65,Honda,City
4795,Mumbai,2012,52000,Diesel,Automatic,First,15.26,2143,203.2,5.0,29.95,Mercedes-Benz,M-Class
4796,Bangalore,2008,100000,Diesel,Manual,Second,17.8,1248,75.0,5.0,3.0,Maruti,Swift
4797,Kolkata,2017,60048,Diesel,Manual,First,26.1,1498,99.0,5.0,6.0,Ford,Aspire
4798,Mumbai,2009,48000,Petrol,Manual,First,20.36,1197,78.9,5.0,2.11,Hyundai,i10
4799,Jaipur,2011,100000,Petrol,Manual,First,19.7,796,46.3,5.0,1.5,Maruti,Alto
4800,Bangalore,2006,80010,Petrol,Manual,Second,20.4,1197,81.8,5.0,2.85,Maruti,Swift
4801,Coimbatore,2017,26493,Diesel,Automatic,First,19.27,2143,170.0,5.0,33.64,Mercedes-Benz,New
4802,Hyderabad,2011,96000,Diesel,Manual,Second,17.88,1396,52.8,5.0,0.91,Tata,Indica
4803,Jaipur,2014,45700,Petrol,Manual,Second,22.74,796,47.3,5.0,2.42,Maruti,Alto
4804,Kolkata,2005,13000,Petrol,Automatic,First,9.3,2771,193.1,5.0,3.25,Skoda,Superb
4805,Kolkata,2013,38000,Petrol,Manual,First,16.47,1198,73.9,5.0,2.8,Volkswagen,Polo
4806,Coimbatore,2019,8018,Petrol,Automatic,First,22.0,1197,81.8,5.0,8.3,Maruti,Dzire
4807,Bangalore,2010,144400,Diesel,Manual,Third,12.05,2179,120.0,8.0,5.25,Mahindra,Scorpio
4808,Jaipur,2010,152000,Diesel,Manual,First,17.8,1248,75.0,5.0,2.9,Maruti,Swift
4809,Pune,2013,71000,Diesel,Automatic,First,18.88,1995,184.0,5.0,15.0,BMW,3
4810,Jaipur,2012,80000,Petrol,Manual,Second,25.4,624,37.5,4.0,0.53,Tata,Nano
4811,Mumbai,2014,87143,Diesel,Manual,First,12.99,2494,100.0,8.0,12.5,Toyota,Innova
4812,Mumbai,2012,25000,Petrol,Manual,First,18.4,1198,86.8,5.0,2.75,Honda,Brio
4813,Pune,2018,2000,Petrol,Automatic,First,23.84,1199,83.83,5.0,5.0,Tata,Tiago
4814,Kochi,2014,45239,Diesel,Manual,First,12.05,2179,120.0,8.0,7.09,Mahindra,Scorpio
4815,Hyderabad,2011,101999,Diesel,Automatic,First,16.73,1995,218.0,5.0,19.99,BMW,5
4816,Mumbai,2014,74219,Diesel,Manual,First,21.43,1364,87.2,5.0,10.75,Toyota,Corolla
4817,Mumbai,2016,25000,Petrol,Automatic,First,18.0,1497,117.3,5.0,9.45,Honda,City
4818,Hyderabad,2008,109606,Diesel,Manual,First,22.0,1582,126.2,5.0,2.9,Hyundai,Verna
4819,Kolkata,2015,36000,Diesel,Manual,First,26.59,1248,74.0,5.0,4.7,Maruti,Swift
4820,Coimbatore,2016,41810,Petrol,Manual,First,20.73,1373,91.1,5.0,7.11,Maruti,Ciaz
4821,Jaipur,2014,93321,Diesel,Manual,First,22.7,1498,89.84,5.0,6.25,Ford,Ecosport
4822,Hyderabad,2011,81000,Petrol,Manual,First,20.92,998,67.1,5.0,2.2,Maruti,Alto
4823,Kochi,2019,25717,Petrol,Automatic,First,19.0,1199,88.76,5.0,8.86,Honda,Amaze
4824,Delhi,2015,37000,Diesel,Manual,First,15.1,2179,140.0,7.0,9.3,Mahindra,XUV500
4825,Coimbatore,2017,56380,Diesel,Manual,First,18.49,1493,100.0,7.0,7.57,Mahindra,TUV
4826,Chennai,2017,8000,Petrol,Manual,First,18.2,1199,88.7,5.0,7.9,Honda,Jazz
4827,Kochi,2018,14589,Petrol,Manual,First,16.1,1298,88.2,5.0,5.65,Maruti,Swift
4828,Delhi,2013,65088,Petrol,Manual,First,16.47,1198,73.9,5.0,3.25,Volkswagen,Polo
4829,Coimbatore,2019,24864,Diesel,Manual,First,20.5,1582,126.2,5.0,16.27,Hyundai,Creta
4830,Coimbatore,2011,64831,Petrol,Manual,First,18.6,1199,79.4,5.0,3.21,Chevrolet,Beat
4831,Kolkata,2013,38001,Diesel,Manual,First,25.8,1498,98.6,5.0,3.9,Honda,Amaze
4832,Mumbai,2008,77000,Petrol,Automatic,Second,10.0,2496,157.7,5.0,6.5,Mercedes-Benz,E-Class
4833,Hyderabad,2016,27000,Diesel,Automatic,First,18.59,2993,265.0,5.0,48.0,BMW,5
4834,Mumbai,2016,39000,Diesel,Automatic,First,20.38,1968,143.0,5.0,18.9,Audi,A3
4835,Pune,2015,131000,Diesel,Manual,First,26.59,1248,74.0,5.0,3.6,Maruti,Swift
4836,Kolkata,2015,43000,Diesel,Manual,First,26.59,1248,74.0,5.0,5.5,Maruti,Swift
4837,Pune,2011,68000,Diesel,Manual,Second,12.8,2494,102.0,7.0,7.0,Toyota,Innova
4838,Bangalore,2016,45165,Diesel,Automatic,First,16.09,1995,184.0,5.0,41.75,BMW,X3
4839,Hyderabad,2007,120000,Diesel,Automatic,First,16.73,1995,218.0,5.0,10.5,BMW,5
4840,Coimbatore,2014,86091,Diesel,Manual,First,15.1,2179,140.0,7.0,10.09,Mahindra,XUV500
4841,Delhi,2009,71499,Petrol,Manual,First,17.0,1497,118.0,5.0,3.0,Honda,City
4842,Chennai,2014,50000,Diesel,Manual,First,17.0,2200,139.01,7.0,12.0,Force,One
4843,Jaipur,2015,66000,Diesel,Manual,First,20.14,1498,88.0,5.0,4.91,Volkswagen,Polo
4844,Kolkata,2010,45000,Petrol,Manual,First,16.0,1198,90.0,5.0,2.0,Honda,Jazz
4845,Hyderabad,2015,69189,Diesel,Manual,First,23.59,1364,67.06,5.0,5.3,Toyota,Etios
4846,Mumbai,2014,40206,Diesel,Manual,First,19.01,1461,108.5,5.0,7.22,Nissan,Terrano
4847,Kochi,2017,36723,Diesel,Automatic,First,18.56,1995,190.0,5.0,32.57,BMW,X3
4848,Mumbai,2010,57500,Petrol,Manual,First,18.5,1197,80.0,5.0,2.75,Hyundai,i20
4849,Kochi,2018,43912,CNG,Manual,First,20.385,1196,73.0,5.0,4.33,Maruti,Eeco
4850,Hyderabad,2011,52000,Diesel,Manual,First,17.8,1399,68.0,5.0,3.75,Ford,Fiesta
4851,Kochi,2014,60952,Petrol,Automatic,First,16.8,1497,118.0,5.0,5.91,Honda,City
4852,Chennai,2013,87192,Diesel,Manual,First,25.2,1248,74.0,5.0,4.35,Maruti,Swift
4853,Delhi,2014,58000,Diesel,Manual,First,24.0,1120,70.0,5.0,3.25,Hyundai,Grand
4854,Pune,2017,59500,Diesel,Automatic,First,14.75,2967,245.0,7.0,68.0,Audi,Q7
4855,Mumbai,2016,16650,Petrol,Manual,First,17.0,1198,74.0,5.0,5.5,Volkswagen,Ameo
4856,Kochi,2018,34696,Petrol,Automatic,First,18.0,1497,117.3,5.0,12.08,Honda,City
4857,Kochi,2018,42243,Diesel,Manual,First,27.39,1248,74.0,5.0,7.48,Maruti,Baleno
4858,Jaipur,2016,57824,Diesel,Manual,First,24.0,1120,70.0,5.0,5.5,Hyundai,Grand
4859,Jaipur,2011,110000,Diesel,Manual,First,19.3,1248,73.9,5.0,3.5,Maruti,Swift
4860,Hyderabad,2013,63455,Diesel,Manual,First,11.5,2982,171.0,7.0,19.0,Toyota,Fortuner
4861,Hyderabad,2017,17151,Diesel,Manual,First,27.3,1498,98.6,5.0,8.4,Honda,Jazz
4862,Pune,2016,31001,Diesel,Manual,First,24.3,1248,88.5,5.0,7.25,Maruti,Vitara
4863,Kolkata,2014,42109,Diesel,Manual,First,23.4,1248,74.0,5.0,4.25,Maruti,Swift
4864,Delhi,2015,55000,Diesel,Automatic,Second,21.66,1498,103.52,5.0,5.7,Skoda,Rapid
4865,Hyderabad,2013,30852,Petrol,Manual,First,22.74,796,47.3,5.0,2.49,Maruti,Alto
4866,Pune,2011,65000,Petrol,Manual,Second,16.47,1198,73.9,5.0,3.0,Volkswagen,Polo
4867,Delhi,2015,65000,Diesel,Manual,First,26.0,1498,98.6,5.0,5.95,Honda,City
4868,Delhi,2013,72000,Diesel,Manual,First,23.4,1248,74.0,5.0,2.69,Maruti,Swift
4869,Bangalore,2014,29000,Diesel,Automatic,First,17.11,1968,174.33,5.0,26.0,Audi,A4
4870,Kolkata,2015,32000,Petrol,Manual,First,17.8,1497,117.3,5.0,5.5,Honda,City
4871,Chennai,2016,29875,Petrol,Manual,First,18.16,1196,86.8,5.0,4.85,Ford,Figo
4872,Kochi,2018,32539,Diesel,Manual,First,24.3,1248,88.5,5.0,8.39,Maruti,Vitara
4873,Hyderabad,2015,83090,Diesel,Manual,First,19.01,1461,108.45,5.0,7.99,Renault,Duster
4874,Hyderabad,2016,62679,Diesel,Manual,First,21.19,1396,88.73,5.0,6.95,Hyundai,i20
4875,Mumbai,2010,93000,Petrol,Manual,First,15.7,1390,75.0,5.0,1.5,Mahindra,Logan
4876,Mumbai,2006,44000,Petrol,Manual,First,17.7,1497,78.0,5.0,1.55,Honda,City
4877,Bangalore,2010,78400,Petrol,Manual,Second,15.6,1196,70.0,5.0,2.75,Ford,Figo
4878,Mumbai,2014,71300,Petrol,Manual,First,13.06,1598,102.53,5.0,4.25,Renault,Duster
4879,Kolkata,2015,18000,Petrol,Manual,First,20.36,1197,78.9,5.0,2.85,Hyundai,i10
4880,Coimbatore,2019,24013,Diesel,Automatic,First,12.81,1999,148.31,7.0,56.14,Land,Rover
4881,Ahmedabad,2009,99100,Petrol,Automatic,Second,9.74,1984,208.0,5.0,10.0,Audi,Q5
4882,Mumbai,2003,62000,Petrol,Manual,Second,11.3,1298,83.1,8.0,1.25,Maruti,Versa
4883,Kolkata,2017,14000,Diesel,Manual,First,26.59,1248,74.0,5.0,7.5,Maruti,Swift
4884,Coimbatore,2015,44811,Diesel,Automatic,First,17.11,1968,174.33,5.0,25.81,Audi,A4
4885,Ahmedabad,2014,44000,Petrol,Manual,First,16.47,1198,74.0,5.0,4.3,Volkswagen,Polo
4886,Chennai,2010,136000,Diesel,Manual,Second,11.5,2982,171.0,7.0,11.0,Toyota,Fortuner
4887,Jaipur,2010,144113,Diesel,Manual,Second,11.5,2982,171.0,7.0,11.75,Toyota,Fortuner
4888,Coimbatore,2012,94989,Petrol,Manual,First,12.8,2354,177.6,5.0,6.58,Honda,Accord
4889,Chennai,2012,58133,Diesel,Manual,First,22.9,1248,74.0,5.0,4.8,Maruti,Swift
4890,Pune,2008,61000,Petrol,Manual,Second,17.5,1198,70.0,5.0,1.65,Skoda,Fabia
4891,Kolkata,2017,27000,Diesel,Manual,First,17.1,1956,170.0,5.0,15.0,Jeep,Compass
4892,Ahmedabad,2014,18050,Petrol,Manual,Second,25.4,624,37.5,4.0,1.0,Tata,Nano
4893,Hyderabad,2007,145277,Petrol,Manual,First,15.3,1596,101.0,5.0,1.65,Ford,Fiesta
4894,Ahmedabad,2015,42000,Diesel,Manual,First,27.62,793,47.0,5.0,3.6,Maruti,Celerio
4895,Delhi,2011,86000,Diesel,Manual,First,11.5,2982,171.0,7.0,11.5,Toyota,Fortuner
4896,Ahmedabad,2015,42150,Diesel,Manual,First,27.62,793,47.0,5.0,3.6,Maruti,Celerio
4897,Pune,2015,30158,Petrol,Manual,First,21.1,814,55.2,5.0,3.05,Hyundai,EON
4898,Bangalore,2011,47000,Diesel,Manual,Second,23.5,1498,90.0,5.0,6.0,Ford,Fiesta
4899,Ahmedabad,2013,39000,Petrol,Manual,First,16.47,1198,74.0,5.0,3.75,Volkswagen,Polo
4900,Coimbatore,2016,32125,Petrol,Manual,First,16.2,1199,74.0,5.0,6.17,Volkswagen,Polo
4901,Coimbatore,2017,58829,Diesel,Manual,First,24.3,1248,88.5,5.0,9.05,Maruti,Vitara
4902,Coimbatore,2013,67559,Petrol,Manual,First,19.4,1198,86.8,5.0,4.05,Honda,Brio
4903,Pune,2013,55000,Petrol,Manual,First,17.5,1298,85.8,5.0,4.25,Maruti,Swift
4904,Kolkata,2018,30000,Petrol,Manual,First,23.1,998,67.04,5.0,3.75,Maruti,Celerio
4905,Mumbai,2016,28000,Petrol,Automatic,First,13.0,1591,121.3,5.0,11.85,Hyundai,Creta
4906,Kochi,2016,31826,Diesel,Manual,First,22.7,1498,89.84,5.0,8.24,Ford,Ecosport
4907,Jaipur,2008,100009,Petrol,Manual,Second,13.1,1997,141.1,5.0,6.5,Honda,CR-V
4908,Coimbatore,2019,17201,Diesel,Automatic,First,12.51,2179,187.7,7.0,58.91,Land,Rover
4909,Delhi,2014,74345,Diesel,Manual,First,15.1,2179,140.0,7.0,8.0,Mahindra,XUV500
4910,Kochi,2015,58134,Petrol,Manual,First,16.47,1198,74.0,5.0,4.64,Volkswagen,Polo
4911,Kochi,2010,30566,Petrol,Automatic,First,19.2,1197,80.0,5.0,3.32,Hyundai,i10
4912,Chennai,2012,55231,Petrol,Manual,Second,20.36,1197,78.9,5.0,2.78,Hyundai,i10
4913,Kochi,2016,67774,Diesel,Automatic,First,14.81,1998,163.7,5.0,8.95,Chevrolet,Cruze
4914,Mumbai,2013,50319,Petrol,Automatic,First,12.0,1991,181.03,5.0,21.95,Mercedes-Benz,E-Class
4915,Ahmedabad,2013,45000,Petrol,Manual,First,11.7,2359,134.0,5.0,7.9,Hyundai,Sonata
4916,Kolkata,2007,43627,Petrol,Automatic,First,11.74,1796,186.0,5.0,29.0,Mercedes-Benz,New
4917,Kolkata,2013,45000,Diesel,Manual,First,22.07,1199,73.9,5.0,3.25,Volkswagen,Polo
4918,Mumbai,2014,10500,Petrol,Manual,First,17.4,1497,117.3,5.0,5.9,Honda,City
4919,Coimbatore,2017,21789,Diesel,Manual,First,24.3,1248,88.5,5.0,9.88,Maruti,Vitara
4920,Coimbatore,2019,21134,Petrol,Manual,First,18.6,1197,81.86,5.0,8.78,Hyundai,Elite
4921,Kolkata,2011,90000,Diesel,Manual,Second,13.93,2179,138.1,7.0,2.75,Tata,New
4922,Kochi,2014,51553,Diesel,Manual,First,21.64,1461,84.8,5.0,5.98,Nissan,Sunny
4923,Delhi,2011,31000,Petrol,Automatic,First,10.9,2497,215.0,5.0,31.0,BMW,3
4924,Delhi,2011,67422,Petrol,Manual,Second,14.53,1798,138.0,5.0,3.55,Toyota,Corolla
4925,Kochi,2015,60519,Diesel,Manual,First,22.32,1582,126.32,5.0,6.24,Hyundai,Verna
4926,Kolkata,2009,34000,Diesel,Manual,First,19.3,1248,73.9,5.0,2.19,Maruti,Swift
4927,Hyderabad,2013,68434,Diesel,Manual,First,28.4,1248,73.75,5.0,5.5,Maruti,Dzire
4928,Pune,2014,17000,Petrol,Manual,First,24.07,998,67.1,5.0,2.1,Maruti,Alto
4929,Coimbatore,2011,43686,Petrol,Automatic,First,10.5,5000,503.0,4.0,50.66,Jaguar,XJ
4930,Kolkata,2012,22000,Diesel,Automatic,First,14.84,2143,170.0,5.0,14.0,Mercedes-Benz,New
4931,Mumbai,2013,79225,Diesel,Manual,First,22.0,1582,126.2,5.0,5.5,Hyundai,Verna
4932,Pune,2007,63000,Petrol,Manual,Third,14.2,1598,102.0,5.0,1.2,Chevrolet,Aveo
4933,Hyderabad,2014,61922,Petrol,Manual,First,20.4,1197,81.8,5.0,5.3,Maruti,Swift
4934,Chennai,2015,85000,Diesel,Manual,First,23.9,1582,126.2,5.0,6.3,Hyundai,Verna
4935,Kochi,2017,26192,Diesel,Automatic,First,17.9,2143,168.0,5.0,40.47,Mercedes-Benz,GLC
4936,Delhi,2013,65000,Diesel,Manual,First,13.0,2982,168.5,7.0,16.1,Toyota,Fortuner
4937,Delhi,2014,44999,Diesel,Automatic,First,12.8,1968,167.6,5.0,25.0,Audi,Q5
4938,Mumbai,2008,81308,Diesel,Automatic,Second,13.2,1995,170.0,5.0,7.95,BMW,3
4939,Delhi,2016,35000,Petrol,Manual,First,24.7,796,47.3,5.0,2.65,Maruti,Alto
4940,Coimbatore,2012,65349,Petrol,Manual,First,20.92,998,67.1,5.0,2.81,Maruti,Alto
4941,Hyderabad,2012,80000,Petrol,Automatic,First,15.64,1798,167.62,5.0,17.5,Audi,A4
4942,Mumbai,2012,61000,Petrol,Manual,First,16.1,1197,85.0,5.0,3.3,Maruti,Swift
4943,Kochi,2019,31817,Petrol,Manual,First,22.5,998,67.04,5.0,5.34,Maruti,Wagon
4944,Hyderabad,2016,41000,Diesel,Manual,First,21.14,1498,103.52,5.0,8.5,Skoda,Rapid
4945,Kochi,2010,82606,Petrol,Manual,Second,16.0,1198,90.0,5.0,2.69,Honda,Jazz
4946,Ahmedabad,2015,52000,Diesel,Manual,First,16.0,2179,140.0,7.0,11.5,Mahindra,XUV500
4947,Coimbatore,2011,50318,Petrol,Manual,First,18.5,1197,85.8,5.0,4.06,Maruti,Ritz
4948,Hyderabad,2016,50000,Diesel,Automatic,First,17.9,2143,201.15,5.0,49.0,Mercedes-Benz,GLE
4949,Bangalore,2012,72000,Diesel,Manual,First,20.5,1598,103.5,5.0,4.6,Skoda,Rapid
4950,Delhi,2015,63776,Diesel,Manual,First,24.0,1120,70.0,5.0,3.96,Hyundai,Grand
4951,Mumbai,2015,28133,Petrol,Manual,First,18.6,1197,81.86,5.0,5.6,Hyundai,Elite
4952,Kolkata,2017,45000,Diesel,Manual,First,22.95,1248,74.0,5.0,3.75,Tata,Zest
4953,Jaipur,2015,55697,Diesel,Manual,First,22.54,1396,88.73,5.0,5.5,Hyundai,i20
4954,Delhi,2012,62000,Diesel,Manual,Second,20.5,1598,103.5,5.0,3.0,Skoda,Rapid
4955,Mumbai,2011,48000,Petrol,Manual,First,16.0,1368,90.0,5.0,3.0,Fiat,Linea
4956,Pune,2010,90246,Petrol,Manual,First,16.1,1298,88.2,5.0,2.95,Maruti,Swift
4957,Hyderabad,2015,80500,Diesel,Manual,First,25.0,1396,69.0,5.0,2.45,Tata,Indica
4958,Pune,2012,119000,Diesel,Automatic,First,14.84,2143,170.0,5.0,13.99,Mercedes-Benz,New
4959,Bangalore,2016,28541,Diesel,Automatic,First,11.57,2987,254.79,5.0,60.75,Mercedes-Benz,GLE
4960,Chennai,2012,41000,Petrol,Manual,Second,16.8,1497,116.3,5.0,4.5,Honda,City
4961,Mumbai,2010,58000,Petrol,Manual,Second,18.5,1197,80.0,5.0,2.5,Hyundai,i20
4962,Chennai,2015,99000,Diesel,Manual,First,13.0,2982,168.5,7.0,20.5,Toyota,Fortuner
4963,Delhi,2014,31200,Petrol,Manual,First,18.9,1197,82.0,5.0,3.9,Hyundai,Grand
4964,Chennai,2009,85000,Diesel,Manual,Second,15.0,1896,105.0,5.0,3.5,Volkswagen,Jetta
4965,Hyderabad,2016,60924,Petrol,Automatic,First,15.63,1499,110.4,5.0,8.3,Ford,EcoSport
4966,Chennai,2012,45000,Petrol,Manual,First,21.1,814,55.2,5.0,2.5,Hyundai,EON
4967,Kolkata,2011,44000,Petrol,Automatic,First,19.15,1198,75.94,5.0,2.65,Nissan,Micra
4968,Kochi,2016,30534,Petrol,Automatic,First,19.0,1199,88.7,5.0,7.42,Honda,Jazz
4969,Kochi,2016,46399,Petrol,Manual,First,16.47,1198,74.0,5.0,4.63,Volkswagen,Polo
4970,Kolkata,2008,42000,Petrol,Manual,First,19.7,796,46.3,5.0,1.09,Maruti,Alto
4971,Delhi,2011,67000,Diesel,Manual,First,22.32,1582,126.32,5.0,3.8,Hyundai,Verna
4972,Mumbai,2013,58000,Diesel,Automatic,First,10.0,2148,170.0,5.0,15.75,Mercedes-Benz,E-Class
4973,Coimbatore,2015,27000,Petrol,Manual,First,17.57,1193,88.7,5.0,5.27,Tata,Zest
4974,Mumbai,2012,39566,Petrol,Manual,Second,18.4,1198,86.8,5.0,2.75,Honda,Brio
4975,Chennai,2016,14980,Diesel,Manual,First,27.3,1498,98.6,5.0,7.4,Honda,Jazz
4976,Jaipur,2017,18491,Petrol,Automatic,First,24.07,998,67.1,5.0,3.9,Maruti,Alto
4977,Jaipur,2000,90000,Petrol,Manual,Second,17.3,993,60.0,5.0,0.7,Maruti,Zen
4978,Pune,2015,118211,Diesel,Manual,First,22.54,1396,88.73,5.0,5.9,Hyundai,i20
4979,Coimbatore,2016,63316,Diesel,Manual,First,22.7,1598,118.0,5.0,9.58,Maruti,SX4
4980,Delhi,2014,42000,Diesel,Automatic,First,14.21,2143,203.0,5.0,24.95,Mercedes-Benz,E-Class
4981,Kochi,2015,25648,Petrol,Manual,First,13.7,1399,98.82,7.0,4.29,Chevrolet,Enjoy
4982,Delhi,2011,67612,Diesel,Automatic,Second,14.21,2143,203.0,5.0,11.5,Mercedes-Benz,E-Class
4983,Mumbai,2016,33000,Diesel,Manual,First,16.0,2179,140.0,7.0,9.65,Mahindra,XUV500
4984,Mumbai,2015,20000,Petrol,Manual,First,20.36,1197,78.9,5.0,3.75,Hyundai,i10
4985,Pune,2007,143000,Petrol,Manual,Second,14.2,1341,82.9,5.0,1.1,Hyundai,Getz
4986,Coimbatore,2014,118218,Diesel,Automatic,First,12.07,2967,241.4,7.0,31.41,Audi,Q7
4987,Pune,2012,99000,Diesel,Manual,Third,12.05,2179,120.0,8.0,6.0,Mahindra,Scorpio
4988,Pune,2016,22700,Petrol,Manual,First,18.7,1199,88.7,5.0,5.55,Honda,Jazz
4989,Jaipur,2017,28000,Diesel,Manual,First,14.0,2179,138.1,7.0,10.91,Tata,Safari
4990,Kolkata,2014,62000,Diesel,Manual,First,15.1,2179,140.0,7.0,7.25,Mahindra,XUV500
4991,Hyderabad,2012,107023,Diesel,Manual,First,22.07,1199,73.9,5.0,3.9,Volkswagen,Polo
4992,Delhi,2012,71082,Diesel,Manual,First,19.3,1248,73.9,5.0,3.95,Maruti,Swift
4993,Mumbai,2013,60000,Diesel,Automatic,First,15.73,1968,174.33,5.0,22.0,Audi,Q3
4994,Delhi,2014,21701,Petrol,Manual,First,23.1,998,67.04,5.0,3.38,Maruti,Celerio
4995,Mumbai,2011,56000,Petrol,Manual,First,16.8,1497,116.3,5.0,3.45,Honda,City
4996,Delhi,2016,32450,Petrol,Manual,First,18.6,1197,81.83,5.0,5.75,Hyundai,i20
4997,Jaipur,2016,12500,Petrol,Manual,First,25.17,799,53.3,5.0,2.75,Renault,KWID
4998,Kochi,2019,20483,Diesel,Automatic,First,17.9,2143,136.0,5.0,30.3,Mercedes-Benz,CLA
4999,Hyderabad,2014,45800,Diesel,Manual,First,22.7,1498,89.84,5.0,7.5,Ford,Ecosport
5000,Coimbatore,2015,35441,Petrol,Manual,First,18.6,1197,81.83,5.0,6.87,Hyundai,i20
5001,Bangalore,2015,86398,Diesel,Manual,First,12.99,2494,100.6,7.0,15.2,Toyota,Innova
5002,Chennai,2012,150000,Diesel,Manual,First,21.64,1461,84.8,5.0,3.5,Nissan,Sunny
5003,Hyderabad,2014,89000,Diesel,Manual,First,25.2,1248,74.0,5.0,5.85,Maruti,Swift
5004,Hyderabad,2010,68375,Petrol,Manual,First,19.0,998,66.1,5.0,2.5,Maruti,A-Star
5005,Pune,2013,52000,Petrol,Manual,First,18.6,1197,85.8,5.0,3.95,Maruti,Swift
5006,Jaipur,2017,39000,Diesel,Automatic,First,17.9,2143,136.0,5.0,27.0,Mercedes-Benz,CLA
5007,Bangalore,2014,68000,Petrol,Manual,Second,16.02,1373,93.7,7.0,6.75,Maruti,Ertiga
5008,Jaipur,2007,71000,Petrol,Manual,Second,18.9,998,67.1,5.0,1.5,Maruti,Wagon
5009,Hyderabad,2012,72003,Diesel,Manual,First,22.07,1199,73.9,5.0,3.9,Volkswagen,Polo
5010,Hyderabad,2014,135670,Diesel,Manual,First,22.7,1498,89.84,5.0,6.55,Ford,Ecosport
5011,Kochi,2017,65850,Diesel,Manual,First,25.1,1498,98.6,5.0,9.44,Honda,City
5012,Coimbatore,2015,53920,Petrol,Manual,First,14.28,1798,138.03,5.0,10.77,Toyota,Corolla
5013,Ahmedabad,2014,58000,Diesel,Manual,First,15.1,2179,140.0,7.0,7.5,Mahindra,XUV500
5014,Kolkata,2016,4000,Petrol,Manual,First,24.7,796,47.3,5.0,3.0,Maruti,Alto
5015,Chennai,2010,58000,Diesel,Automatic,First,18.59,2993,265.0,5.0,11.75,BMW,5
5016,Kochi,2016,29832,Petrol,Manual,First,21.1,814,55.2,5.0,3.29,Hyundai,EON
5017,Chennai,2016,71156,Diesel,Manual,First,26.59,1248,74.0,5.0,6.5,Maruti,Swift
5018,Delhi,2015,64687,CNG,Manual,First,42.9165,998,58.33,5.0,3.8,Maruti,Celerio
5019,Hyderabad,2011,54000,Diesel,Automatic,First,16.55,1968,147.51,5.0,18.0,Audi,A4
5020,Bangalore,2009,75000,Petrol,Automatic,Second,13.7,1798,157.75,5.0,4.95,Skoda,Superb
5021,Kochi,2015,39208,Petrol,Manual,First,17.57,1193,88.7,5.0,4.52,Tata,Zest
5022,Kolkata,2014,41000,Diesel,Manual,First,17.0,2149,139.07,7.0,8.0,Force,One
5023,Coimbatore,2013,38622,Petrol,Manual,First,17.4,1497,117.3,5.0,6.26,Honda,City
5024,Chennai,2016,18000,Petrol,Manual,First,16.95,1498,97.7,5.0,7.5,Nissan,Sunny
5025,Mumbai,2011,45000,Petrol,Automatic,First,14.4,1598,103.6,5.0,3.35,Volkswagen,Vento
5026,Mumbai,2014,48656,Petrol,Automatic,First,15.74,1591,121.3,5.0,5.5,Hyundai,Verna
5027,Bangalore,2012,79000,Diesel,Automatic,First,22.0,1582,126.2,5.0,5.25,Hyundai,Verna
5028,Bangalore,2012,88000,Diesel,Automatic,First,16.55,1968,140.0,5.0,16.25,Audi,A4
5029,Delhi,2009,92000,Petrol,Manual,First,15.5,1586,103.3,5.0,2.7,Maruti,SX4
5030,Chennai,2019,9000,Diesel,Automatic,First,12.62,2198,158.0,7.0,32.9,Ford,Endeavour
5031,Coimbatore,2008,50121,Petrol,Manual,First,20.4,1197,83.11,5.0,3.41,Maruti,Swift
5032,Hyderabad,2014,79000,Diesel,Manual,First,24.0,1120,70.0,5.0,4.15,Hyundai,Grand
5033,Hyderabad,2014,46000,Diesel,Manual,Second,20.14,1498,88.8,5.0,5.9,Volkswagen,Polo
5034,Pune,2012,100000,Petrol,Automatic,First,10.0,2496,157.7,5.0,11.5,Mercedes-Benz,E-Class
5035,Kolkata,2015,41000,Petrol,Manual,First,18.6,1197,81.83,5.0,4.75,Hyundai,i20
5036,Chennai,2015,25000,Petrol,Automatic,First,24.07,998,67.1,5.0,3.5,Maruti,Alto
5037,Pune,2014,71899,Diesel,Manual,First,20.77,1248,88.76,7.0,7.25,Maruti,Ertiga
5038,Mumbai,2016,7100,Petrol,Automatic,First,23.1,998,67.04,5.0,4.35,Maruti,Celerio
5039,Coimbatore,2018,38171,Petrol,Automatic,Second,22.5,999,67.0,5.0,4.99,Renault,KWID
5040,Bangalore,2013,70359,Diesel,Manual,First,12.05,2179,120.0,8.0,7.65,Mahindra,Scorpio
5041,Chennai,2011,200000,Diesel,Manual,First,12.8,2494,102.0,7.0,9.0,Toyota,Innova
5042,Chennai,2017,26969,Diesel,Manual,First,22.07,1199,73.9,5.0,6.9,Volkswagen,Polo
5043,Chennai,2011,56500,Diesel,Manual,First,20.0,1399,68.0,5.0,2.9,Ford,Figo
5044,Kolkata,2014,40000,Diesel,Manual,First,20.45,1461,83.8,5.0,5.75,Nissan,Terrano
5045,Kolkata,2014,41000,Diesel,Manual,First,17.0,2200,139.01,7.0,8.0,Force,One
5046,Kochi,2017,53105,Petrol,Automatic,First,22.5,999,67.0,5.0,4.41,Renault,KWID
5047,Mumbai,2013,23000,Diesel,Manual,First,21.14,1498,103.52,5.0,4.95,Skoda,Rapid
5048,Hyderabad,2016,80999,Diesel,Automatic,First,16.0,2179,140.0,7.0,14.4,Mahindra,XUV500
5049,Chennai,2012,82000,Diesel,Manual,First,20.0,1399,68.05,5.0,2.95,Ford,Figo
5050,Coimbatore,2017,68557,Diesel,Manual,First,15.96,2523,62.1,7.0,8.14,Mahindra,Bolero
5051,Hyderabad,2016,34000,Diesel,Manual,First,20.64,1498,108.5,5.0,8.45,Volkswagen,Vento
5052,Pune,2015,77000,Diesel,Manual,First,12.99,2494,100.0,8.0,12.5,Toyota,Innova
5053,Mumbai,2012,48000,Diesel,Manual,First,15.1,2179,140.0,7.0,6.5,Mahindra,XUV500
5054,Coimbatore,2015,28232,Petrol,Manual,Second,15.8,1499,110.0,5.0,7.72,Ford,Ecosport
5055,Chennai,2011,110000,Diesel,Automatic,First,16.96,1968,138.1,5.0,8.0,Volkswagen,Jetta
5056,Chennai,2009,120000,Diesel,Manual,Second,13.93,2179,138.0,7.0,3.0,Tata,New
5057,Mumbai,2013,49000,Diesel,Automatic,First,8.2,2993,245.0,4.0,29.0,BMW,3
5058,Kolkata,2014,22000,Petrol,Manual,First,16.47,1198,74.0,5.0,4.11,Volkswagen,Polo
5059,Coimbatore,2015,14925,Petrol,Manual,First,18.5,1197,82.9,5.0,5.37,Hyundai,i20
5060,Mumbai,2013,75000,Diesel,Manual,First,20.77,1248,88.8,7.0,6.55,Maruti,Ertiga
5061,Chennai,2015,23000,Petrol,Manual,First,17.4,1497,117.3,5.0,7.0,Honda,City
5062,Mumbai,2014,57000,Petrol,Manual,First,17.0,1497,118.0,5.0,5.48,Honda,City
5063,Kochi,2013,76718,Diesel,Automatic,First,16.96,1968,138.03,5.0,6.51,Volkswagen,Jetta
5064,Pune,2016,138000,Diesel,Manual,First,25.8,1498,98.6,5.0,5.15,Honda,Amaze
5065,Hyderabad,2013,140000,Diesel,Manual,Second,15.1,2179,140.0,7.0,9.0,Mahindra,XUV500
5066,Mumbai,2008,110000,Petrol,Automatic,Second,14.53,1798,138.1,5.0,2.75,Toyota,Corolla
5067,Bangalore,2012,73000,Diesel,Automatic,First,22.69,1995,190.0,5.0,12.5,BMW,3
5068,Kochi,2017,63423,Diesel,Manual,First,23.0,1498,98.96,5.0,7.69,Ford,EcoSport
5069,Kochi,2013,62132,Petrol,Manual,First,18.5,1197,82.85,5.0,4.57,Hyundai,i20
5070,Mumbai,2013,51000,Petrol,Automatic,First,16.8,1497,118.0,5.0,4.5,Honda,City
5071,Hyderabad,2015,75000,Diesel,Manual,First,23.2,1248,73.94,5.0,4.9,Maruti,Ritz
5072,Kolkata,2008,55410,Petrol,Manual,First,19.81,1086,68.05,5.0,1.65,Hyundai,i10
5073,Mumbai,2015,41000,Petrol,Manual,First,18.2,1199,82.4,5.0,3.25,Chevrolet,Sail
5074,Chennai,2012,45000,Diesel,Manual,First,22.32,1582,126.32,5.0,6.25,Hyundai,Verna
5075,Kochi,2018,53322,Petrol,Manual,First,15.8,1591,121.3,5.0,12.13,Hyundai,Creta
5076,Jaipur,2013,48000,Petrol,Manual,First,18.2,1199,82.4,5.0,3.25,Chevrolet,Sail
5077,Hyderabad,2013,72000,Diesel,Automatic,First,14.16,1968,174.3,5.0,29.0,Audi,Q5
5078,Kochi,2013,50266,Petrol,Manual,First,17.0,1497,118.0,5.0,5.53,Honda,City
5079,Hyderabad,2017,21800,Petrol,Manual,First,17.0,1497,121.36,5.0,8.75,Ford,EcoSport
5080,Bangalore,2014,45000,Diesel,Automatic,Second,12.07,2967,241.4,7.0,37.9,Audi,Q7
5081,Delhi,2010,62000,Petrol,Manual,First,20.36,1197,78.9,5.0,2.4,Hyundai,i10
5082,Chennai,2014,41681,Petrol,Manual,First,17.0,1197,80.0,5.0,4.55,Hyundai,i20
5083,Delhi,2011,69313,Petrol,Manual,Second,17.5,1197,85.8,5.0,2.65,Maruti,Swift
5084,Pune,2017,49000,Diesel,Manual,Second,25.0,1396,69.0,5.0,1.6,Tata,Indica
5085,Coimbatore,2012,40471,Diesel,Automatic,Second,16.2,2993,235.0,5.0,25.72,BMW,5
5086,Ahmedabad,2013,60000,Diesel,Manual,First,22.9,1248,74.0,5.0,4.15,Maruti,Swift
5087,Jaipur,2018,1001,Petrol,Manual,First,19.0,1194,94.68,5.0,7.23,Ford,Freestyle
5088,Bangalore,2008,38000,Petrol,Manual,Second,13.9,1599,103.2,5.0,2.6,Hyundai,Verna
5089,Mumbai,2008,66000,Diesel,Automatic,Second,16.07,1995,181.0,5.0,7.25,BMW,3
5090,Kochi,2017,33901,Diesel,Manual,First,12.8,2494,102.0,8.0,14.29,Toyota,Innova
5091,Hyderabad,2011,57000,Diesel,Automatic,Second,14.94,2143,204.0,5.0,17.25,Mercedes-Benz,New
5092,Pune,2013,170000,Diesel,Manual,First,22.54,1582,126.2,5.0,7.5,Hyundai,Elantra
5093,Hyderabad,2014,60000,Diesel,Manual,First,23.2,1248,73.94,5.0,4.35,Maruti,Ritz
5094,Pune,2016,85000,Diesel,Manual,First,24.3,1248,88.5,5.0,8.9,Maruti,Vitara
5095,Kolkata,2016,146000,Petrol,Manual,Second,19.1,1197,82.0,5.0,3.5,Hyundai,Xcent
5096,Kolkata,2014,56002,Diesel,Manual,First,26.0,1498,98.6,5.0,6.1,Honda,City
5097,Mumbai,2016,8554,Petrol,Manual,First,25.17,799,53.3,5.0,3.2,Renault,KWID
5098,Jaipur,2014,62322,Diesel,Manual,First,23.59,1364,67.06,5.0,4.9,Toyota,Etios
5099,Kochi,2015,37929,Petrol,Manual,First,24.07,998,67.1,5.0,3.69,Maruti,Alto
5100,Chennai,2016,5400,Petrol,Manual,First,23.84,1199,84.0,5.0,3.98,Tata,Tiago
5101,Kolkata,2013,60000,Diesel,Manual,First,21.9,1396,90.0,5.0,2.95,Hyundai,i20
5102,Kochi,2014,55730,Diesel,Automatic,First,16.55,1968,147.51,5.0,15.21,Audi,A4
5103,Hyderabad,2015,62000,Diesel,Manual,First,28.4,1248,74.0,5.0,6.3,Maruti,Swift
5104,Kochi,2017,14576,Petrol,Manual,First,17.0,1198,73.75,5.0,6.69,Volkswagen,Ameo
5105,Mumbai,2017,17000,Petrol,Automatic,First,16.0,1497,117.3,7.0,9.5,Honda,BRV
5106,Mumbai,2009,28000,Petrol,Manual,First,17.0,1197,80.0,5.0,2.65,Hyundai,i20
5107,Ahmedabad,2012,58200,Diesel,Manual,First,14.66,2199,194.3,7.0,7.5,Hyundai,Santa
5108,Kochi,2018,12278,Petrol,Automatic,First,23.1,998,67.04,5.0,5.63,Maruti,Celerio
5109,Coimbatore,2018,17665,Petrol,Manual,First,15.8,1591,121.3,5.0,11.78,Hyundai,Creta
5110,Hyderabad,2004,200000,Diesel,Manual,Second,17.88,1396,52.8,5.0,0.85,Tata,Indica
5111,Mumbai,2011,55893,Petrol,Manual,First,15.04,1598,103.6,5.0,3.35,Volkswagen,Vento
5112,Kochi,2015,60586,Petrol,Manual,First,23.1,998,67.04,5.0,4.11,Maruti,Celerio
5113,Ahmedabad,2015,13500,Diesel,Automatic,First,17.9,2143,136.0,5.0,25.51,Mercedes-Benz,CLA
5114,Jaipur,2017,30000,Petrol,Manual,First,22.74,796,47.3,5.0,3.1,Maruti,Alto
5115,Delhi,2018,12000,Diesel,Automatic,First,10.91,3198,197.0,7.0,33.5,Ford,Endeavour
5116,Kolkata,2017,65000,Petrol,Manual,First,17.57,1193,88.7,5.0,4.8,Tata,Zest
5117,Kolkata,2014,38000,Petrol,Manual,First,16.09,1598,103.5,5.0,3.49,Volkswagen,Vento
5118,Mumbai,2012,25000,Petrol,Manual,Second,17.5,1373,91.1,7.0,5.15,Maruti,Ertiga
5119,Mumbai,2011,100000,Diesel,Automatic,First,14.0,2987,224.0,5.0,14.41,Mercedes-Benz,M-Class
5120,Mumbai,2014,13710,Petrol,Manual,First,16.2,1199,74.0,5.0,4.75,Volkswagen,Polo
5121,Jaipur,2015,100000,Diesel,Automatic,First,12.55,2982,168.5,7.0,19.0,Toyota,Fortuner
5122,Hyderabad,2017,17000,Petrol,Manual,First,23.1,998,67.04,5.0,4.9,Maruti,Celerio
5123,Chennai,2008,89000,Diesel,Automatic,Second,16.07,1995,181.0,4.0,6.3,BMW,3
5124,Jaipur,2006,100173,Petrol,Manual,Second,16.9,1497,100.0,5.0,2.4,Honda,City
5125,Pune,2009,97000,Petrol,Manual,First,13.17,1999,114.0,5.0,3.0,Mitsubishi,Cedia
5126,Delhi,2016,40190,Petrol,Manual,First,18.06,1198,74.93,5.0,4.25,Renault,Pulse
5127,Hyderabad,2016,29647,Diesel,Manual,First,20.14,1498,88.0,5.0,6.3,Volkswagen,Polo
5128,Kochi,2018,43639,Petrol,Manual,First,21.1,998,100.0,5.0,8.15,Maruti,Baleno
5129,Kochi,2012,37333,Petrol,Manual,First,20.36,1197,78.9,5.0,3.22,Hyundai,i10
5130,Kochi,2018,48407,Petrol,Manual,First,18.6,1197,81.83,5.0,7.65,Hyundai,i20
5131,Delhi,2011,25000,Petrol,Automatic,First,10.37,2979,306.0,2.0,30.0,BMW,Z4
5132,Pune,2010,72400,Petrol,Manual,Second,20.36,1197,78.9,5.0,2.3,Hyundai,i10
5133,Delhi,2012,18000,Petrol,Automatic,First,13.6,1598,181.0,4.0,22.0,Mini,Cooper
5134,Pune,2012,65167,Petrol,Manual,First,19.4,1198,86.8,5.0,3.28,Honda,Brio
5135,Kochi,2016,25418,Petrol,Manual,First,20.73,1373,91.2,5.0,7.09,Maruti,Ciaz
5136,Coimbatore,2013,38995,Diesel,Manual,First,19.3,1248,73.9,5.0,6.46,Maruti,Swift
5137,Chennai,2012,60000,Diesel,Manual,First,22.07,1199,73.9,5.0,4.0,Volkswagen,Polo
5138,Delhi,2011,72000,Diesel,Automatic,First,17.05,1995,184.0,5.0,11.0,BMW,X1
5139,Coimbatore,2016,31075,Diesel,Automatic,Second,12.07,2967,241.4,7.0,49.79,Audi,Q7
5140,Kolkata,2015,4311,Diesel,Manual,First,25.83,1498,99.0,5.0,4.8,Ford,Figo
5141,Bangalore,2017,21000,Diesel,Automatic,First,21.76,1995,190.0,5.0,35.0,BMW,3
5142,Bangalore,2011,54000,Diesel,Automatic,First,14.0,2987,224.0,5.0,21.99,Mercedes-Benz,M-Class
5143,Mumbai,2007,50000,Petrol,Manual,Second,17.3,1061,64.0,5.0,1.1,Maruti,Wagon
5144,Delhi,2018,13000,Petrol,Manual,First,21.4,1197,83.1,5.0,6.6,Maruti,Baleno
5145,Pune,2013,74000,Petrol,Manual,First,22.0,1197,81.8,5.0,4.5,Maruti,Dzire
5146,Pune,2009,75000,Petrol,Manual,Second,14.7,1150,76.0,5.0,1.0,Chevrolet,Aveo
5147,Chennai,2017,25000,Diesel,Manual,First,20.14,1498,88.0,5.0,6.9,Volkswagen,Polo
5148,Mumbai,2015,52000,Diesel,Automatic,First,14.16,1968,174.3,5.0,25.49,Audi,Q5
5149,Chennai,2015,20000,Diesel,Automatic,First,18.53,1968,187.74,5.0,35.5,Audi,A6
5150,Kochi,2018,32663,Diesel,Manual,First,24.0,1186,73.97,5.0,6.28,Hyundai,Grand
5151,Delhi,2012,76777,Diesel,Manual,Second,12.05,2179,120.0,8.0,4.88,Mahindra,Scorpio
5152,Hyderabad,2016,100303,Diesel,Manual,First,22.95,1248,74.0,5.0,3.7,Tata,Bolt
5153,Kochi,2015,43993,Petrol,Manual,First,21.1,814,55.2,5.0,3.45,Hyundai,EON
5154,Kochi,2016,72118,Diesel,Manual,First,15.4,2179,120.0,8.0,10.23,Mahindra,Scorpio
5155,Bangalore,2010,83000,Petrol,Automatic,Second,11.1,2354,142.0,5.0,6.5,Honda,Accord
5156,Mumbai,2016,7523,Petrol,Manual,First,16.2,1199,74.0,5.0,6.15,Volkswagen,Polo
5157,Mumbai,2014,34670,Petrol,Manual,First,15.1,1196,73.0,7.0,2.9,Maruti,Eeco
5158,Ahmedabad,2016,30000,Diesel,Manual,First,24.0,1120,70.0,5.0,5.5,Hyundai,Grand
5159,Chennai,2017,17000,Diesel,Automatic,First,10.91,3198,197.0,7.0,31.0,Ford,Endeavour
5160,Delhi,2015,59261,Diesel,Manual,First,24.0,1186,73.97,5.0,4.25,Hyundai,Grand
5161,Kochi,2016,65210,Diesel,Manual,First,22.9,1248,74.0,5.0,5.48,Maruti,Swift
5162,Bangalore,2016,19000,Petrol,Manual,First,18.6,1197,81.83,5.0,7.25,Hyundai,i20
5163,Hyderabad,2012,50000,Petrol,Manual,First,17.5,1298,85.8,5.0,3.0,Maruti,Swift
5164,Hyderabad,2015,47000,Diesel,Automatic,First,22.69,1995,190.0,5.0,29.5,BMW,3
5165,Mumbai,2007,75000,Petrol,Manual,Second,17.7,1497,78.0,5.0,1.49,Honda,City
5166,Pune,2013,54534,Petrol,Automatic,First,16.95,1197,78.9,5.0,3.65,Hyundai,i10
5167,Ahmedabad,2018,13000,Diesel,Manual,First,23.0,1498,98.96,5.0,10.9,Ford,Ecosport
5168,Bangalore,2015,48808,Petrol,Manual,First,23.1,998,67.04,5.0,4.3,Maruti,Celerio
5169,Pune,2012,63001,Diesel,Manual,Second,20.77,1248,88.76,7.0,6.11,Maruti,Ertiga
5170,Hyderabad,2015,64771,Diesel,Manual,First,12.8,2494,102.0,8.0,15.5,Toyota,Innova
5171,Mumbai,2016,34634,Petrol,Manual,First,17.8,1497,117.3,5.0,6.9,Honda,City
5172,Bangalore,2012,69242,Petrol,Manual,First,19.1,1197,85.8,5.0,4.69,Maruti,Swift
5173,Kochi,2011,33292,Petrol,Manual,First,18.5,1197,85.8,5.0,3.19,Maruti,Ritz
5174,Pune,2012,55000,Petrol,Automatic,Second,15.0,1396,98.6,5.0,3.75,Hyundai,i20
5175,Pune,2019,1000,Petrol,Manual,First,17.19,1197,81.86,5.0,8.6,Hyundai,i20
5176,Chennai,2011,80000,Petrol,Manual,Second,17.0,1497,118.0,5.0,3.85,Honda,City
5177,Coimbatore,2016,65003,Diesel,Automatic,First,13.6,4134,382.0,5.0,67.83,Porsche,Cayenne
5178,Coimbatore,2019,16573,Petrol,Manual,First,17.8,1198,86.7,5.0,9.31,Honda,Amaze
5179,Pune,2008,152633,Petrol,Automatic,First,12.9,1799,130.0,5.0,3.0,Honda,Civic
5180,Bangalore,2015,53000,Petrol,Manual,First,18.6,1197,81.83,5.0,5.5,Hyundai,i20
5181,Hyderabad,2017,50129,Diesel,Manual,First,19.67,1582,126.2,5.0,13.3,Hyundai,Creta
5182,Hyderabad,2013,63716,Diesel,Automatic,First,15.73,1968,174.33,5.0,23.0,Audi,Q3
5183,Mumbai,2018,11000,Petrol,Manual,First,24.7,796,47.3,5.0,3.35,Maruti,Alto
5184,Chennai,2012,115000,Diesel,Automatic,Third,15.06,1995,177.0,5.0,10.0,BMW,X1
5185,Delhi,2013,63265,Petrol,Manual,First,20.36,1197,78.9,5.0,2.95,Hyundai,i10
5186,Pune,2016,20000,Diesel,Manual,First,21.66,1498,108.62,5.0,6.75,Volkswagen,Ameo
5187,Pune,2010,79000,Petrol,Manual,Third,16.47,1198,73.9,5.0,2.44,Volkswagen,Polo
5188,Mumbai,2015,41000,Petrol,Manual,First,20.73,1373,91.1,5.0,5.85,Maruti,Ciaz
5189,Kochi,2015,26323,Petrol,Automatic,First,17.21,1197,103.5,5.0,7.4,Volkswagen,Polo
5190,Pune,2016,76000,Diesel,Manual,First,24.4,1120,71.0,5.0,3.8,Hyundai,Xcent
5191,Hyderabad,2008,69972,Petrol,Manual,First,13.5,1799,130.0,5.0,3.8,Honda,Civic
5192,Kolkata,2008,69000,Petrol,Manual,First,17.7,1497,78.0,5.0,2.7,Honda,City
5193,Jaipur,2016,65000,Diesel,Manual,First,15.96,2523,62.1,7.0,7.21,Mahindra,Bolero
5194,Hyderabad,2016,29512,Petrol,Manual,First,17.4,1497,117.3,5.0,7.9,Honda,City
5195,Kolkata,2017,51000,Diesel,Manual,First,25.4,1186,73.97,5.0,4.2,Hyundai,Xcent
5196,Mumbai,2014,58003,Diesel,Manual,First,19.01,1461,108.45,5.0,5.75,Renault,Duster
5197,Hyderabad,2013,56500,Petrol,Automatic,First,16.98,998,66.1,5.0,3.45,Maruti,A-Star
5198,Bangalore,2014,29063,Diesel,Automatic,First,17.11,1968,174.33,5.0,25.75,Audi,A4
5199,Coimbatore,2018,46811,Diesel,Manual,First,16.0,2179,140.0,7.0,16.59,Mahindra,XUV500
5200,Coimbatore,2014,31897,Petrol,Manual,First,18.06,1198,74.96,5.0,4.69,Renault,Pulse
5201,Mumbai,2009,52100,Diesel,Automatic,Second,13.2,1995,170.0,5.0,7.5,BMW,3
5202,Hyderabad,2016,73000,Diesel,Manual,First,13.68,2393,147.8,7.0,16.5,Toyota,Innova
5203,Kolkata,2009,31423,Petrol,Manual,First,17.0,1497,118.0,5.0,1.99,Honda,City
5204,Chennai,2014,75180,Diesel,Manual,First,22.9,1248,74.0,5.0,5.25,Maruti,Swift
5205,Mumbai,2013,75000,Diesel,Manual,Second,19.64,1461,108.45,5.0,5.4,Renault,Duster
5206,Mumbai,2014,15000,Petrol,Manual,First,16.47,1198,74.0,5.0,3.9,Volkswagen,Polo
5207,Mumbai,2015,12000,Petrol,Manual,First,17.19,1197,81.86,5.0,5.8,Hyundai,i20
5208,Pune,2014,32000,Diesel,Automatic,First,18.12,1995,190.0,5.0,30.5,BMW,5
5209,Hyderabad,2017,44504,Diesel,Manual,First,23.4,1248,74.0,5.0,5.6,Maruti,Swift
5210,Jaipur,2015,39437,Diesel,Manual,First,28.4,1248,74.0,5.0,5.15,Maruti,Swift
5211,Coimbatore,2017,36931,Diesel,Automatic,First,19.08,1582,126.2,5.0,9.48,Hyundai,Verna
5212,Bangalore,2016,17800,Petrol,Automatic,Second,21.9,624,37.48,4.0,2.38,Tata,Nano
5213,Hyderabad,2009,71346,Petrol,Manual,First,17.5,1298,85.8,5.0,3.8,Maruti,Swift
5214,Delhi,2015,45000,Petrol,Manual,Second,18.6,1197,81.83,5.0,5.5,Hyundai,i20
5215,Hyderabad,2010,85155,Petrol,Manual,First,17.0,1197,80.0,5.0,3.55,Hyundai,i20
5216,Mumbai,2015,48823,Petrol,Manual,First,20.73,1373,91.1,5.0,6.35,Maruti,Ciaz
5217,Delhi,2015,37000,Diesel,Automatic,First,12.7,2179,187.7,5.0,36.0,Land,Rover
5218,Hyderabad,2005,92000,Diesel,Manual,Second,16.1,1405,70.0,5.0,1.1,Tata,Indigo
5219,Mumbai,2014,36000,Petrol,Manual,First,17.57,1193,88.7,5.0,3.7,Tata,Zest
5220,Delhi,2016,24569,Diesel,Manual,First,16.0,1997,140.0,7.0,13.5,Mahindra,XUV500
5221,Mumbai,2008,95000,Petrol,Automatic,Third,11.7,2354,177.6,5.0,2.85,Honda,Accord
5222,Coimbatore,2015,25811,Petrol,Manual,Second,25.4,624,37.5,4.0,2.13,Tata,Nano
5223,Ahmedabad,2015,65000,Diesel,Manual,First,22.7,1582,126.2,5.0,7.75,Hyundai,Elantra
5224,Chennai,2017,100400,Diesel,Manual,First,25.0,1396,69.0,5.0,2.85,Tata,Indica
5225,Jaipur,2014,76414,Diesel,Manual,First,25.8,1498,98.6,5.0,4.95,Honda,Amaze
5226,Kochi,2012,82103,Diesel,Manual,First,15.1,2179,140.0,7.0,6.2,Mahindra,XUV500
5227,Pune,2013,98000,Diesel,Automatic,First,18.56,1995,190.0,5.0,17.5,BMW,X3
5228,Pune,2010,45252,Petrol,Manual,First,18.9,1197,81.86,5.0,2.25,Hyundai,Grand
5229,Delhi,2017,10300,Petrol,Manual,First,21.4,1197,83.1,5.0,6.75,Maruti,Baleno
5230,Kochi,2016,42024,Diesel,Automatic,First,19.08,1582,126.2,5.0,9.73,Hyundai,Verna
5231,Kochi,2018,51236,Diesel,Manual,First,25.47,1248,88.5,7.0,8.49,Maruti,Ertiga
5232,Mumbai,2013,52000,Petrol,Automatic,First,13.6,1598,181.0,4.0,25.0,Mini,Cooper
5233,Coimbatore,2015,42894,Diesel,Manual,First,23.2,1248,73.94,5.0,5.59,Maruti,Ritz
5234,Mumbai,2011,68000,Diesel,Automatic,First,15.6,1896,106.0,5.0,4.8,Skoda,Laura
5235,Delhi,2014,69000,Diesel,Manual,First,22.7,1498,89.84,5.0,5.45,Ford,Ecosport
5236,Pune,2017,10000,Petrol,Manual,First,18.6,1197,81.83,5.0,6.5,Hyundai,i20
5237,Chennai,2015,16000,Petrol,Manual,First,19.4,1198,86.8,5.0,4.35,Honda,Brio
5238,Kolkata,2013,46992,Diesel,Manual,First,25.8,1498,98.6,5.0,3.75,Honda,Amaze
5239,Pune,2010,170000,Diesel,Automatic,Third,18.48,1995,177.0,5.0,12.0,BMW,5
5240,Delhi,2014,58000,Diesel,Automatic,First,12.07,2967,241.4,7.0,32.0,Audi,Q7
5241,Jaipur,2015,50000,Diesel,Manual,Second,24.0,1120,70.0,5.0,4.0,Hyundai,Grand
5242,Kolkata,2011,39010,Diesel,Manual,First,23.08,1461,63.1,5.0,2.6,Nissan,Micra
5243,Jaipur,2016,26946,Petrol,Manual,First,18.9,1197,82.0,5.0,4.45,Hyundai,Grand
5244,Pune,2015,28700,Petrol,Manual,First,21.1,814,55.2,5.0,2.6,Hyundai,EON
5245,Chennai,2011,60000,Petrol,Automatic,First,11.74,1796,186.0,5.0,16.0,Mercedes-Benz,New
5246,Delhi,2014,38999,Diesel,Automatic,First,12.7,2179,187.7,5.0,32.5,Land,Rover
5247,Mumbai,2016,39000,Diesel,Automatic,First,11.18,2696,184.0,7.0,13.85,Mahindra,Ssangyong
5248,Coimbatore,2018,7784,Petrol,Manual,First,20.73,1373,91.1,5.0,8.76,Maruti,Ciaz
5249,Kochi,2014,45710,Petrol,Automatic,First,11.8,3498,272.0,7.0,23.68,Mercedes-Benz,R-Class
5250,Chennai,2017,42000,Petrol,Automatic,First,22.0,1197,81.8,5.0,5.5,Maruti,Dzire
5251,Coimbatore,2013,75995,Diesel,Automatic,Second,11.49,4367,335.3,5.0,65.81,Land,Rover
5252,Kolkata,2013,57000,Diesel,Manual,First,19.01,1461,108.45,5.0,4.99,Renault,Duster
5253,Chennai,2013,85350,Diesel,Manual,Second,22.32,1582,126.32,5.0,5.7,Hyundai,Verna
5254,Coimbatore,2016,82725,Petrol,Automatic,First,14.28,1798,138.03,5.0,11.99,Toyota,Corolla
5255,Mumbai,2016,19000,Diesel,Automatic,Second,21.76,1995,190.0,5.0,29.99,BMW,3
5256,Chennai,2018,13900,Petrol,Manual,First,18.88,1499,110.4,5.0,9.5,Ford,EcoSport
5257,Hyderabad,2014,108000,Diesel,Manual,First,25.2,1248,74.0,5.0,5.5,Maruti,Swift
5258,Bangalore,2016,36000,Diesel,Automatic,First,11.72,2199,194.3,7.0,23.0,Hyundai,Santa
5259,Hyderabad,2013,62188,Diesel,Manual,First,17.2,1396,53.5,5.0,2.95,Tata,Indica
5260,Kochi,2015,58397,Diesel,Manual,First,24.0,1120,70.0,5.0,4.9,Hyundai,Grand
5261,Delhi,2016,30000,Petrol,Automatic,First,22.5,998,67.0,5.0,4.25,Maruti,Wagon
5262,Kochi,2018,29907,Diesel,Manual,First,16.0,2179,140.0,7.0,16.36,Mahindra,XUV500
5263,Kolkata,2009,46000,Diesel,Automatic,First,16.55,1968,147.51,5.0,9.95,Audi,A4
5264,Bangalore,2012,65000,Diesel,Manual,First,20.54,1598,103.6,5.0,5.5,Volkswagen,Vento
5265,Delhi,2016,22000,Diesel,Manual,First,24.3,1248,88.5,5.0,8.25,Maruti,Vitara
5266,Chennai,2002,99024,Petrol,Manual,First,17.3,993,60.0,5.0,0.95,Maruti,Zen
5267,Kochi,2016,34952,Petrol,Manual,First,19.81,1086,68.05,5.0,4.01,Hyundai,i10
5268,Kochi,2019,13913,Petrol,Manual,First,17.5,1199,88.7,5.0,8.2,Honda,WR-V
5269,Chennai,2014,71000,Diesel,Manual,Second,25.1,1498,98.6,5.0,6.2,Honda,City
5270,Chennai,2012,97000,Diesel,Automatic,First,11.5,2982,169.0,7.0,16.75,Toyota,Fortuner
5271,Delhi,2017,21000,Diesel,Automatic,First,16.0,2179,140.0,7.0,16.5,Mahindra,XUV500
5272,Kolkata,2012,110438,Diesel,Manual,First,20.0,1399,68.05,5.0,3.5,Ford,Figo
5273,Coimbatore,2017,66507,Petrol,Automatic,Second,19.0,1199,88.7,5.0,5.43,Honda,Jazz
5274,Coimbatore,2017,54650,Diesel,Automatic,First,10.91,3198,197.0,7.0,30.35,Ford,Endeavour
5275,Hyderabad,2014,32000,Petrol,Automatic,First,17.97,1498,99.6,5.0,7.99,Nissan,Sunny
5276,Coimbatore,2011,75378,Diesel,Manual,First,18.7,1896,66.0,5.0,3.59,Skoda,Octavia
5277,Chennai,2012,82697,Diesel,Manual,First,25.44,936,57.6,5.0,1.9,Chevrolet,Beat
5278,Chennai,2009,135000,Petrol,Automatic,First,12.1,2362,164.7,5.0,4.7,Toyota,Camry
5279,Chennai,2012,149000,Diesel,Manual,First,19.01,1461,108.45,5.0,7.25,Renault,Duster
5280,Kochi,2016,26212,Diesel,Automatic,First,17.9,2143,136.0,5.0,24.46,Mercedes-Benz,GLA
5281,Pune,2014,23500,Petrol,Manual,Second,17.57,1193,88.7,5.0,3.9,Tata,Zest
5282,Coimbatore,2013,56127,Petrol,Manual,First,18.5,1197,80.0,5.0,5.15,Hyundai,i20
5283,Mumbai,2015,26000,Petrol,Automatic,First,21.5,1197,81.8,5.0,3.65,Maruti,Wagon
5284,Kolkata,2016,26000,Diesel,Manual,First,25.4,1186,73.97,5.0,5.0,Hyundai,Xcent
5285,Kolkata,2009,42000,Petrol,Manual,First,17.0,1497,118.0,5.0,2.3,Honda,City
5286,Pune,2001,130000,Petrol,Manual,Second,13.2,1495,94.0,5.0,0.75,Hyundai,Accent
5287,Kochi,2009,137148,Petrol,Manual,Second,13.9,1599,103.2,5.0,1.85,Hyundai,Verna
5288,Kolkata,2010,114703,Petrol,Manual,First,15.6,1196,70.0,5.0,1.8,Ford,Figo
5289,Kochi,2014,97439,Diesel,Manual,First,25.8,1498,98.6,5.0,4.41,Honda,Amaze
5290,Chennai,2006,40000,Petrol,Manual,First,18.9,998,67.1,5.0,2.0,Maruti,Wagon
5291,Bangalore,2014,28000,Diesel,Automatic,First,13.0,2987,258.0,5.0,31.75,Mercedes-Benz,E-Class
5292,Bangalore,2015,37500,Diesel,Automatic,First,17.68,1968,174.33,5.0,32.0,Audi,A6
5293,Hyderabad,2010,37000,Diesel,Automatic,First,13.5,2987,282.0,5.0,21.0,Mercedes-Benz,S
5294,Ahmedabad,2010,83000,Diesel,Manual,First,19.3,1248,73.9,5.0,2.75,Maruti,Swift
5295,Coimbatore,2005,79012,Petrol,Manual,First,13.4,1794,125.0,5.0,2.64,Toyota,Corolla
5296,Kochi,2018,27395,Diesel,Manual,First,15.4,2179,120.0,7.0,14.19,Mahindra,Scorpio
5297,Jaipur,2017,35362,Petrol,Manual,First,22.5,998,67.04,5.0,3.85,Maruti,Wagon
5298,Delhi,2014,117000,Diesel,Manual,First,13.0,2982,168.5,7.0,15.5,Toyota,Fortuner
5299,Mumbai,2010,23000,Petrol,Manual,First,18.2,1061,64.0,5.0,1.9,Maruti,Zen
5300,Kochi,2014,59508,Petrol,Manual,First,25.4,624,37.48,4.0,1.26,Tata,Nano
5301,Chennai,2009,69000,Petrol,Manual,Second,18.5,1197,80.0,5.0,2.4,Hyundai,i20
5302,Bangalore,2010,58000,Diesel,Automatic,First,22.69,1995,190.0,5.0,11.5,BMW,3
5303,Jaipur,2014,88511,Diesel,Manual,First,16.0,2179,140.0,7.0,8.25,Mahindra,XUV500
5304,Pune,2011,66000,Petrol,Manual,First,15.8,1598,105.0,5.0,2.75,Volkswagen,Vento
5305,Delhi,2009,65000,Petrol,Manual,Second,17.5,1198,70.0,5.0,1.4,Skoda,Fabia
5306,Coimbatore,2015,30676,Petrol,Manual,First,25.4,624,37.5,4.0,2.9,Tata,Nano
5307,Chennai,2011,76000,Diesel,Manual,First,20.0,1399,68.0,5.0,2.4,Ford,Figo
5308,Pune,2013,23627,Petrol,Automatic,First,14.8,1598,105.0,5.0,4.75,Volkswagen,Vento
5309,Kochi,2018,52827,Diesel,Automatic,First,12.7,2179,187.7,5.0,44.76,Land,Rover
5310,Kochi,2015,64465,Diesel,Manual,First,26.0,1498,98.6,5.0,6.22,Honda,City
5311,Chennai,2018,14000,Petrol,Automatic,First,22.5,999,67.0,5.0,4.5,Renault,KWID
5312,Mumbai,2015,26000,Petrol,Manual,First,18.9,1197,82.0,5.0,4.25,Hyundai,Grand
5313,Hyderabad,2011,78203,Diesel,Automatic,First,18.1,1991,147.9,4.0,5.5,Chevrolet,Cruze
5314,Mumbai,2017,27000,Diesel,Manual,First,22.54,1396,88.73,5.0,6.95,Hyundai,i20
5315,Coimbatore,2018,31919,Petrol,Automatic,First,24.07,998,67.1,5.0,4.56,Maruti,Alto
5316,Coimbatore,2016,47392,Diesel,Manual,First,20.5,1582,126.2,5.0,13.82,Hyundai,Creta
5317,Mumbai,2016,17362,Petrol,Manual,First,18.0,1198,86.7,5.0,5.65,Honda,Amaze
5318,Kochi,2016,49716,Diesel,Manual,First,21.19,1396,88.73,5.0,6.2,Hyundai,i20
5319,Delhi,2014,48000,Petrol,Manual,First,23.1,998,67.04,5.0,3.25,Maruti,Celerio
5320,Kolkata,2009,46000,Diesel,Automatic,First,16.55,1968,147.51,5.0,8.5,Audi,A4
5321,Bangalore,2016,79000,Diesel,Manual,First,24.8,1396,88.7,5.0,7.25,Hyundai,Verna
5322,Pune,2013,57000,Diesel,Manual,First,21.8,1461,78.0,5.0,4.61,Renault,Fluence
5323,Delhi,2016,29754,Petrol,Manual,First,16.2,1199,74.0,5.0,5.3,Volkswagen,Polo
5324,Ahmedabad,2012,50123,Diesel,Manual,First,17.0,1405,70.0,5.0,1.9,Tata,Indigo
5325,Kochi,2012,57184,Petrol,Manual,First,20.36,1197,78.9,5.0,3.09,Hyundai,i10
5326,Mumbai,2007,75000,Diesel,Automatic,Second,16.46,2993,258.0,5.0,9.5,BMW,7
5327,Mumbai,2015,26000,Diesel,Automatic,First,17.01,1582,126.2,5.0,12.65,Hyundai,Creta
5328,Delhi,2016,22129,Petrol,Manual,First,18.9,1197,82.0,5.0,4.25,Hyundai,Grand
5329,Hyderabad,2011,127887,Diesel,Manual,First,21.1,1248,73.9,5.0,2.95,Maruti,Ritz
5330,Hyderabad,2006,92000,Diesel,Manual,First,10.5,2179,120.0,8.0,3.45,Mahindra,Scorpio
5331,Hyderabad,2011,60634,Petrol,Manual,First,19.81,1086,68.05,5.0,3.3,Hyundai,i10
5332,Hyderabad,2014,90000,Diesel,Manual,First,14.0,2179,138.1,7.0,8.0,Tata,Safari
5333,Kolkata,2009,59000,Petrol,Manual,First,13.5,1799,130.0,5.0,2.71,Honda,Civic
5334,Hyderabad,2012,59293,Petrol,Manual,First,18.2,998,67.1,5.0,2.7,Maruti,Zen
5335,Mumbai,2012,80753,Diesel,Manual,Second,23.4,1248,74.0,5.0,4.5,Maruti,Swift
5336,Delhi,2015,40000,Diesel,Manual,Second,13.0,2982,168.5,7.0,18.75,Toyota,Fortuner
5337,Pune,2014,103000,Diesel,Manual,Second,28.4,1248,74.0,5.0,5.25,Maruti,Swift
5338,Hyderabad,2012,72389,LPG,Manual,First,35.370000000000005,998,58.2,5.0,3.2,Maruti,Wagon
5339,Pune,2017,48000,Diesel,Manual,First,28.4,1248,73.75,5.0,6.0,Maruti,Dzire
5340,Kolkata,2014,41000,Petrol,Manual,First,18.9,1197,82.0,5.0,3.14,Hyundai,Grand
5341,Jaipur,2016,26000,Petrol,Manual,First,25.17,799,53.3,5.0,2.55,Renault,KWID
5342,Jaipur,2012,30000,Petrol,Manual,Second,15.64,1193,64.08,5.0,2.3,Tata,Indigo
5343,Hyderabad,2014,74624,Diesel,Manual,First,20.0,1399,68.05,5.0,5.65,Ford,Figo
5344,Kochi,2015,47877,Diesel,Automatic,First,15.15,2967,240.0,5.0,48.22,Porsche,Cayenne
5345,Jaipur,2016,35000,Petrol,Manual,First,24.07,998,67.1,5.0,3.0,Maruti,Alto
5346,Ahmedabad,2015,52123,Diesel,Manual,First,20.34,1498,103.2,5.0,7.5,Volkswagen,Vento
5347,Bangalore,2005,90000,Diesel,Manual,First,10.5,2179,120.0,8.0,2.6,Mahindra,Scorpio
5348,Mumbai,2018,1400,Diesel,Automatic,First,18.56,1995,190.0,5.0,61.25,BMW,X3
5349,Chennai,2009,122000,Petrol,Manual,Second,17.0,1497,118.0,5.0,3.5,Honda,City
5350,Kochi,2016,21110,Petrol,Automatic,First,17.44,1998,189.08,4.0,28.95,Mini,Cooper
5351,Pune,2015,78000,Diesel,Automatic,First,13.5,2477,175.56,6.0,15.0,Mitsubishi,Pajero
5352,Jaipur,2012,72000,Diesel,Manual,First,19.3,1248,73.9,5.0,4.25,Maruti,Swift
5353,Hyderabad,2006,48000,Petrol,Automatic,First,8.6,5998,552.0,4.0,59.0,Bentley,Continental
5354,Pune,2013,43486,Diesel,Manual,First,20.77,1248,88.76,7.0,6.6,Maruti,Ertiga
5355,Hyderabad,2007,199000,Diesel,Manual,Second,12.8,2494,102.0,7.0,5.2,Toyota,Innova
5356,Chennai,2010,34000,Petrol,Manual,First,11.7,1796,178.0,5.0,10.0,Mercedes-Benz,New
5357,Bangalore,2016,37944,Diesel,Automatic,First,14.84,2143,167.62,5.0,35.0,Mercedes-Benz,New
5358,Mumbai,2017,30000,Diesel,Manual,First,22.7,1498,89.84,5.0,8.75,Ford,Ecosport
5359,Coimbatore,2015,64005,Petrol,Manual,First,17.71,1197,78.9,5.0,4.57,Toyota,Etios
5360,Delhi,2012,62000,Petrol,Manual,First,20.36,1197,78.9,5.0,2.5,Hyundai,i10
5361,Kochi,2014,59885,Diesel,Automatic,First,12.39,2179,147.51,5.0,20.11,Land,Rover
5362,Hyderabad,2011,144471,Diesel,Manual,First,12.8,2494,102.0,8.0,7.8,Toyota,Innova
5363,Coimbatore,2011,63991,Petrol,Manual,First,18.5,1197,80.0,5.0,3.61,Hyundai,i20
5364,Mumbai,2015,34895,Petrol,Automatic,First,19.15,1198,75.94,5.0,4.6,Nissan,Micra
5365,Ahmedabad,2015,97003,Diesel,Automatic,First,15.87,2993,308.43,5.0,85.0,BMW,X6
5366,Kolkata,2015,45000,Petrol,Automatic,First,16.8,1497,118.0,5.0,5.25,Honda,City
5367,Delhi,2013,45000,Diesel,Manual,Second,25.8,1498,98.6,5.0,3.3,Honda,Amaze
5368,Bangalore,2013,100000,Diesel,Manual,Second,11.5,2982,171.0,7.0,17.75,Toyota,Fortuner
5369,Delhi,2016,70000,Diesel,Automatic,First,12.97,2179,187.7,5.0,35.0,Land,Rover
5370,Coimbatore,2016,37023,Diesel,Manual,First,19.67,1582,126.2,5.0,13.39,Hyundai,Creta
5371,Chennai,2012,81000,Diesel,Manual,First,25.44,936,56.3,5.0,2.5,Chevrolet,Beat
5372,Kochi,2017,20789,Diesel,Automatic,First,11.36,2755,171.5,7.0,18.36,Toyota,Innova
5373,Jaipur,2015,68310,Diesel,Manual,First,23.4,1248,74.0,5.0,5.95,Maruti,Swift
5374,Mumbai,2015,47250,Diesel,Manual,Second,19.67,1582,126.2,5.0,11.0,Hyundai,Creta
5375,Delhi,2014,47000,Diesel,Automatic,Second,12.65,2993,255.0,5.0,64.75,Land,Rover
5376,Hyderabad,2017,128000,Diesel,Manual,First,25.8,1498,98.6,5.0,6.3,Honda,Amaze
5377,Kochi,2017,17702,Petrol,Manual,First,15.29,1591,121.3,5.0,11.94,Hyundai,Creta
5378,Mumbai,2014,34987,Petrol,Automatic,First,18.19,1197,103.5,5.0,5.95,Volkswagen,Vento
5379,Ahmedabad,2017,37000,Diesel,Manual,First,26.0,1498,98.6,5.0,11.0,Honda,City
5380,Coimbatore,2017,38271,Petrol,Manual,First,15.29,1591,121.3,5.0,12.53,Hyundai,Creta
5381,Bangalore,2012,32510,Diesel,Manual,Second,20.0,1399,68.0,5.0,3.75,Ford,Figo
5382,Pune,2014,88000,Diesel,Automatic,First,14.69,2993,258.0,5.0,27.0,BMW,5
5383,Pune,2012,116000,Diesel,Manual,First,10.5,2835,107.2,6.0,9.95,Mitsubishi,Pajero
5384,Jaipur,2013,156000,Diesel,Manual,First,19.87,1461,83.8,5.0,4.2,Renault,Duster
5385,Delhi,2010,75319,Petrol,Manual,Second,21.1,1197,85.8,5.0,2.0,Maruti,Ritz
5386,Kolkata,2013,28000,Petrol,Manual,First,18.9,1197,82.0,5.0,3.25,Hyundai,Grand
5387,Bangalore,2017,16500,Diesel,Automatic,First,17.9,2143,136.0,5.0,34.0,Mercedes-Benz,GLA
5388,Coimbatore,2016,75637,Diesel,Automatic,First,22.48,1995,190.0,5.0,30.37,BMW,5
5389,Kochi,2018,32854,Petrol,Automatic,First,13.0,1591,121.3,5.0,12.6,Hyundai,Creta
5390,Kochi,2019,6568,Petrol,Manual,First,25.17,799,53.3,5.0,5.09,Renault,KWID
5391,Bangalore,2014,30000,Diesel,Automatic,First,14.94,2967,241.4,5.0,24.5,Audi,A4
5392,Kochi,2018,17804,Diesel,Manual,Second,28.09,1248,88.5,5.0,7.97,Maruti,Ciaz
5393,Delhi,2011,69768,Petrol,Manual,First,16.0,1198,90.0,5.0,2.9,Honda,Jazz
5394,Kochi,2016,62404,Diesel,Automatic,First,22.69,1995,190.0,5.0,21.33,BMW,3
5395,Bangalore,2012,97000,Diesel,Automatic,Second,19.08,1582,126.32,5.0,6.5,Hyundai,Verna
5396,Coimbatore,2016,55687,Diesel,Manual,First,21.38,1396,88.7,5.0,12.15,Hyundai,Creta
5397,Kolkata,2014,17000,Petrol,Manual,First,15.04,1598,103.2,5.0,4.25,Volkswagen,Vento
5398,Coimbatore,2017,34232,Diesel,Automatic,First,21.76,1995,190.0,5.0,35.84,BMW,3
5399,Chennai,2004,135000,Petrol,Automatic,Third,14.4,1997,152.0,5.0,3.0,Honda,CR-V
5400,Chennai,2012,80000,Diesel,Manual,First,19.72,1461,108.45,5.0,6.75,Renault,Duster
5401,Bangalore,2014,31045,Petrol,Manual,Second,18.6,1197,81.83,5.0,5.65,Hyundai,i20
5402,Pune,2013,58000,Diesel,Automatic,Second,16.96,1968,138.03,5.0,7.5,Volkswagen,Jetta
5403,Kochi,2018,35480,Diesel,Manual,First,19.67,1582,126.2,5.0,13.34,Hyundai,Creta
5404,Hyderabad,2016,62287,Diesel,Manual,First,28.09,1248,88.5,5.0,7.9,Maruti,Ciaz
5405,Coimbatore,2015,46162,Diesel,Manual,First,22.54,1396,88.73,5.0,6.98,Hyundai,i20
5406,Mumbai,2014,9200,Petrol,Manual,First,17.01,1591,121.3,5.0,5.75,Hyundai,Verna
5407,Kolkata,2012,55339,Diesel,Manual,First,22.07,1199,73.9,5.0,2.65,Volkswagen,Polo
5408,Kolkata,2011,55476,Diesel,Manual,First,22.07,1199,73.9,5.0,2.49,Volkswagen,Polo
5409,Pune,2007,68553,Petrol,Manual,Second,15.0,1586,104.68,5.0,1.5,Maruti,SX4
5410,Kochi,2016,67376,Diesel,Manual,First,24.5,1498,98.6,7.0,6.5,Honda,Mobilio
5411,Hyderabad,2013,42000,Diesel,Manual,First,19.64,1461,108.45,5.0,8.0,Renault,Duster
5412,Coimbatore,2019,28069,Diesel,Automatic,First,12.9,2755,174.5,7.0,30.85,Toyota,Fortuner
5413,Kochi,2014,93144,Diesel,Automatic,First,14.7,1984,181.0,5.0,17.15,Volvo,XC60
5414,Hyderabad,2014,24300,Petrol,Automatic,First,23.1,998,67.04,5.0,4.55,Maruti,Celerio
5415,Hyderabad,2015,47883,Diesel,Manual,Second,26.21,1248,88.5,5.0,7.4,Maruti,Ciaz
5416,Kochi,2013,12467,Diesel,Automatic,First,12.8,1968,167.6,5.0,25.64,Audi,Q5
5417,Kolkata,2013,56683,Diesel,Automatic,Second,17.05,1995,184.0,5.0,13.5,BMW,X1
5418,Bangalore,2013,38000,Petrol,Manual,First,15.6,1196,70.0,5.0,3.55,Ford,Figo
5419,Ahmedabad,2018,35000,Diesel,Manual,First,22.7,1582,126.2,5.0,15.0,Hyundai,Elantra
5420,Pune,2007,80000,Petrol,Manual,Second,13.9,1599,103.2,5.0,1.95,Hyundai,Verna
5421,Pune,2006,125000,Petrol,Manual,Second,13.5,1799,130.0,5.0,2.3,Honda,Civic
5422,Chennai,2013,123000,Diesel,Manual,Second,12.55,2982,168.5,7.0,15.0,Toyota,Fortuner
5423,Chennai,2012,70000,Petrol,Manual,First,20.36,1197,78.9,5.0,3.15,Hyundai,i10
5424,Hyderabad,2012,87982,Diesel,Manual,First,21.64,1461,84.8,5.0,5.0,Nissan,Sunny
5425,Jaipur,2013,40714,Diesel,Automatic,Second,18.12,1995,190.0,5.0,24.75,BMW,5
5426,Pune,2008,83000,Diesel,Manual,Second,16.52,1991,123.7,5.0,2.6,Chevrolet,Optra
5427,Ahmedabad,2011,86000,Petrol,Manual,First,20.36,1197,78.9,5.0,3.75,Hyundai,i10
5428,Ahmedabad,2009,60002,Diesel,Manual,Second,17.5,1896,106.0,5.0,4.85,Skoda,Laura
5429,Jaipur,2013,60000,Diesel,Automatic,First,10.0,2148,170.0,5.0,27.0,Mercedes-Benz,E-Class
5430,Kolkata,2014,84677,Diesel,Manual,First,25.8,1498,98.6,5.0,3.0,Honda,Amaze
5431,Delhi,2017,23000,Diesel,Automatic,First,20.68,1995,190.0,5.0,28.75,BMW,X1
5432,Hyderabad,2016,81424,Diesel,Manual,First,12.99,2494,100.6,8.0,14.49,Toyota,Innova
5433,Delhi,2013,36400,Diesel,Automatic,First,7.5,4806,394.3,4.0,72.0,Porsche,Panamera
5434,Chennai,2012,70000,Diesel,Manual,Second,22.71,1461,84.8,5.0,4.0,Nissan,Sunny
5435,Delhi,2015,40000,Diesel,Manual,Second,26.59,1248,74.0,5.0,4.5,Maruti,Swift
5436,Mumbai,2019,600,Petrol,Automatic,First,21.5,1197,81.8,5.0,6.25,Maruti,Wagon
5437,Pune,2015,65320,Diesel,Automatic,Second,16.96,1968,138.03,5.0,11.5,Volkswagen,Jetta
5438,Pune,2009,79000,Petrol,Manual,Third,9.8,2354,180.0,5.0,3.1,Honda,Accord
5439,Mumbai,2018,5000,Petrol,Manual,First,17.8,1497,117.3,5.0,10.11,Honda,City
5440,Coimbatore,2019,6028,Petrol,Manual,First,17.01,1591,121.3,5.0,11.54,Hyundai,Verna
5441,Delhi,2006,86000,Petrol,Manual,Second,18.9,998,67.1,5.0,1.0,Maruti,Wagon
5442,Kolkata,2013,160000,Diesel,Manual,Second,23.4,1248,74.0,5.0,2.5,Maruti,Swift
5443,Kochi,2011,59967,Petrol,Automatic,First,9.74,1984,208.0,5.0,18.0,Audi,Q5
5444,Coimbatore,2018,43127,Diesel,Manual,First,23.59,1364,67.04,5.0,6.85,Toyota,Etios
5445,Kochi,2012,65727,Petrol,Manual,First,19.81,1086,68.05,5.0,2.97,Hyundai,i10
5446,Pune,2013,70000,Petrol,Manual,First,17.01,1591,121.3,5.0,4.75,Hyundai,Verna
5447,Coimbatore,2018,39861,Diesel,Manual,First,20.14,1498,88.8,5.0,7.38,Volkswagen,Polo
5448,Delhi,2017,16485,Diesel,Automatic,First,22.48,1995,187.74,5.0,42.75,BMW,5
5449,Bangalore,2010,77332,Diesel,Manual,Second,23.0,1396,90.0,5.0,3.65,Hyundai,i20
5450,Kochi,2017,17489,Petrol,Automatic,First,18.9,1197,82.0,5.0,5.99,Hyundai,Grand
5451,Pune,2012,125000,Diesel,Automatic,First,11.5,2982,169.0,7.0,13.5,Toyota,Fortuner
5452,Chennai,2016,35129,Petrol,Automatic,First,21.4,1197,83.1,5.0,7.0,Maruti,Baleno
5453,Hyderabad,2016,22982,Petrol,Automatic,First,13.0,1591,121.3,5.0,10.95,Hyundai,Creta
5454,Pune,2013,54500,Petrol,Manual,Third,20.36,1197,78.9,5.0,2.95,Hyundai,i10
5455,Ahmedabad,2017,16235,Diesel,Manual,First,24.7,1047,69.0,5.0,5.5,Tata,Tigor
5456,Kochi,2017,73641,Petrol,Automatic,First,14.67,1798,177.46,5.0,17.08,Skoda,Superb
5457,Hyderabad,2015,59572,Diesel,Manual,First,26.59,1248,74.0,5.0,6.85,Maruti,Swift
5458,Jaipur,2014,112827,Petrol,Automatic,First,13.1,1997,141.1,5.0,10.5,Honda,CR-V
5459,Hyderabad,2010,118000,Diesel,Manual,First,12.8,2494,102.0,8.0,8.75,Toyota,Innova
5460,Kolkata,2010,60000,Petrol,Manual,First,17.0,1497,118.0,5.0,2.7,Honda,City
5461,Mumbai,2012,75059,Petrol,Automatic,First,17.0,1591,121.3,5.0,4.25,Hyundai,Verna
5462,Pune,2018,3000,Diesel,Manual,First,23.59,1364,67.04,5.0,7.9,Toyota,Etios
5463,Delhi,2011,78000,Petrol,Automatic,Second,13.7,1798,157.75,5.0,4.5,Skoda,Superb
5464,Kolkata,2012,47000,Diesel,Manual,First,21.64,1461,84.8,5.0,4.0,Nissan,Sunny
5465,Delhi,2012,42000,Petrol,Manual,First,17.0,1497,118.0,5.0,4.75,Honda,City
5466,Kolkata,2018,6820,Diesel,Manual,First,22.54,1396,88.76,5.0,7.65,Hyundai,Elite
5467,Kochi,2013,55176,Petrol,Manual,Second,17.4,1599,104.0,5.0,3.47,Chevrolet,Optra
5468,Kochi,2016,39854,Petrol,Manual,First,18.0,1198,86.7,5.0,5.64,Honda,Amaze
5469,Kolkata,2013,24000,Petrol,Manual,First,16.47,1198,73.9,5.0,2.95,Volkswagen,Polo
5470,Jaipur,2016,55000,Diesel,Manual,First,22.9,1248,74.0,5.0,5.65,Maruti,Swift
5471,Kochi,2012,45840,Diesel,Automatic,First,11.4,2953,153.86,7.0,8.41,Ford,Endeavour
5472,Pune,2006,155000,Petrol,Manual,Third,15.4,1590,94.0,5.0,0.85,Maruti,Baleno
5473,Pune,2003,125000,Petrol,Manual,Second,18.9,998,67.1,5.0,0.8,Maruti,Wagon
5474,Coimbatore,2014,52951,Diesel,Manual,First,20.14,1498,88.0,5.0,5.65,Volkswagen,Polo
5475,Kolkata,2013,49000,Petrol,Manual,First,17.1,1591,121.3,5.0,4.5,Hyundai,Verna
5476,Ahmedabad,2015,52000,Diesel,Manual,First,28.09,1248,88.5,5.0,6.9,Maruti,Ciaz
5477,Jaipur,2013,120005,Diesel,Manual,First,21.64,1461,84.8,5.0,4.0,Nissan,Sunny
5478,Mumbai,2015,33000,Petrol,Manual,First,15.0,1598,103.52,5.0,5.6,Skoda,Rapid
5479,Delhi,2016,126000,Petrol,Manual,First,15.1,1196,73.0,7.0,2.2,Maruti,Eeco
5480,Bangalore,2013,66700,Petrol,Manual,First,15.0,1598,103.5,5.0,4.0,Skoda,Rapid
5481,Jaipur,2014,122000,Diesel,Manual,Second,12.55,2982,168.5,7.0,16.0,Toyota,Fortuner
5482,Mumbai,2016,29000,Diesel,Manual,First,19.67,1582,126.2,5.0,12.6,Hyundai,Creta
5483,Kochi,2014,42315,Petrol,Manual,First,18.5,1197,82.9,5.0,4.79,Hyundai,i20
5484,Mumbai,2015,22001,CNG,Manual,First,35.910000000000004,998,58.16,5.0,3.65,Maruti,Wagon
5485,Kochi,2016,84580,Diesel,Manual,First,26.0,1498,98.6,5.0,6.83,Honda,City
5486,Jaipur,2002,75000,Petrol,Manual,First,16.1,796,37.0,4.0,0.51,Maruti,800
5487,Pune,2006,85000,Petrol,Manual,Second,13.8,1299,70.0,5.0,0.69,Ford,Ikon
5488,Delhi,2015,24296,Petrol,Manual,First,20.85,1197,83.14,5.0,4.65,Maruti,Swift
5489,Kolkata,2014,40000,Petrol,Manual,First,16.8,1497,116.3,5.0,6.49,Honda,City
5490,Chennai,2009,64514,Diesel,Manual,First,16.8,1493,110.0,5.0,2.9,Hyundai,Verna
5491,Delhi,2016,35000,Petrol,Manual,First,17.01,1591,121.3,5.0,7.4,Hyundai,Verna
5492,Bangalore,2016,41000,Petrol,Manual,Second,25.17,799,53.3,5.0,3.25,Renault,KWID
5493,Ahmedabad,2008,60123,Petrol,Manual,Second,18.9,998,67.1,5.0,1.95,Maruti,Wagon
5494,Jaipur,2015,53000,Petrol,Manual,Second,18.9,1197,82.0,5.0,4.0,Hyundai,Grand
5495,Delhi,2017,9000,Petrol,Manual,First,18.6,1197,81.83,5.0,6.85,Hyundai,i20
5496,Coimbatore,2015,53497,Petrol,Manual,First,18.0,1198,86.7,5.0,5.45,Honda,Amaze
5497,Hyderabad,2007,68000,Diesel,Manual,First,17.8,1399,68.0,5.0,1.99,Ford,Fiesta
5498,Hyderabad,2014,65000,Diesel,Automatic,First,19.08,1582,126.32,5.0,8.99,Hyundai,Verna
5499,Kolkata,2014,45155,Diesel,Manual,First,23.59,1364,67.04,5.0,6.5,Toyota,Etios
5500,Coimbatore,2018,20026,Petrol,Automatic,First,19.0,1199,88.7,5.0,9.27,Honda,Jazz
5501,Ahmedabad,2015,60000,Diesel,Manual,First,23.9,1582,126.2,5.0,6.99,Hyundai,Verna
5502,Coimbatore,2019,15976,Diesel,Automatic,First,17.9,2143,136.0,5.0,36.76,Mercedes-Benz,CLA
5503,Kochi,2017,30523,Petrol,Automatic,First,14.7,1798,177.5,5.0,17.08,Skoda,Octavia
5504,Kolkata,2013,26300,Diesel,Manual,First,25.44,936,57.6,5.0,2.8,Chevrolet,Beat
5505,Kolkata,2011,66000,Diesel,Manual,First,22.07,1199,73.9,5.0,2.49,Volkswagen,Polo
5506,Jaipur,2016,70000,Diesel,Manual,First,23.65,1248,88.5,5.0,8.85,Maruti,SX4
5507,Ahmedabad,2011,46000,Petrol,Manual,First,16.8,1497,116.3,5.0,4.15,Honda,City
5508,Hyderabad,2017,28000,Diesel,Manual,First,20.64,1498,108.5,5.0,10.0,Volkswagen,Vento
5509,Delhi,2017,46000,Petrol,Manual,First,18.9,1197,81.86,5.0,4.75,Hyundai,Grand
5510,Jaipur,2017,33000,Petrol,Automatic,First,24.04,999,67.0,5.0,3.2,Renault,KWID
5511,Kochi,2017,27718,Petrol,Manual,First,22.74,796,47.3,5.0,3.28,Maruti,Alto
5512,Bangalore,2013,58000,Petrol,Manual,First,15.8,1499,110.0,5.0,7.5,Ford,Ecosport
5513,Coimbatore,2018,33150,Petrol,Manual,First,21.4,1197,83.1,5.0,7.39,Maruti,Baleno
5514,Pune,2013,77000,Diesel,Manual,First,23.2,1248,73.94,5.0,3.65,Maruti,Ritz
5515,Chennai,2007,70000,Diesel,Automatic,First,11.0,2987,198.5,5.0,11.0,Mercedes-Benz,E-Class
5516,Kolkata,2012,97000,Diesel,Manual,First,23.2,1248,73.94,5.0,3.0,Maruti,Ritz
5517,Chennai,2012,75300,Diesel,Manual,Second,25.44,936,57.6,5.0,2.25,Chevrolet,Beat
5518,Kochi,2010,69918,Petrol,Manual,First,15.5,1586,103.3,5.0,2.83,Maruti,SX4
5519,Coimbatore,2019,4721,Petrol,Manual,First,14.0,796,35.0,5.0,4.11,Maruti,Omni
5520,Kolkata,2014,39163,Diesel,Manual,First,13.5,2477,178.0,7.0,14.7,Mitsubishi,Pajero
5521,Pune,2013,80000,Petrol,Automatic,First,13.0,2987,210.0,5.0,25.0,Mercedes-Benz,S
5522,Bangalore,2015,66000,Diesel,Manual,First,25.44,936,56.3,5.0,2.35,Chevrolet,Beat
5523,Coimbatore,2017,36154,Diesel,Manual,Second,25.83,1498,99.0,5.0,6.41,Ford,Figo
5524,Ahmedabad,2012,34000,Petrol,Manual,First,17.4,1497,117.3,5.0,5.75,Honda,City
5525,Chennai,2016,60000,Diesel,Automatic,Second,17.9,2143,136.0,5.0,17.55,Mercedes-Benz,GLA
5526,Jaipur,2015,32000,Diesel,Manual,First,21.38,1396,88.7,5.0,10.25,Hyundai,Creta
5527,Kochi,2012,79985,Diesel,Manual,First,17.8,1399,67.0,5.0,3.16,Ford,Fiesta
5528,Bangalore,2014,37600,Diesel,Automatic,Second,16.55,1968,147.51,5.0,22.5,Audi,A4
5529,Kochi,2015,31965,Petrol,Manual,First,19.81,1086,68.05,5.0,3.55,Hyundai,i10
5530,Kochi,2010,70749,Petrol,Automatic,First,12.05,1995,154.0,5.0,9.86,BMW,3
5531,Chennai,2013,38000,Diesel,Automatic,First,16.46,2993,258.0,5.0,45.0,BMW,7
5532,Kochi,2017,41534,Petrol,Manual,First,17.01,1591,121.3,5.0,7.99,Hyundai,Verna
5533,Jaipur,2017,54455,Diesel,Automatic,First,22.0,1498,108.495,5.0,6.5,Volkswagen,Ameo
5534,Kolkata,2007,42000,Petrol,Manual,First,14.49,1399,92.7,5.0,0.75,Chevrolet,Aveo
5535,Coimbatore,2018,52073,Diesel,Manual,Second,18.3,1991,147.9,5.0,9.87,Chevrolet,Cruze
5536,Kochi,2018,40175,Diesel,Manual,Second,22.54,1396,88.73,5.0,6.36,Hyundai,i20
5537,Mumbai,2017,16503,Petrol,Automatic,First,16.0,1497,117.3,7.0,9.5,Honda,BRV
5538,Kochi,2017,15029,Petrol,Manual,First,19.1,1197,82.0,5.0,6.05,Hyundai,Xcent
5539,Mumbai,2013,26200,CNG,Manual,First,41.121,796,47.3,5.0,2.15,Maruti,Alto
5540,Hyderabad,2015,76362,Diesel,Manual,First,24.0,1120,70.0,5.0,5.5,Hyundai,Grand
5541,Kolkata,2007,18700,Petrol,Manual,Second,19.7,796,46.3,5.0,1.25,Maruti,Alto
5542,Coimbatore,2015,67585,Diesel,Manual,First,12.99,2494,100.6,7.0,11.99,Toyota,Innova
5543,Mumbai,2010,57000,Petrol,Automatic,Second,16.95,1197,78.9,5.0,2.5,Hyundai,i10
5544,Kochi,2019,22321,Petrol,Automatic,First,18.0,1497,117.3,5.0,11.66,Honda,City
5545,Jaipur,1998,95150,Petrol,Manual,Third,17.3,993,60.0,5.0,0.53,Maruti,Zen
5546,Kolkata,2015,36428,Petrol,Manual,First,20.51,998,67.04,5.0,3.1,Maruti,Wagon
5547,Hyderabad,2012,73500,Diesel,Manual,Second,20.0,1399,68.0,5.0,2.6,Ford,Figo
5548,Kochi,2015,47234,Petrol,Manual,First,18.0,1198,86.7,5.0,5.09,Honda,Amaze
5549,Hyderabad,2008,62364,Petrol,Manual,First,13.2,1495,94.0,5.0,2.3,Hyundai,Accent
5550,Pune,2012,89000,Diesel,Manual,First,22.32,1582,126.32,5.0,6.0,Hyundai,Verna
5551,Ahmedabad,2013,58653,Diesel,Manual,First,25.2,1248,74.0,5.0,4.4,Maruti,Swift
5552,Delhi,2013,30000,Petrol,Automatic,Second,14.8,1595,120.7,5.0,11.0,Mercedes-Benz,B
5553,Coimbatore,2014,64042,Diesel,Manual,First,17.3,1998,163.7,5.0,5.7,Chevrolet,Cruze
5554,Chennai,2013,120000,Diesel,Automatic,First,20.0,1968,138.1,5.0,6.95,Skoda,Laura
5555,Hyderabad,2014,90000,Diesel,Manual,First,12.05,2179,120.0,8.0,7.9,Mahindra,Scorpio
5556,Kochi,2018,30733,Diesel,Automatic,First,20.68,1995,190.0,5.0,29.3,BMW,X1
5557,Kolkata,2009,43600,Petrol,Automatic,First,10.93,3498,272.0,5.0,10.24,Mercedes-Benz,E-Class
5558,Pune,2010,71473,Petrol,Automatic,Second,13.7,1798,157.75,5.0,5.35,Skoda,Superb
5559,Mumbai,2014,39000,Petrol,Automatic,Second,16.5,1198,86.8,5.0,3.49,Honda,Brio
5560,Hyderabad,2009,84045,Petrol,Manual,First,20.36,1197,78.9,5.0,2.85,Hyundai,i10
5561,Mumbai,2014,57004,Petrol,Manual,First,17.4,1497,117.3,5.0,5.35,Honda,City
5562,Coimbatore,2012,75464,Petrol,Manual,First,15.6,1196,70.0,5.0,3.62,Ford,Figo
5563,Hyderabad,2006,142000,Diesel,Manual,First,12.8,2494,102.0,7.0,6.25,Toyota,Innova
5564,Kochi,2012,118683,Diesel,Manual,Second,21.0,1461,64.1,5.0,3.19,Mahindra,Verito
5565,Delhi,2018,42000,Petrol,Manual,First,18.15,1198,82.0,6.0,5.5,Mahindra,KUV
5566,Kochi,2019,12800,Petrol,Manual,First,18.6,1197,81.83,5.0,7.67,Hyundai,i20
5567,Jaipur,2011,80000,Petrol,Manual,First,12.0,2092,127.0,7.0,5.5,Tata,New
5568,Hyderabad,2014,76126,Diesel,Manual,First,19.3,1248,73.9,5.0,6.6,Maruti,Swift
5569,Chennai,2017,21000,Diesel,Automatic,Second,15.97,2993,258.0,5.0,55.0,BMW,X5
5570,Pune,2013,85000,Diesel,Automatic,First,17.68,1968,174.33,5.0,21.0,Audi,A6
5571,Jaipur,2017,27000,Petrol,Manual,First,21.4,1197,83.1,5.0,4.5,Maruti,Baleno
5572,Coimbatore,2016,45794,Diesel,Automatic,First,13.01,2199,194.3,7.0,20.67,Hyundai,Santa
5573,Hyderabad,2013,57352,Diesel,Automatic,First,14.39,1998,163.7,5.0,6.5,Chevrolet,Cruze
5574,Coimbatore,2018,41467,Diesel,Automatic,First,15.0,2143,204.0,5.0,37.98,Mercedes-Benz,E-Class
5575,Mumbai,2009,42000,Petrol,Manual,First,17.92,1086,62.1,5.0,1.45,Hyundai,Santro
5576,Delhi,2014,62549,CNG,Manual,First,35.910000000000004,998,58.16,5.0,2.95,Maruti,Wagon
5577,Hyderabad,2015,67048,Diesel,Manual,First,28.09,1248,88.5,5.0,7.9,Maruti,Ciaz
5578,Kochi,2018,11732,Petrol,Manual,First,17.4,1497,117.3,5.0,10.07,Honda,City
5579,Mumbai,2016,37000,Diesel,Manual,First,20.45,1461,83.8,5.0,6.5,Nissan,Terrano
5580,Hyderabad,2015,30000,Diesel,Automatic,First,18.88,1995,184.0,5.0,22.0,BMW,3
5581,Hyderabad,2016,53000,Diesel,Manual,First,26.0,1498,98.6,5.0,9.75,Honda,City
5582,Jaipur,2014,60000,Diesel,Manual,First,20.45,1461,83.8,5.0,6.0,Nissan,Terrano
5583,Delhi,2014,65000,Diesel,Manual,First,24.0,1120,70.0,5.0,3.99,Hyundai,Grand
5584,Delhi,2015,92000,Diesel,Automatic,First,12.55,2982,168.5,7.0,19.75,Toyota,Fortuner
5585,Kolkata,2017,31000,Diesel,Manual,First,13.68,2393,147.8,7.0,16.95,Toyota,Innova
5586,Chennai,2017,43917,Petrol,Manual,First,21.4,1197,83.1,5.0,6.8,Maruti,Baleno
5587,Pune,2013,84000,Petrol,Manual,First,19.81,1086,68.05,5.0,2.95,Hyundai,i10
5588,Coimbatore,2015,55662,Diesel,Automatic,First,12.07,2967,241.4,7.0,42.83,Audi,Q7
5589,Hyderabad,2014,51000,Diesel,Automatic,First,27.03,1969,190.0,5.0,21.5,Volvo,S60
5590,Jaipur,2015,24398,Petrol,Manual,First,17.8,1497,117.3,5.0,7.9,Honda,City
5591,Hyderabad,2011,78000,Petrol,Manual,Second,20.92,998,67.1,5.0,2.3,Maruti,Alto
5592,Delhi,2012,40315,Petrol,Manual,First,18.5,1198,86.8,5.0,2.75,Honda,Brio
5593,Jaipur,2011,83000,Diesel,Manual,First,12.05,2179,120.0,8.0,6.71,Mahindra,Scorpio
5594,Kochi,2017,58151,Diesel,Automatic,First,19.6,1461,108.45,5.0,9.6,Renault,Duster
5595,Kochi,2017,30519,Diesel,Manual,First,19.67,1582,126.2,5.0,12.81,Hyundai,Creta
5596,Coimbatore,2019,20712,Petrol,Manual,First,23.84,1199,84.0,5.0,6.94,Tata,Tiago
5597,Mumbai,2015,48000,Diesel,Manual,First,16.0,2179,140.0,7.0,9.45,Mahindra,XUV500
5598,Hyderabad,2015,85000,Diesel,Manual,First,20.34,1498,103.2,5.0,6.0,Volkswagen,Vento
5599,Delhi,2013,32000,Petrol,Automatic,First,14.8,1595,120.7,5.0,11.0,Mercedes-Benz,B
5600,Delhi,2011,52000,Petrol,Manual,First,15.5,1586,103.3,5.0,2.6,Maruti,SX4
5601,Hyderabad,2007,58307,Petrol,Manual,First,15.3,1341,83.0,5.0,1.95,Hyundai,Getz
5602,Mumbai,2013,30000,Diesel,Automatic,First,17.54,2993,313.0,4.0,45.0,BMW,6
5603,Chennai,2014,40000,Diesel,Automatic,First,17.11,1968,174.33,5.0,22.0,Audi,A4
5604,Kolkata,2015,36000,Petrol,Manual,First,18.6,1197,81.83,5.0,4.9,Hyundai,i20
5605,Kochi,2015,58817,Diesel,Manual,First,19.87,1461,83.14,5.0,6.25,Nissan,Terrano
5606,Chennai,2013,55000,Diesel,Manual,Second,20.54,1598,103.6,5.0,6.1,Volkswagen,Vento
5607,Mumbai,2011,39000,Petrol,Manual,First,20.36,1197,78.9,5.0,2.6,Hyundai,i10
5608,Delhi,2011,6500,Petrol,Automatic,Third,6.4,5204,560.0,2.0,120.0,Lamborghini,Gallardo
5609,Hyderabad,2012,35000,Diesel,Automatic,First,14.74,2993,270.9,5.0,29.0,Jaguar,XF
5610,Pune,2010,49900,Petrol,Manual,Second,17.5,1298,85.8,5.0,3.3,Maruti,Swift
5611,Hyderabad,2013,99500,Diesel,Manual,Second,22.3,1248,74.0,5.0,3.05,Tata,Indica
5612,Kolkata,2012,33249,Diesel,Manual,First,21.27,1396,88.76,5.0,3.25,Hyundai,i20
5613,Delhi,2014,52000,Petrol,Manual,First,19.1,1197,81.86,5.0,3.75,Hyundai,Xcent
5614,Mumbai,2015,45000,Diesel,Manual,First,12.99,2494,100.6,7.0,13.25,Toyota,Innova
5615,Hyderabad,2017,22000,Petrol,Manual,First,23.84,1199,84.0,5.0,4.8,Tata,Tiago
5616,Kochi,2019,7858,Petrol,Manual,First,25.17,799,53.3,5.0,3.8,Renault,KWID
5617,Pune,2011,112000,Diesel,Manual,First,12.8,2494,102.0,7.0,8.5,Toyota,Innova
5618,Coimbatore,2016,41082,Diesel,Automatic,First,13.0,2143,204.0,5.0,38.76,Mercedes-Benz,E-Class
5619,Ahmedabad,2009,72000,Petrol,Automatic,First,16.8,1497,116.4,5.0,3.2,Honda,City
5620,Hyderabad,2011,84912,Petrol,Manual,First,20.36,1197,78.9,5.0,3.5,Hyundai,i10
5621,Pune,2015,70000,Diesel,Manual,First,19.67,1582,126.2,5.0,12.25,Hyundai,Creta
5622,Mumbai,2014,21000,Petrol,Manual,First,19.5,1199,86.76,5.0,4.75,Honda,Amaze
5623,Delhi,2016,27000,Petrol,Manual,First,18.78,999,74.0,5.0,4.5,Volkswagen,Polo
5624,Kolkata,2012,29000,Petrol,Manual,First,20.36,1197,78.9,5.0,2.35,Hyundai,i10
5625,Hyderabad,2014,48425,Diesel,Manual,First,23.08,1461,63.12,5.0,3.4,Renault,Pulse
5626,Pune,2016,19000,Diesel,Automatic,First,21.5,1498,108.5,5.0,10.0,Volkswagen,Vento
5627,Hyderabad,2012,210000,Diesel,Manual,First,12.99,2494,100.0,7.0,9.0,Toyota,Innova
5628,Delhi,2013,64000,Petrol,Manual,Second,14.53,1798,138.1,5.0,5.2,Toyota,Corolla
5629,Chennai,2006,200000,Diesel,Manual,Second,16.8,1493,110.0,5.0,1.85,Hyundai,Verna
5630,Chennai,2013,100000,Diesel,Automatic,Second,11.3,2987,254.8,7.0,38.0,Mercedes-Benz,GL-Class
5631,Kochi,2013,69140,Diesel,Manual,First,20.46,1461,83.8,5.0,5.11,Renault,Duster
5632,Coimbatore,2019,21214,Petrol,Manual,First,15.41,1598,103.52,5.0,9.66,Skoda,Rapid
5633,Kolkata,2015,28000,Petrol,Manual,First,20.36,1197,78.9,5.0,3.4,Hyundai,i10
5634,Kochi,2017,29085,Petrol,Manual,First,18.15,1198,82.0,6.0,5.84,Mahindra,KUV
5635,Kolkata,2016,30000,Petrol,Automatic,First,23.1,998,67.04,5.0,3.8,Maruti,Celerio
5636,Mumbai,2012,32910,Petrol,Automatic,First,16.98,998,66.1,5.0,2.5,Maruti,A-Star
5637,Kolkata,2015,30000,Diesel,Manual,First,25.1,1498,98.6,5.0,6.95,Honda,City
5638,Pune,2010,35102,Petrol,Automatic,First,12.6,1798,161.6,5.0,5.5,Skoda,Superb
5639,Coimbatore,2017,22831,Petrol,Manual,First,18.9,1197,82.0,5.0,6.19,Hyundai,Grand
5640,Hyderabad,2013,74911,Diesel,Manual,First,20.45,1461,83.8,5.0,6.0,Renault,Duster
5641,Pune,2015,21000,Petrol,Manual,First,18.9,1197,82.0,5.0,3.75,Hyundai,Grand
5642,Kochi,2018,37160,Diesel,Manual,First,22.77,1498,98.59,5.0,9.46,Ford,EcoSport
5643,Jaipur,2011,41000,Petrol,Manual,Second,16.95,1498,97.7,5.0,3.0,Nissan,Sunny
5644,Chennai,2016,37294,Diesel,Manual,First,25.83,1498,99.0,5.0,5.75,Ford,Figo
5645,Coimbatore,2009,56927,Petrol,Manual,First,13.5,1799,130.0,5.0,4.41,Honda,Civic
5646,Kochi,2017,21954,Petrol,Manual,First,25.17,799,53.3,5.0,3.7,Renault,KWID
5647,Kolkata,2014,50000,Petrol,Manual,Second,19.4,1198,86.8,5.0,2.5,Honda,Brio
5648,Coimbatore,2012,78212,Petrol,Manual,First,16.1,1298,88.2,5.0,5.35,Maruti,Swift
5649,Delhi,2013,64500,Diesel,Manual,First,21.9,1396,88.8,5.0,3.65,Hyundai,i20
5650,Delhi,2014,51000,Diesel,Automatic,First,17.2,1968,138.03,5.0,13.0,Skoda,Superb
5651,Delhi,2012,52000,Petrol,Manual,First,18.9,998,67.1,5.0,2.45,Maruti,Wagon
5652,Mumbai,2015,120000,Diesel,Automatic,First,21.21,1498,103.2,5.0,5.75,Volkswagen,Vento
5653,Coimbatore,2017,65792,Diesel,Manual,First,26.0,1498,98.6,5.0,8.11,Honda,City
5654,Ahmedabad,2018,30000,Diesel,Manual,First,22.54,1396,88.73,5.0,7.75,Hyundai,i20
5655,Coimbatore,2017,54387,Petrol,Automatic,First,19.15,1198,75.94,5.0,5.85,Nissan,Micra
5656,Mumbai,2018,1617,Petrol,Manual,First,25.17,799,53.3,5.0,4.29,Renault,KWID
5657,Hyderabad,2015,82000,Diesel,Manual,First,25.6,1498,98.6,5.0,8.0,Honda,City
5658,Mumbai,2017,20000,Diesel,Manual,First,13.68,2393,147.8,8.0,16.5,Toyota,Innova
5659,Jaipur,2015,98000,Diesel,Manual,First,27.39,1248,74.0,5.0,5.5,Maruti,Baleno
5660,Delhi,2015,57000,Diesel,Manual,First,22.77,1498,98.59,5.0,6.35,Ford,EcoSport
5661,Jaipur,2013,250000,Diesel,Manual,Second,12.99,2494,100.6,8.0,7.9,Toyota,Innova
5662,Hyderabad,2014,56549,Diesel,Manual,First,22.7,1498,89.84,5.0,7.2,Ford,Ecosport
5663,Bangalore,2012,78500,Diesel,Manual,First,22.07,1199,73.9,5.0,3.65,Volkswagen,Polo
5664,Kochi,2016,55036,Diesel,Manual,First,22.54,1396,88.73,5.0,6.35,Hyundai,i20
5665,Pune,2016,55000,Diesel,Manual,First,19.87,1461,83.8,5.0,7.8,Renault,Duster
5666,Chennai,2007,90000,Petrol,Manual,Second,13.8,1299,70.0,5.0,1.4,Ford,Ikon
5667,Chennai,2007,155000,Diesel,Manual,First,13.1,2499,141.0,7.0,5.5,Ford,Endeavour
5668,Hyderabad,2018,17810,Diesel,Manual,First,27.39,1248,74.0,5.0,8.5,Maruti,Baleno
5669,Kochi,2011,42408,Diesel,Automatic,First,14.84,2143,170.0,5.0,10.48,Mercedes-Benz,New
5670,Ahmedabad,2005,81000,Petrol,Manual,Second,15.9,1298,85.0,5.0,0.75,Maruti,Esteem
5671,Pune,2008,52000,Petrol,Manual,Second,12.85,1396,99.6,5.0,1.3,Tata,Indigo
5672,Mumbai,2013,35000,Diesel,Automatic,First,16.73,2993,218.0,5.0,21.0,BMW,5
5673,Delhi,2013,60000,Petrol,Manual,First,17.92,1086,62.1,5.0,2.3,Hyundai,Santro
5674,Mumbai,2015,27000,Diesel,Automatic,First,19.5,1968,141.0,5.0,14.95,Skoda,Octavia
5675,Coimbatore,2017,55975,Diesel,Automatic,Second,17.68,1968,174.33,5.0,35.92,Audi,A6
5676,Pune,2016,115000,Diesel,Manual,First,25.83,1498,99.0,5.0,4.5,Ford,Figo
5677,Hyderabad,2016,132000,Diesel,Manual,First,14.95,2489,93.7,7.0,5.5,Mahindra,Xylo
5678,Mumbai,2015,40337,Petrol,Automatic,First,23.1,998,67.04,5.0,4.45,Maruti,Celerio
5679,Chennai,2008,192000,Diesel,Manual,First,12.8,2494,102.0,8.0,6.85,Toyota,Innova
5680,Bangalore,2016,50000,Diesel,Manual,First,24.0,1120,70.0,5.0,5.5,Hyundai,Grand
5681,Kochi,2016,28147,Petrol,Manual,First,18.9,1197,81.86,5.0,5.07,Hyundai,Grand
5682,Mumbai,2015,20000,Petrol,Manual,First,18.9,1197,82.0,5.0,3.85,Hyundai,Grand
5683,Chennai,2016,11000,Petrol,Manual,First,18.6,1197,81.86,5.0,7.95,Hyundai,Elite
5684,Jaipur,2009,63000,Petrol,Manual,Second,18.2,998,67.1,5.0,1.25,Maruti,Zen
5685,Kochi,2014,36967,Petrol,Manual,First,20.92,998,67.1,5.0,3.64,Maruti,Alto
5686,Jaipur,2016,73053,Diesel,Manual,First,13.0,2982,168.5,7.0,20.0,Toyota,Fortuner
5687,Coimbatore,2019,16392,Diesel,Manual,First,16.55,2498,105.0,6.0,10.36,Mahindra,Thar
5688,Jaipur,2013,67000,Petrol,Manual,Second,16.78,1496,88.73,5.0,4.05,Toyota,Etios
5689,Mumbai,2015,48600,Diesel,Automatic,First,12.0,2987,224.0,7.0,48.5,Mercedes-Benz,GL-Class
5690,Bangalore,2014,70000,Diesel,Manual,First,19.6,1461,108.45,5.0,8.25,Renault,Duster
5691,Pune,2014,84000,Diesel,Manual,First,22.9,1248,74.0,5.0,5.25,Maruti,Swift
5692,Mumbai,2013,49106,Petrol,Manual,First,15.04,1598,103.2,5.0,4.4,Volkswagen,Vento
5693,Mumbai,2017,35000,Diesel,Automatic,First,18.19,1968,174.5,5.0,25.75,Skoda,Superb
5694,Kochi,2014,51240,Diesel,Automatic,First,8.2,2993,245.0,4.0,29.52,BMW,3
5695,Kolkata,2011,37000,Petrol,Manual,Second,18.9,998,67.1,5.0,2.1,Maruti,Wagon
5696,Kochi,2017,32587,Petrol,Manual,First,25.17,799,53.3,5.0,3.71,Renault,KWID
5697,Pune,2009,180000,Diesel,Manual,First,10.9,2499,143.0,7.0,7.5,Ford,Endeavour
5698,Kochi,2017,21248,Diesel,Manual,First,24.3,1248,88.5,5.0,9.44,Maruti,Vitara
5699,Delhi,2014,40000,Petrol,Automatic,First,10.5,1796,157.7,5.0,24.0,Mercedes-Benz,E-Class
5700,Mumbai,2017,23700,CNG,Manual,First,23.625,1373,80.46,7.0,8.25,Maruti,Ertiga
5701,Delhi,2011,57000,Diesel,Automatic,Second,16.55,1968,147.51,5.0,9.75,Audi,A4
5702,Kolkata,2014,37000,Petrol,Manual,First,18.9,1197,82.0,5.0,3.45,Hyundai,Grand
5703,Jaipur,2014,70000,Diesel,Manual,Second,13.5,2477,175.56,7.0,11.85,Mitsubishi,Pajero
5704,Coimbatore,2012,92469,Diesel,Automatic,Second,19.71,2143,201.15,5.0,16.14,Mercedes-Benz,New
5705,Pune,2015,55000,CNG,Manual,First,35.910000000000004,998,58.16,5.0,3.7,Maruti,Wagon
5706,Ahmedabad,2017,20000,Petrol,Automatic,First,24.07,998,67.1,5.0,4.0,Maruti,Alto
5707,Delhi,2015,42000,Petrol,Manual,Second,18.6,1197,81.83,5.0,5.8,Hyundai,i20
5708,Kolkata,2014,28000,Diesel,Manual,First,23.4,1248,74.0,5.0,4.65,Maruti,Swift
5709,Pune,2010,93000,Petrol,Automatic,Second,11.8,3498,272.0,7.0,15.0,Mercedes-Benz,R-Class
5710,Mumbai,2015,23000,Petrol,Automatic,First,15.63,1499,110.4,5.0,6.8,Ford,EcoSport
5711,Bangalore,2016,36000,Diesel,Manual,First,25.1,1498,98.6,5.0,10.25,Honda,City
5712,Chennai,2014,52000,Petrol,Manual,First,20.92,998,67.1,5.0,2.7,Maruti,Alto
5713,Hyderabad,2015,59245,Diesel,Manual,First,20.77,1248,88.8,7.0,8.5,Maruti,Ertiga
5714,Pune,2018,31000,Diesel,Manual,First,22.54,1396,88.73,5.0,7.75,Hyundai,i20
5715,Pune,2015,83000,Petrol,Manual,First,15.64,1193,64.08,5.0,2.7,Tata,Indigo
5716,Hyderabad,2004,81500,Petrol,Manual,Second,19.7,796,46.3,5.0,1.3,Maruti,Alto
5717,Hyderabad,2018,9900,Petrol,Manual,First,15.8,1591,121.3,5.0,13.2,Hyundai,Creta
5718,Pune,2004,94000,Petrol,Manual,Second,18.9,998,67.1,5.0,1.0,Maruti,Wagon
5719,Kochi,2017,27100,Petrol,Manual,First,16.78,1496,88.73,5.0,6.37,Toyota,Etios
5720,Kolkata,2015,12000,Petrol,Manual,First,16.78,1496,88.73,5.0,4.5,Toyota,Etios
5721,Mumbai,2013,29000,Diesel,Manual,First,19.01,1461,108.45,5.0,6.5,Renault,Duster
5722,Mumbai,2013,65000,Diesel,Manual,Second,19.3,1248,73.9,5.0,4.99,Maruti,Swift
5723,Coimbatore,2017,50794,Diesel,Automatic,First,17.9,2143,170.0,5.0,43.3,Mercedes-Benz,GLC
5724,Mumbai,2014,59000,Diesel,Manual,First,22.7,1498,89.84,5.0,6.5,Ford,Ecosport
5725,Mumbai,2012,72000,CNG,Manual,First,35.370000000000005,998,58.2,5.0,2.25,Maruti,Wagon
5726,Hyderabad,2017,15234,Petrol,Automatic,First,19.12,1373,91.1,5.0,9.95,Maruti,Ciaz
5727,Mumbai,2015,44000,Diesel,Manual,First,22.7,1498,89.84,5.0,7.35,Ford,Ecosport
5728,Hyderabad,2016,125000,Diesel,Manual,First,22.95,1248,74.0,5.0,4.6,Tata,Zest
5729,Chennai,2011,100000,Diesel,Automatic,First,11.4,2953,153.86,7.0,8.5,Ford,Endeavour
5730,Coimbatore,2017,34686,Diesel,Automatic,First,19.6,1461,108.45,5.0,11.86,Renault,Duster
5731,Pune,2011,98000,Diesel,Manual,First,14.42,1995,147.6,5.0,8.0,Nissan,X-Trail
5732,Delhi,2015,90000,Diesel,Automatic,First,12.55,2982,168.5,7.0,21.5,Toyota,Fortuner
5733,Pune,2007,81000,Petrol,Manual,First,15.26,1150,74.9,5.0,1.3,Chevrolet,Aveo
5734,Chennai,2012,55000,Diesel,Manual,First,20.5,1598,103.5,5.0,5.9,Skoda,Rapid
5735,Bangalore,2013,52910,Diesel,Manual,Second,15.1,2179,140.0,7.0,9.5,Mahindra,XUV500
5736,Chennai,2010,100000,Diesel,Manual,First,19.3,1248,73.9,5.0,4.5,Maruti,Swift
5737,Hyderabad,2003,132000,Diesel,Manual,First,18.7,1896,66.0,5.0,2.25,Skoda,Octavia
5738,Mumbai,2014,18000,Petrol,Manual,First,13.7,1399,98.82,7.0,3.35,Chevrolet,Enjoy
5739,Kolkata,2005,50000,Petrol,Manual,First,13.2,1495,94.0,5.0,0.7,Hyundai,Accent
5740,Bangalore,2012,33000,Petrol,Automatic,First,14.74,1991,184.0,5.0,16.0,Mercedes-Benz,New
5741,Pune,2014,30000,Diesel,Manual,First,20.45,1461,83.8,5.0,8.0,Renault,Duster
5742,Hyderabad,2015,8000,Petrol,Automatic,First,12.5,5000,488.1,2.0,100.0,Jaguar,F
5743,Kochi,2012,58646,Diesel,Manual,First,22.32,1582,126.32,5.0,4.74,Hyundai,Verna
5744,Mumbai,2016,21000,Diesel,Automatic,First,13.0,2143,204.0,5.0,36.0,Mercedes-Benz,E-Class
5745,Kochi,2015,57026,Petrol,Manual,First,15.04,1598,103.6,5.0,5.54,Volkswagen,Vento
5746,Mumbai,2017,42000,Diesel,Automatic,First,18.19,1968,174.5,5.0,22.99,Skoda,Superb
5747,Kochi,2017,26741,Diesel,Manual,First,15.4,1997,120.0,7.0,10.08,Mahindra,Scorpio
5748,Pune,2000,78000,Petrol,Manual,First,16.1,796,37.0,4.0,0.55,Maruti,800
5749,Coimbatore,2018,29091,Diesel,Automatic,First,13.22,2967,241.4,5.0,45.52,Audi,Q5
5750,Coimbatore,2018,37323,Diesel,Manual,Second,17.45,1493,100.0,7.0,7.29,Mahindra,NuvoSport
5751,Chennai,2011,55595,Diesel,Manual,Second,20.54,1598,103.6,5.0,4.3,Volkswagen,Vento
5752,Chennai,2015,49900,Petrol,Manual,First,20.85,1197,83.14,5.0,4.8,Maruti,Swift
5753,Mumbai,2012,52500,Petrol,Manual,Second,16.02,1373,93.7,7.0,5.25,Maruti,Ertiga
5754,Chennai,2016,5700,Petrol,Manual,First,24.7,796,47.3,5.0,2.8,Maruti,Alto
5755,Kochi,2014,53340,Diesel,Manual,First,21.9,1396,88.76,5.0,4.35,Hyundai,i20
5756,Kolkata,2014,57000,Diesel,Manual,First,22.7,1498,89.84,5.0,5.49,Ford,Ecosport
5757,Pune,2015,59525,CNG,Manual,Second,43.551,998,58.2,4.0,3.1,Maruti,Alto
5758,Bangalore,2014,58000,Diesel,Manual,First,20.34,1498,103.2,5.0,6.5,Volkswagen,Vento
5759,Bangalore,2011,73000,Diesel,Manual,First,12.05,2179,120.0,8.0,6.4,Mahindra,Scorpio
5760,Kochi,2016,33554,Diesel,Manual,First,25.83,1498,99.0,5.0,6.22,Ford,Figo
5761,Mumbai,2012,106000,Diesel,Manual,First,12.99,2494,100.0,8.0,8.4,Toyota,Innova
5762,Pune,2018,27000,Diesel,Manual,First,28.4,1248,73.75,5.0,5.9,Maruti,Dzire
5763,Pune,2018,1000,Petrol,Manual,First,25.17,799,53.3,5.0,3.4,Renault,KWID
5764,Jaipur,2011,119000,Diesel,Manual,Third,13.1,2499,141.0,7.0,6.5,Ford,Endeavour
5765,Delhi,2015,64000,Petrol,Manual,First,18.88,999,123.24,5.0,6.0,Ford,EcoSport
5766,Hyderabad,2016,63738,Diesel,Manual,First,19.67,1582,126.2,5.0,11.9,Hyundai,Creta
5767,Bangalore,2016,16000,Diesel,Automatic,First,14.69,2993,258.0,5.0,48.0,BMW,5
5768,Mumbai,2017,28000,Petrol,Automatic,First,18.69,1462,103.0,7.0,8.0,Maruti,Ertiga
5769,Hyderabad,2007,91000,Diesel,Automatic,Second,15.6,1896,106.0,5.0,2.45,Skoda,Laura
5770,Kolkata,2013,25000,Petrol,Manual,First,18.6,1199,79.4,5.0,1.75,Chevrolet,Beat
5771,Bangalore,2014,65630,Diesel,Automatic,First,15.73,1968,174.33,5.0,21.75,Audi,Q3
5772,Pune,2014,48094,Petrol,Manual,First,17.0,1497,118.0,5.0,7.25,Honda,City
5773,Pune,2009,90456,Petrol,Manual,Second,16.1,1298,88.2,5.0,3.0,Maruti,Swift
5774,Jaipur,2012,140000,Diesel,Manual,First,20.0,1399,68.0,5.0,2.51,Ford,Figo
5775,Chennai,2015,95000,Diesel,Automatic,First,12.55,2982,168.5,7.0,19.6,Toyota,Fortuner
5776,Pune,2013,79000,Diesel,Manual,Second,15.8,2148,170.0,5.0,15.5,Mercedes-Benz,New
5777,Chennai,2012,96000,Diesel,Manual,First,12.99,2494,100.0,7.0,11.5,Toyota,Innova
5778,Coimbatore,2004,186679,Petrol,Manual,Second,13.0,1493,100.0,5.0,1.76,Honda,City
5779,Jaipur,2015,91000,Diesel,Manual,First,25.8,1498,98.6,5.0,4.68,Honda,Amaze
5780,Delhi,2010,109703,Petrol,Automatic,Second,14.28,1798,138.03,5.0,4.0,Toyota,Corolla
5781,Hyderabad,2012,110000,Diesel,Manual,First,22.3,1248,74.0,5.0,2.8,Tata,Indica
5782,Mumbai,2012,35000,Diesel,Manual,First,16.0,2179,140.0,7.0,8.25,Mahindra,XUV500
5783,Kolkata,2010,47722,Diesel,Manual,First,21.1,1248,73.9,5.0,1.7,Maruti,Ritz
5784,Mumbai,2013,25000,Petrol,Automatic,First,14.74,1991,181.04,5.0,14.85,Mercedes-Benz,New
5785,Mumbai,2018,8000,Petrol,Automatic,First,17.0,1591,121.3,5.0,12.85,Hyundai,Verna
5786,Hyderabad,2012,65000,Diesel,Automatic,First,14.94,2143,204.0,5.0,16.0,Mercedes-Benz,New
5787,Hyderabad,2018,1048,Petrol,Manual,First,18.9,998,67.1,5.0,4.7,Maruti,Wagon
5788,Bangalore,2014,42000,Petrol,Manual,Second,16.02,1373,93.7,7.0,5.94,Maruti,Ertiga
5789,Hyderabad,2013,55000,Diesel,Manual,First,20.5,1598,103.5,5.0,8.0,Skoda,Rapid
5790,Delhi,2010,72000,Diesel,Manual,First,12.8,2494,102.0,8.0,5.45,Toyota,Innova
5791,Kochi,2018,17773,Petrol,Automatic,First,13.7,1991,183.0,5.0,26.76,Mercedes-Benz,GLA
5792,Hyderabad,2013,65000,Diesel,Manual,Second,20.14,1498,88.0,5.0,3.5,Volkswagen,Polo
5793,Kolkata,2013,53280,Diesel,Manual,First,22.32,1582,126.3,5.0,4.7,Hyundai,Verna
5794,Ahmedabad,2016,34005,Petrol,Manual,First,17.0,1198,73.75,5.0,5.75,Volkswagen,Ameo
5795,Coimbatore,2017,14618,Petrol,Manual,First,18.6,1197,81.83,5.0,8.11,Hyundai,i20
5796,Delhi,2006,65771,Petrol,Manual,Second,17.3,1061,64.0,5.0,0.75,Maruti,Wagon
5797,Pune,2006,78000,Petrol,Manual,Second,13.5,1405,60.0,5.0,1.0,Tata,Indica
5798,Hyderabad,2016,105545,Diesel,Manual,First,14.0,2498,112.0,7.0,5.3,Mahindra,Xylo
5799,Jaipur,2017,25000,Diesel,Manual,First,12.4,2499,134.0,5.0,8.0,ISUZU,D-MAX
5800,Pune,2010,80561,Petrol,Manual,First,18.5,1197,80.0,5.0,2.74,Hyundai,i20
5801,Mumbai,2017,6000,Petrol,Manual,First,21.4,1197,83.1,5.0,7.5,Maruti,Baleno
5802,Jaipur,2016,39000,Diesel,Automatic,First,17.6,2179,153.86,7.0,13.5,Tata,Hexa
5803,Kolkata,2011,55001,Petrol,Manual,First,16.47,1198,73.9,5.0,2.2,Volkswagen,Polo
5804,Mumbai,2012,63720,Petrol,Automatic,First,11.74,1796,186.0,5.0,13.25,Mercedes-Benz,New
5805,Jaipur,2005,100000,Petrol,Manual,Second,15.3,1341,83.0,5.0,0.85,Hyundai,Getz
5806,Kochi,2017,15386,Petrol,Manual,First,23.84,1199,84.0,5.0,5.11,Tata,Tiago
5807,Mumbai,2013,102486,Diesel,Manual,First,19.87,1461,83.8,5.0,4.25,Renault,Duster
5808,Coimbatore,2013,58629,Diesel,Automatic,Second,18.25,1968,187.74,5.0,16.52,Audi,A4
5809,Pune,2008,86000,Diesel,Manual,Third,13.93,2179,138.0,7.0,0.6,Tata,New
5810,Hyderabad,2012,68238,Diesel,Manual,First,22.9,1248,74.0,5.0,4.8,Maruti,Swift
5811,Mumbai,2011,42036,Petrol,Automatic,First,13.7,1798,157.75,5.0,6.25,Skoda,Superb
5812,Mumbai,2014,55619,Petrol,Manual,First,16.3,1797,147.5,5.0,8.3,Hyundai,Elantra
5813,Pune,2009,60000,Petrol,Manual,Third,17.0,1497,118.0,5.0,3.25,Honda,City
5814,Pune,2015,30000,Diesel,Manual,First,19.87,1461,83.8,5.0,7.75,Renault,Duster
5815,Kochi,2016,31150,Diesel,Automatic,First,16.36,2179,187.7,5.0,30.54,Jaguar,XF
5816,Jaipur,2010,70000,LPG,Manual,First,35.370000000000005,998,58.2,5.0,2.27,Maruti,Wagon
5817,Pune,2010,70290,Petrol,Manual,Second,17.24,1198,73.9,5.0,2.96,Volkswagen,Polo
5818,Chennai,2016,10000,Petrol,Manual,First,17.57,1193,88.7,5.0,4.0,Tata,Bolt
5819,Bangalore,2014,68010,Petrol,Manual,Second,18.5,1197,82.85,5.0,5.25,Hyundai,i20
5820,Kochi,2013,91903,Diesel,Automatic,First,17.68,1968,174.33,5.0,17.56,Audi,A6
5821,Mumbai,2011,38000,Petrol,Manual,First,16.09,1598,103.5,5.0,3.25,Volkswagen,Vento
5822,Bangalore,2015,67600,Petrol,Manual,First,23.1,998,67.04,5.0,4.0,Maruti,Celerio
5823,Coimbatore,2007,66800,Petrol,Manual,First,15.3,1341,83.0,5.0,2.2,Hyundai,Getz
5824,Pune,2016,37208,Diesel,Manual,First,24.3,1248,88.5,5.0,7.43,Maruti,Vitara
5825,Mumbai,2009,102002,Diesel,Automatic,First,8.7,2987,224.34,5.0,10.75,Mercedes-Benz,M-Class
5826,Delhi,2011,68000,Diesel,Manual,First,19.3,1248,73.9,5.0,2.75,Maruti,Swift
5827,Hyderabad,2013,40000,Diesel,Automatic,Second,17.85,2967,300.0,4.0,45.0,Porsche,Panamera
5828,Mumbai,2015,33500,Petrol,Automatic,First,19.16,2494,158.2,5.0,19.75,Toyota,Camry
5829,Delhi,2013,33746,Petrol,Manual,First,18.5,1198,86.8,5.0,3.2,Honda,Brio
5830,Coimbatore,2011,45004,Diesel,Manual,First,12.8,2494,102.0,7.0,9.48,Toyota,Innova
5831,Coimbatore,2015,70602,Diesel,Manual,First,25.8,1498,98.6,5.0,4.83,Honda,Amaze
5832,Delhi,2014,27365,Diesel,Manual,First,28.4,1248,74.0,5.0,4.75,Maruti,Swift
5833,Jaipur,2015,100000,Diesel,Manual,First,24.4,1120,71.0,5.0,4.0,Hyundai,Xcent
5834,Jaipur,2012,55000,Diesel,Manual,Second,14.0,2498,112.0,8.0,2.9,Mahindra,Xylo
5835,Kolkata,2013,46000,Petrol,Manual,First,18.9,998,67.1,5.0,2.65,Maruti,Wagon
5836,Hyderabad,2011,47000,Diesel,Manual,First,25.44,936,57.6,5.0,2.5,Chevrolet,Beat
